Gene1,Gene2,Ka,Ks,Ka/Ks,Species,Organism_Name
LOC108900068,LOC108879499,0.0023879520540474,0.0036959892841507,0.6460927969373461,GCF_001640805.2,尖吻鲈 (Lates calcarifer)
apobb.1,LOC108895952,0.0729454964434743,0.1954990403063658,0.3731245755946513,GCF_001640805.2,尖吻鲈 (Lates calcarifer)
LOC108883302,LOC108896076,0.0636928319487013,0.0486913022381864,1.308094649782233,GCF_001640805.2,尖吻鲈 (Lates calcarifer)
LOC108883302,LOC108892946,0.0602216669582938,0.0437836305787683,1.375437947064552,GCF_001640805.2,尖吻鲈 (Lates calcarifer)
LOC108883302,LOC108883390,0.0626686795594412,0.0616119079067866,1.0171520683023392,GCF_001640805.2,尖吻鲈 (Lates calcarifer)
LOC108880234,LOC108888433,0.003735588790339,0.0079156407590176,0.4719250031759526,GCF_001640805.2,尖吻鲈 (Lates calcarifer)
LOC108879369,LOC108873155,0.0414265597186422,0.0530035576961123,0.7815807375828421,GCF_001640805.2,尖吻鲈 (Lates calcarifer)
col6a4a,LOC108881847,0.2567720757692002,0.5605213416516459,0.4580950923520401,GCF_001640805.2,尖吻鲈 (Lates calcarifer)
LOC108892299,LOC108872552,0.1223506337600094,0.2490133878427354,0.4913415893818531,GCF_001640805.2,尖吻鲈 (Lates calcarifer)
LOC108892299,LOC127142704,0.0991887686445407,0.2338682833300333,0.4241223616652892,GCF_001640805.2,尖吻鲈 (Lates calcarifer)
LOC127140948,LOC108874699,0.0199958524523196,0.0459598872953684,0.4350718339192873,GCF_001640805.2,尖吻鲈 (Lates calcarifer)
LOC108892104,LOC108892199,0.0019030511875677,0.0053657892976172,0.3546637935285323,GCF_001640805.2,尖吻鲈 (Lates calcarifer)
LOC108881847,LOC108881842,0.0804429235953923,0.139091153122841,0.5783468020021921,GCF_001640805.2,尖吻鲈 (Lates calcarifer)
rif1,LOC108888102,0.0056284482401913,0.0115144690395732,0.4888152654583872,GCF_001640805.2,尖吻鲈 (Lates calcarifer)
LOC108900605,LOC108890022,0.1394204465556665,0.193642373130303,0.7199893509973134,GCF_001640805.2,尖吻鲈 (Lates calcarifer)
LOC108900605,LOC108873060,0.2281160069381094,0.4791288270616005,0.4761057862811103,GCF_001640805.2,尖吻鲈 (Lates calcarifer)
LOC108900605,LOC108898592,0.2439580380018349,0.6399800279469268,0.3811963301174552,GCF_001640805.2,尖吻鲈 (Lates calcarifer)
LOC108891710,LOC108891777,0.0910046860914942,0.1791493366179671,0.5079822666916162,GCF_001640805.2,尖吻鲈 (Lates calcarifer)
LOC108883390,LOC108896076,0.0578038067725484,0.0462100076788716,1.2508936846374454,GCF_001640805.2,尖吻鲈 (Lates calcarifer)
LOC108883390,LOC108892946,0.0584131360204813,0.0472771327563223,1.2355473484730255,GCF_001640805.2,尖吻鲈 (Lates calcarifer)
LOC108883390,LOC108892635,0.1614920486742717,0.1400773153278879,1.1528779538375429,GCF_001640805.2,尖吻鲈 (Lates calcarifer)
LOC108874983,LOC108875257,0.0722972311828408,0.0979716249041237,0.7379405134251047,GCF_001640805.2,尖吻鲈 (Lates calcarifer)
LOC108901017,LOC108879901,0.0008273960848337,0.0019943505186958,0.41486994240851,GCF_001640805.2,尖吻鲈 (Lates calcarifer)
LOC108891198,LOC108892635,0.0606274546049127,0.037078031321841,1.635131436150436,GCF_001640805.2,尖吻鲈 (Lates calcarifer)
LOC108891198,LOC108873842,0.0320996069891677,0.0210421041422301,1.5254941602891303,GCF_001640805.2,尖吻鲈 (Lates calcarifer)
LOC108891198,LOC108890123,0.099479142414246,0.0729005503860902,1.3645869871680292,GCF_001640805.2,尖吻鲈 (Lates calcarifer)
LOC108891198,LOC108891814,0.0373968464070042,0.0276921765186969,1.3504480726444512,GCF_001640805.2,尖吻鲈 (Lates calcarifer)
LOC108882365,LOC108891781,0.0339544115366397,0.0544209640896468,0.6239215365737949,GCF_001640805.2,尖吻鲈 (Lates calcarifer)
LOC127139170,LOC127139171,0.0763691430278057,0.2869282810113867,0.2661610865217396,GCF_001640805.2,尖吻鲈 (Lates calcarifer)
LOC127139170,LOC108873445,0.0893129193803873,0.2729913266857792,0.3271639449673396,GCF_001640805.2,尖吻鲈 (Lates calcarifer)
LOC127139171,LOC108873445,0.1052371729964177,0.3086164780835703,0.3409966105825383,GCF_001640805.2,尖吻鲈 (Lates calcarifer)
LOC108890123,LOC108892635,0.0889317574892937,0.0423105669600685,2.101880543771133,GCF_001640805.2,尖吻鲈 (Lates calcarifer)
LOC108890123,LOC108875104,0.305048233642843,0.3459531144581789,0.8817617789641817,GCF_001640805.2,尖吻鲈 (Lates calcarifer)
LOC108890123,LOC108875004,0.3190362577800448,0.3823026690230912,0.8345122428658089,GCF_001640805.2,尖吻鲈 (Lates calcarifer)
tanc2a,LOC108874258,0.0054139907662018,0.0073113883986694,0.7404873699757304,GCF_001640805.2,尖吻鲈 (Lates calcarifer)
nid2a,LOC108887610,0.0041055091320209,0.0206021537614549,0.1992757252254871,GCF_001640805.2,尖吻鲈 (Lates calcarifer)
LOC108874635,LOC108884480,0.0103403460803821,0.1689985482130169,0.0611860053812328,GCF_001640805.2,尖吻鲈 (Lates calcarifer)
LOC108874635,LOC108874636,0.0149745667357894,0.2059866152570088,0.0726967949694484,GCF_001640805.2,尖吻鲈 (Lates calcarifer)
LOC108874635,LOC108884482,0.0456802048101743,0.6650733969766447,0.0686844565093594,GCF_001640805.2,尖吻鲈 (Lates calcarifer)
LOC108874636,LOC108884480,0.0050056408380652,0.0459001729684027,0.1090549449892284,GCF_001640805.2,尖吻鲈 (Lates calcarifer)
LOC108874636,LOC108884482,0.0462842901294743,0.6609031316580969,0.0700318819996429,GCF_001640805.2,尖吻鲈 (Lates calcarifer)
LOC108884480,LOC108884482,0.0475618303299487,0.6841167350447614,0.0695229745064441,GCF_001640805.2,尖吻鲈 (Lates calcarifer)
LOC108902630,LOC108902633,0.0148786409996806,0.0854304700747258,0.174160823259738,GCF_001640805.2,尖吻鲈 (Lates calcarifer)
LOC108889365,LOC108889366,0.0339677894197001,0.3429709262574009,0.0990398509586995,GCF_001640805.2,尖吻鲈 (Lates calcarifer)
LOC108889365,LOC108889364,0.0372422197292612,0.3185613725833557,0.1169075190354925,GCF_001640805.2,尖吻鲈 (Lates calcarifer)
LOC108889364,LOC108889366,0.0258258220240085,0.2669859438091601,0.0967310175792201,GCF_001640805.2,尖吻鲈 (Lates calcarifer)
LOC108901853,LOC108901852,0.0015237271240171,0.0346052941821861,0.0440316188614138,GCF_001640805.2,尖吻鲈 (Lates calcarifer)
kif26aa,LOC108890101,0.0010244153889062,0.002173520811187,0.4713161169810785,GCF_001640805.2,尖吻鲈 (Lates calcarifer)
LOC108896737,LOC108872478,0.0053667491965591,0.0037603488149172,1.4271945132508217,GCF_001640805.2,尖吻鲈 (Lates calcarifer)
LOC108892946,LOC108896076,0.0338368617486512,0.015505156610048,2.1822973220872437,GCF_001640805.2,尖吻鲈 (Lates calcarifer)
LOC108892946,LOC108892635,0.4224215586688556,0.4275957458618916,0.98789934829074,GCF_001640805.2,尖吻鲈 (Lates calcarifer)
LOC108896076,LOC108892635,0.4009125304708196,0.3904937690617417,1.0266809927188123,GCF_001640805.2,尖吻鲈 (Lates calcarifer)
LOC108880791,LOC108880792,0.0672561637884428,0.1294800504273215,0.5194326351162054,GCF_001640805.2,尖吻鲈 (Lates calcarifer)
LOC108901134,LOC108889328,0.037649058369267,0.0571359412605375,0.65893827140414,GCF_001640805.2,尖吻鲈 (Lates calcarifer)
si_dkey-85k7.12,LOC108902157,0.0717885024455452,0.1597027644035849,0.4495132110808583,GCF_001640805.2,尖吻鲈 (Lates calcarifer)
ubr2,LOC108891572,0.0306068835248443,0.0497970469299803,0.6146325015593935,GCF_001640805.2,尖吻鲈 (Lates calcarifer)
kidins220b,LOC108891750,0.0016955054608121,0.0079454325475219,0.2133937266059831,GCF_001640805.2,尖吻鲈 (Lates calcarifer)
LOC108892635,LOC108875104,0.3114074648180857,0.3545281893573486,0.8783715207035366,GCF_001640805.2,尖吻鲈 (Lates calcarifer)
cfap65,LOC108888055,0.0413041486199836,0.04381824903227,0.942624352460208,GCF_001640805.2,尖吻鲈 (Lates calcarifer)
LOC108900901,LOC108900956,0.0314129836156727,0.0737219735056919,0.4261006877854055,GCF_001640805.2,尖吻鲈 (Lates calcarifer)
LOC108900901,LOC108900955,0.0316887050610238,0.0837381873424482,0.3784259734621741,GCF_001640805.2,尖吻鲈 (Lates calcarifer)
LOC108900901,LOC108879737,0.0337388219376067,0.0836643644293105,0.4032639483697176,GCF_001640805.2,尖吻鲈 (Lates calcarifer)
LOC108900901,LOC108879738,0.0342445352549402,0.0874518907153638,0.3915814166488229,GCF_001640805.2,尖吻鲈 (Lates calcarifer)
cc2d2a,LOC108879188,0.0178927777550448,0.0299566883183208,0.5972882437776684,GCF_001640805.2,尖吻鲈 (Lates calcarifer)
LOC108891732,scn4ab,0.2363107849799237,0.5489083633062286,0.4305104472385112,GCF_001640805.2,尖吻鲈 (Lates calcarifer)
LOC108891061,LOC108874707,0.0017287337481703,0.0014580806536517,1.185622855526425,GCF_001640805.2,尖吻鲈 (Lates calcarifer)
LOC108899912,LOC108892635,0.1148352844732196,0.1072900320279769,1.0703257544305254,GCF_001640805.2,尖吻鲈 (Lates calcarifer)
LOC108899912,LOC108875104,0.3720589494416053,0.4061022297274189,0.9161706639516264,GCF_001640805.2,尖吻鲈 (Lates calcarifer)
LOC108899912,LOC108875004,0.3808900624453462,0.4440145016137873,0.8578324830855456,GCF_001640805.2,尖吻鲈 (Lates calcarifer)
LOC108899912,LOC108874812,0.094584816719527,0.1316813507963249,0.7182855897781903,GCF_001640805.2,尖吻鲈 (Lates calcarifer)
LOC108885434,LOC108885437,0.1396455549953308,0.3243284485882196,0.4305683192553682,GCF_001640805.2,尖吻鲈 (Lates calcarifer)
LOC108885434,LOC108885436,0.2089411216012334,0.4791861268061209,0.4360333279969333,GCF_001640805.2,尖吻鲈 (Lates calcarifer)
LOC108885434,LOC108885851,0.2152727502621333,0.48877328114605,0.4404347753162224,GCF_001640805.2,尖吻鲈 (Lates calcarifer)
LOC108885436,LOC108885851,0.0006266646142435,0.0053657892976173,0.1167888971193416,GCF_001640805.2,尖吻鲈 (Lates calcarifer)
LOC108885436,LOC108885437,0.1678535564925607,0.3902365900471328,0.4301327983423783,GCF_001640805.2,尖吻鲈 (Lates calcarifer)
LOC108885437,LOC108885851,0.194939373098796,0.4586786774441671,0.4250020388674491,GCF_001640805.2,尖吻鲈 (Lates calcarifer)
LOC108900563,LOC108885746,0.0069412804579213,0.0204441959794759,0.3395232791198903,GCF_001640805.2,尖吻鲈 (Lates calcarifer)
LOC108884290,LOC108875004,0.171003180186687,0.2701258019853809,0.6330501526690205,GCF_001640805.2,尖吻鲈 (Lates calcarifer)
LOC108884290,LOC108875104,0.1627157889051631,0.2559599536419846,0.6357079949028133,GCF_001640805.2,尖吻鲈 (Lates calcarifer)
LOC108884290,LOC108894779,0.2069959141418607,0.330759191034858,0.6258205962296172,GCF_001640805.2,尖吻鲈 (Lates calcarifer)
LOC108884290,LOC108890122,0.174007134452689,0.3142528323307194,0.5537169964774226,GCF_001640805.2,尖吻鲈 (Lates calcarifer)
LOC108873842,LOC108891814,0.0526995989374866,0.0338489905200993,1.5569031196423402,GCF_001640805.2,尖吻鲈 (Lates calcarifer)
LOC108873842,LOC108892635,0.05925193707359,0.0359690377061435,1.6473039272738108,GCF_001640805.2,尖吻鲈 (Lates calcarifer)
LOC108873842,LOC108894666,0.1710245306703544,0.1391046879498558,1.2294663335286364,GCF_001640805.2,尖吻鲈 (Lates calcarifer)
LOC108890122,LOC108875104,0.1373262510765155,0.1935134425613734,0.7096470883823074,GCF_001640805.2,尖吻鲈 (Lates calcarifer)
LOC108890122,LOC108875004,0.1475194274082804,0.2005685972729645,0.7355061032187076,GCF_001640805.2,尖吻鲈 (Lates calcarifer)
LOC108890122,LOC108894779,0.1570230392361665,0.2198266049408381,0.7143040728779216,GCF_001640805.2,尖吻鲈 (Lates calcarifer)
LOC108890122,LOC108881139,0.1483275305861365,0.2464602375065163,0.6018314844081689,GCF_001640805.2,尖吻鲈 (Lates calcarifer)
LOC108888236,LOC108875104,0.3086507366174608,0.3372929687099367,0.915082036242779,GCF_001640805.2,尖吻鲈 (Lates calcarifer)
LOC108888236,LOC108875004,0.329335843275362,0.3579541949246591,0.920050240910515,GCF_001640805.2,尖吻鲈 (Lates calcarifer)
LOC108888236,LOC108892635,0.0869052104604091,0.0461493475788905,1.8831297736516863,GCF_001640805.2,尖吻鲈 (Lates calcarifer)
LOC108888236,LOC108890123,0.082832888632309,0.0635914221901946,1.30257958981583,GCF_001640805.2,尖吻鲈 (Lates calcarifer)
LOC108881141,LOC108881139,0.0937429471720911,0.1251944712486833,0.748778650024268,GCF_001640805.2,尖吻鲈 (Lates calcarifer)
LOC108881141,LOC108881140,0.0866618114256438,0.1096189075829296,0.7905735729037611,GCF_001640805.2,尖吻鲈 (Lates calcarifer)
LOC108881141,LOC108875104,0.1508015375498359,0.2131605681907039,0.7074551303265505,GCF_001640805.2,尖吻鲈 (Lates calcarifer)
LOC108881141,LOC108875004,0.1586161734743472,0.2143158937064108,0.7401045752193905,GCF_001640805.2,尖吻鲈 (Lates calcarifer)
zmym4.1,LOC108881935,0.270289112219341,0.7457965824000564,0.3624166677588151,GCF_001640805.2,尖吻鲈 (Lates calcarifer)
LOC127142626,LOC108882227,0.070982768462384,0.0900867330262894,0.7879380911911805,GCF_001640805.2,尖吻鲈 (Lates calcarifer)
LOC127142626,LOC108891748,0.0667226728445543,0.0829157916251537,0.8047040441487269,GCF_001640805.2,尖吻鲈 (Lates calcarifer)
LOC127142626,LOC108880206,0.1049384445146066,0.1532555962784035,0.6847283039764229,GCF_001640805.2,尖吻鲈 (Lates calcarifer)
LOC127142626,LOC127142277,0.0983193926728272,0.1230991381050522,0.7987009022672598,GCF_001640805.2,尖吻鲈 (Lates calcarifer)
LOC108900242,LOC108885048,0.1014647596494143,0.1019612826376403,0.995130279108095,GCF_001640805.2,尖吻鲈 (Lates calcarifer)
LOC108876758,LOC108879502,0.0194689107358128,0.0281818765199776,0.690830886368112,GCF_001640805.2,尖吻鲈 (Lates calcarifer)
LOC108894832,LOC108879623,0.0008158086373632,0.0052337965360966,0.1558732044199161,GCF_001640805.2,尖吻鲈 (Lates calcarifer)
LOC108876362,LOC108883317,0.0005449839015401,0.005305061906795,0.1027290371187086,GCF_001640805.2,尖吻鲈 (Lates calcarifer)
plxnc1,LOC108880412,0.0272335068842241,0.036622631729544,0.7436250645595869,GCF_001640805.2,尖吻鲈 (Lates calcarifer)
plxnc1,LOC108892811,0.0426800373609215,0.053681862441068,0.7950550785710108,GCF_001640805.2,尖吻鲈 (Lates calcarifer)
LOC108901317,LOC108895240,0.0143362650266931,0.0117599612462011,1.2190741726571748,GCF_001640805.2,尖吻鲈 (Lates calcarifer)
LOC108893361,LOC108875749,0.0583952413292042,0.0796219893424641,0.7334059574678419,GCF_001640805.2,尖吻鲈 (Lates calcarifer)
LOC108898592,LOC108891748,0.2041975774732519,0.5098301088030185,0.4005208283062527,GCF_001640805.2,尖吻鲈 (Lates calcarifer)
LOC108898592,LOC108880547,0.2088611049933138,0.595033558033063,0.3510072703860989,GCF_001640805.2,尖吻鲈 (Lates calcarifer)
LOC108898592,LOC108874700,0.2423604648496801,0.5637407285680316,0.4299147685591291,GCF_001640805.2,尖吻鲈 (Lates calcarifer)
LOC108898592,LOC108891314,0.2138941954724282,0.5549344507434532,0.3854404699255404,GCF_001640805.2,尖吻鲈 (Lates calcarifer)
phldb2b,LOC108879191,0.0005011694139043,0.0086108867804671,0.0582018352675623,GCF_001640805.2,尖吻鲈 (Lates calcarifer)
LOC108874667,LOC127140206,0.1439197524946349,0.1049569830442355,1.3712260806313203,GCF_001640805.2,尖吻鲈 (Lates calcarifer)
LOC108874667,LOC108890527,0.3273176203185902,0.4125597706189746,0.7933823014965969,GCF_001640805.2,尖吻鲈 (Lates calcarifer)
LOC108881139,LOC108875004,0.1254575068578926,0.1853497248436909,0.6768691292295871,GCF_001640805.2,尖吻鲈 (Lates calcarifer)
LOC108881139,LOC108881140,0.0778691837517848,0.118093272498635,0.6593871276848976,GCF_001640805.2,尖吻鲈 (Lates calcarifer)
LOC108881139,LOC108875104,0.117087262362233,0.176011066152111,0.6652267094447611,GCF_001640805.2,尖吻鲈 (Lates calcarifer)
LOC108875004,LOC108875104,0.0403805804746565,0.0637378022708275,0.6335420901881101,GCF_001640805.2,尖吻鲈 (Lates calcarifer)
LOC108875004,LOC108894779,0.155156383678682,0.2092582993604814,0.7414586860012659,GCF_001640805.2,尖吻鲈 (Lates calcarifer)
LOC108883554,LOC108890999,0.2597765962722272,0.3880756304243449,0.6693968286237713,GCF_001640805.2,尖吻鲈 (Lates calcarifer)
LOC108890345,LOC108873258,0.0149777408157826,0.019087856590105,0.7846737922133683,GCF_001640805.2,尖吻鲈 (Lates calcarifer)
LOC108894779,LOC108875104,0.1441204347021068,0.2039822402586453,0.7065342282708782,GCF_001640805.2,尖吻鲈 (Lates calcarifer)
LOC108883265,LOC108883266,0.2145071418824135,0.4158412759116586,0.5158389854690218,GCF_001640805.2,尖吻鲈 (Lates calcarifer)
LOC108883265,mrc1b,0.250784044303474,0.6885272503956593,0.3642325618330459,GCF_001640805.2,尖吻鲈 (Lates calcarifer)
LOC108894559,LOC108894560,0.0082953838972739,0.0053238910332578,1.5581430659368083,GCF_001640805.2,尖吻鲈 (Lates calcarifer)
LOC108894559,LOC108888165,0.0336945185529386,0.0837458749233436,0.4023424268213902,GCF_001640805.2,尖吻鲈 (Lates calcarifer)
LOC108894559,LOC108892933,0.006759675041553,0.0041591677364434,1.6252470373636356,GCF_001640805.2,尖吻鲈 (Lates calcarifer)
LOC108883266,mrc1b,0.245696000187048,0.690222594138776,0.355966324883373,GCF_001640805.2,尖吻鲈 (Lates calcarifer)
LOC108894560,LOC108888165,0.0354511977613102,0.0832558179298582,0.4258104555669285,GCF_001640805.2,尖吻鲈 (Lates calcarifer)
LOC108884011,LOC108874425,0.0376795702169,0.0638972402846515,0.5896901031882414,GCF_001640805.2,尖吻鲈 (Lates calcarifer)
LOC108873060,LOC108882227,0.15874020604644,0.3703390393561665,0.428634816146873,GCF_001640805.2,尖吻鲈 (Lates calcarifer)
LOC108873060,LOC127142626,0.1890609100737175,0.3839717433684952,0.4923823519281131,GCF_001640805.2,尖吻鲈 (Lates calcarifer)
LOC108873060,LOC127142277,0.1703921402166124,0.3241716937015534,0.5256231297402632,GCF_001640805.2,尖吻鲈 (Lates calcarifer)
LOC108873060,LOC108897755,0.1666152466817687,0.3268303948348978,0.5097911617612442,GCF_001640805.2,尖吻鲈 (Lates calcarifer)
LOC108888165,LOC108892933,0.0373742803109068,0.0937033859680631,0.3988573083543115,GCF_001640805.2,尖吻鲈 (Lates calcarifer)
LOC108897687,LOC108896076,0.161088855412125,0.2572135671647035,0.6262844420993304,GCF_001640805.2,尖吻鲈 (Lates calcarifer)
LOC108897687,LOC108875104,0.1724049095482154,0.3044503661238831,0.566282483884623,GCF_001640805.2,尖吻鲈 (Lates calcarifer)
LOC108897687,LOC108875004,0.1718120575739446,0.3395924240886105,0.5059360733239247,GCF_001640805.2,尖吻鲈 (Lates calcarifer)
LOC108897687,LOC108888236,0.1329242637657483,0.2434580877636636,0.5459841773454832,GCF_001640805.2,尖吻鲈 (Lates calcarifer)
LOC108891314,LOC108897755,0.0230294726682981,0.0164853719635547,1.3969640915116084,GCF_001640805.2,尖吻鲈 (Lates calcarifer)
LOC108891314,LOC127139650,0.0214142198993353,0.0264952380008534,0.8082290069878052,GCF_001640805.2,尖吻鲈 (Lates calcarifer)
LOC108891314,LOC127142277,0.0221521386160448,0.022503872897684,0.9843700556238262,GCF_001640805.2,尖吻鲈 (Lates calcarifer)
LOC108891314,LOC108892340,0.0311314182057896,0.0333432077519729,0.9336659639157706,GCF_001640805.2,尖吻鲈 (Lates calcarifer)
LOC108892165,LOC108892166,0.1405623763082517,0.2129353447887792,0.6601176354619862,GCF_001640805.2,尖吻鲈 (Lates calcarifer)
LOC108875721,LOC108885879,0.0003857280702188,0.0062539449301942,0.0616775610473498,GCF_001640805.2,尖吻鲈 (Lates calcarifer)
LOC108891814,LOC108892635,0.05441800787901,0.0375325181746493,1.4498896030846569,GCF_001640805.2,尖吻鲈 (Lates calcarifer)
LOC108891814,LOC108875104,0.2206948820071991,0.2411860133932302,0.9150401339706946,GCF_001640805.2,尖吻鲈 (Lates calcarifer)
LOC108896399,LOC108881935,0.0036141926728455,0.0099476451400625,0.3633214315506661,GCF_001640805.2,尖吻鲈 (Lates calcarifer)
LOC108881140,LOC108875104,0.1220205929960042,0.165366550179073,0.7378795340645973,GCF_001640805.2,尖吻鲈 (Lates calcarifer)
LOC108881140,LOC108875004,0.1263058293722273,0.1766482923084203,0.7150130223263226,GCF_001640805.2,尖吻鲈 (Lates calcarifer)
LOC108879503,LOC108883062,0.1413149283008869,0.195053082131398,0.7244947209072541,GCF_001640805.2,尖吻鲈 (Lates calcarifer)
LOC108879503,LOC108881139,0.1552558479540665,0.2098139090514027,0.7399692835236683,GCF_001640805.2,尖吻鲈 (Lates calcarifer)
LOC108879503,LOC108881140,0.1571915905162332,0.1892447385534507,0.8306259487992881,GCF_001640805.2,尖吻鲈 (Lates calcarifer)
LOC108879503,LOC108875004,0.2067916708336312,0.2874778300101512,0.719330846578079,GCF_001640805.2,尖吻鲈 (Lates calcarifer)
LOC108890994,LOC108874025,0.0006242847098562,0.0140342346106419,0.0444829894309196,GCF_001640805.2,尖吻鲈 (Lates calcarifer)
LOC108894666,LOC108875004,0.2846507566305236,0.3352622574682122,0.849039074007645,GCF_001640805.2,尖吻鲈 (Lates calcarifer)
LOC108894666,LOC108890123,0.1418192005681935,0.1331968526354432,1.064733871425246,GCF_001640805.2,尖吻鲈 (Lates calcarifer)
LOC108894666,LOC108875104,0.272627920952174,0.3083414352446881,0.8841754295390976,GCF_001640805.2,尖吻鲈 (Lates calcarifer)
LOC108894666,LOC108892635,0.1639738356379119,0.1365783188270471,1.200584668534077,GCF_001640805.2,尖吻鲈 (Lates calcarifer)
LOC108893479,LOC108875725,0.0918113460731144,0.3761554399226018,0.2440782089766019,GCF_001640805.2,尖吻鲈 (Lates calcarifer)
LOC108893479,LOC108885377,0.1137219844670652,0.3891834991155831,0.2922065933563413,GCF_001640805.2,尖吻鲈 (Lates calcarifer)
LOC108892319,LOC108892340,0.0364075521822731,0.0333322062171347,1.0922634987046724,GCF_001640805.2,尖吻鲈 (Lates calcarifer)
LOC108892319,LOC108897755,0.0354576995138437,0.0232203125803503,1.5270121533096404,GCF_001640805.2,尖吻鲈 (Lates calcarifer)
LOC108892319,LOC108896039,0.0373109887053454,0.0349313741895011,1.0681225566144326,GCF_001640805.2,尖吻鲈 (Lates calcarifer)
LOC108892319,LOC127142277,0.0334152873330577,0.0183055502303171,1.825418351955151,GCF_001640805.2,尖吻鲈 (Lates calcarifer)
LOC108892303,LOC108892254,0.0021577204710585,0.0102851408271451,0.2097900755392444,GCF_001640805.2,尖吻鲈 (Lates calcarifer)
LOC108890821,LOC127143274,0.1560735723474845,0.1659648431003521,0.9404014093100022,GCF_001640805.2,尖吻鲈 (Lates calcarifer)
LOC108890821,LOC108890999,0.2701979227587943,0.3488716790412243,0.7744908486161939,GCF_001640805.2,尖吻鲈 (Lates calcarifer)
LOC108890821,LOC108890823,0.0918617152086131,0.0892005947569179,1.0298329900035652,GCF_001640805.2,尖吻鲈 (Lates calcarifer)
LOC108890821,LOC108880656,0.1392422275744237,0.1339638542045988,1.039401474384004,GCF_001640805.2,尖吻鲈 (Lates calcarifer)
hectd1,LOC127138955,0.0034037412234383,0.0043988395892986,0.7737816199797165,GCF_001640805.2,尖吻鲈 (Lates calcarifer)
LOC108892802,LOC108894666,0.0679686261373905,0.0381165901089995,1.7831769825953745,GCF_001640805.2,尖吻鲈 (Lates calcarifer)
LOC108892802,LOC108888236,0.0653154004679198,0.0565357554540063,1.1552936711185553,GCF_001640805.2,尖吻鲈 (Lates calcarifer)
LOC108892802,LOC108883390,0.1057741086673007,0.1065342383375265,0.992864926036102,GCF_001640805.2,尖吻鲈 (Lates calcarifer)
LOC108892802,LOC108875104,0.1874540777457048,0.2023277563607993,0.9264872062903172,GCF_001640805.2,尖吻鲈 (Lates calcarifer)
LOC108885817,LOC108885802,0.1971210057857406,0.448709226862836,0.439306780392991,GCF_001640805.2,尖吻鲈 (Lates calcarifer)
LOC108881756,LOC108875004,0.131126323171589,0.2598560999786383,0.504611295183636,GCF_001640805.2,尖吻鲈 (Lates calcarifer)
LOC108881756,LOC108875104,0.1430214433026826,0.2601117973120885,0.5498460461256279,GCF_001640805.2,尖吻鲈 (Lates calcarifer)
LOC108881756,LOC108894779,0.1353685841845496,0.2691912794751112,0.5028713576773406,GCF_001640805.2,尖吻鲈 (Lates calcarifer)
LOC108881756,LOC108881139,0.156809071238569,0.33946105138167,0.4619353843403441,GCF_001640805.2,尖吻鲈 (Lates calcarifer)
LOC108885748,LOC108900125,0.0016310559356139,0.0058697227797215,0.2778761445513006,GCF_001640805.2,尖吻鲈 (Lates calcarifer)
LOC108883062,LOC108881140,0.1436979706503286,0.1736018468949165,0.8277444809519273,GCF_001640805.2,尖吻鲈 (Lates calcarifer)
LOC108883062,LOC108881139,0.1556363269386432,0.1987984335306709,0.7828850769824173,GCF_001640805.2,尖吻鲈 (Lates calcarifer)
LOC108883062,LOC108881141,0.1597663063941739,0.2108122625799803,0.757860593301872,GCF_001640805.2,尖吻鲈 (Lates calcarifer)
LOC108890256,LOC108884425,0.0084484604010784,0.0111862869147387,0.7552515383766008,GCF_001640805.2,尖吻鲈 (Lates calcarifer)
LOC108880193,LOC108884755,0.0025073884339813,0.005432091678328,0.4615880184763489,GCF_001640805.2,尖吻鲈 (Lates calcarifer)
LOC108884340,LOC108884341,0.0386278119913064,0.1549430345638483,0.2493033139569036,GCF_001640805.2,尖吻鲈 (Lates calcarifer)
LOC108884340,LOC108876646,0.1450070969243378,0.7353198492886773,0.1972027507004097,GCF_001640805.2,尖吻鲈 (Lates calcarifer)
LOC108884341,LOC108876646,0.1385682086938773,0.6929983366427279,0.1999546050358207,GCF_001640805.2,尖吻鲈 (Lates calcarifer)
LOC108900591,LOC108884755,0.2038976728146033,0.74740633604839,0.2728069899602807,GCF_001640805.2,尖吻鲈 (Lates calcarifer)
LOC108879934,LOC108877486,0.0006660376748977,0.0043470507496401,0.1532159878632468,GCF_001640805.2,尖吻鲈 (Lates calcarifer)
vps8,LOC108888811,0.0625020130198556,0.0782845559134584,0.7983951916256631,GCF_001640805.2,尖吻鲈 (Lates calcarifer)
LOC108882269,LOC108882286,0.1412267543921223,0.2662421900234272,0.5304446841415158,GCF_001640805.2,尖吻鲈 (Lates calcarifer)
LOC108882269,LOC108882285,0.1405122554534839,0.2675232881512691,0.5252337335732518,GCF_001640805.2,尖吻鲈 (Lates calcarifer)
LOC108882269,LOC108898537,0.2469432955961318,0.6388788640714611,0.3865260059198175,GCF_001640805.2,尖吻鲈 (Lates calcarifer)
LOC108882269,LOC108898593,0.2466391133539781,0.627578585550158,0.3930011619784085,GCF_001640805.2,尖吻鲈 (Lates calcarifer)
LOC108885126,LOC108879687,0.0099507972113388,0.0221994830688491,0.4482445460769316,GCF_001640805.2,尖吻鲈 (Lates calcarifer)
LOC108875725,LOC108885377,0.0732118189126564,0.2465950955206586,0.2968908151156766,GCF_001640805.2,尖吻鲈 (Lates calcarifer)
LOC108872819,LOC108897160,0.1138295245440844,0.5855760958660624,0.1943889536264821,GCF_001640805.2,尖吻鲈 (Lates calcarifer)
LOC108872819,LOC108900665,0.1040954764324882,0.5372120733383028,0.1937698007895206,GCF_001640805.2,尖吻鲈 (Lates calcarifer)
LOC108891270,LOC108874139,0.015198994335626,0.0366251194983174,0.4149882524294364,GCF_001640805.2,尖吻鲈 (Lates calcarifer)
tbc1d9,LOC108890474,0.0,0.0134274686193955,0.0,GCF_001640805.2,尖吻鲈 (Lates calcarifer)
LOC108886005,hmgxb3,0.0006794248001729,0.0056264329888459,0.1207558681530364,GCF_001640805.2,尖吻鲈 (Lates calcarifer)
LOC108881595,LOC108881659,0.1337237691342788,0.1764238686403161,0.757968693039534,GCF_001640805.2,尖吻鲈 (Lates calcarifer)
LOC108881595,LOC108875082,0.1609726821049717,0.2165753645296581,0.7432640478503174,GCF_001640805.2,尖吻鲈 (Lates calcarifer)
LOC108881595,LOC108875012,0.2013212230348287,0.3903149320335619,0.5157917530490937,GCF_001640805.2,尖吻鲈 (Lates calcarifer)
LOC108881595,LOC108875049,0.2520532596625863,0.6123390310504692,0.4116237033432089,GCF_001640805.2,尖吻鲈 (Lates calcarifer)
LOC108882333,LOC108882199,0.0172532340816804,0.0378015425255671,0.4564161388390748,GCF_001640805.2,尖吻鲈 (Lates calcarifer)
LOC108882444,LOC108892298,0.1061172244935933,0.3009479553235746,0.3526098869138279,GCF_001640805.2,尖吻鲈 (Lates calcarifer)
myo6b,LOC108889729,0.0023541036747713,0.0137217964708944,0.1715594368248128,GCF_001640805.2,尖吻鲈 (Lates calcarifer)
LOC108874700,LOC108877189,0.0584015381602452,0.059443800795495,0.9824664200252696,GCF_001640805.2,尖吻鲈 (Lates calcarifer)
LOC108874700,LOC108892648,0.0731987055333313,0.0718969995046673,1.01810515094694,GCF_001640805.2,尖吻鲈 (Lates calcarifer)
LOC108874700,LOC127139101,0.1026828585553095,0.1081437064547689,0.9495037845614857,GCF_001640805.2,尖吻鲈 (Lates calcarifer)
LOC108874700,LOC108873215,0.0882589801547431,0.1045044849681773,0.8445472955693606,GCF_001640805.2,尖吻鲈 (Lates calcarifer)
LOC108887004,LOC108886976,0.0034688645856521,0.0058506663563894,0.5929007696471773,GCF_001640805.2,尖吻鲈 (Lates calcarifer)
LOC108874603,LOC108892797,0.0325121182384027,0.0434403357452416,0.7484315597621511,GCF_001640805.2,尖吻鲈 (Lates calcarifer)
LOC108892340,LOC108897755,0.0222870219685601,0.01888530428358,1.1801251191879274,GCF_001640805.2,尖吻鲈 (Lates calcarifer)
LOC108892340,LOC127139650,0.0259687120650059,0.0231139740523128,1.1235070181454792,GCF_001640805.2,尖吻鲈 (Lates calcarifer)
LOC108892340,LOC127142277,0.0296713329574815,0.022415711689313,1.323684626601779,GCF_001640805.2,尖吻鲈 (Lates calcarifer)
LOC108892340,LOC108896039,0.034589523811271,0.0374580947391447,0.9234191982307122,GCF_001640805.2,尖吻鲈 (Lates calcarifer)
LOC108874512,LOC108891386,0.0055077700194073,0.0085925653435394,0.6409925091286612,GCF_001640805.2,尖吻鲈 (Lates calcarifer)
LOC108874512,LOC108889764,0.0100099282569878,0.022320308125814,0.4484672971611492,GCF_001640805.2,尖吻鲈 (Lates calcarifer)
LOC108874512,LOC108889762,0.01422602072659,0.0177635708899712,0.8008536580120611,GCF_001640805.2,尖吻鲈 (Lates calcarifer)
LOC108874512,LOC108891385,0.2957124666998654,0.3406741253880558,0.8680215040194924,GCF_001640805.2,尖吻鲈 (Lates calcarifer)
LOC108891537,LOC108896039,0.1026968757528457,0.1351192755885353,0.7600460800691224,GCF_001640805.2,尖吻鲈 (Lates calcarifer)
LOC108891537,LOC127142277,0.0998183414233165,0.1241788289882942,0.8038273692589416,GCF_001640805.2,尖吻鲈 (Lates calcarifer)
LOC108891537,LOC108892340,0.1156352614317635,0.1386663340192966,0.8339101357916618,GCF_001640805.2,尖吻鲈 (Lates calcarifer)
LOC108891537,LOC108882227,0.0947851181699815,0.1347921544461218,0.7031946225614215,GCF_001640805.2,尖吻鲈 (Lates calcarifer)
LOC108891386,LOC108889764,0.0079288299491577,0.0135555137966713,0.5849154866490383,GCF_001640805.2,尖吻鲈 (Lates calcarifer)
LOC108891386,LOC108889762,0.0135098752726316,0.0113662457437132,1.1885960920829113,GCF_001640805.2,尖吻鲈 (Lates calcarifer)
LOC108891386,LOC108891385,0.2963277289148613,0.3274969993283296,0.9048257832059716,GCF_001640805.2,尖吻鲈 (Lates calcarifer)
LOC108889764,LOC108889762,0.0181204108902831,0.0231571999863283,0.7824957637789174,GCF_001640805.2,尖吻鲈 (Lates calcarifer)
LOC108889764,LOC108889763,0.286968522042797,0.3619127854223737,0.7929217579530597,GCF_001640805.2,尖吻鲈 (Lates calcarifer)
LOC108874300,LOC108897755,0.1021757768008951,0.1975510873830939,0.5172119179620328,GCF_001640805.2,尖吻鲈 (Lates calcarifer)
LOC108874300,LOC108879328,0.1077622893617087,0.2170383265996049,0.4965127175925472,GCF_001640805.2,尖吻鲈 (Lates calcarifer)
LOC108874300,LOC127142277,0.099343941085035,0.1962930027636537,0.5061002668783355,GCF_001640805.2,尖吻鲈 (Lates calcarifer)
LOC108874300,LOC127139101,0.1125742920226113,0.1901212339825385,0.592118458651234,GCF_001640805.2,尖吻鲈 (Lates calcarifer)
LOC108874647,LOC108890805,0.0066878604861674,0.0167899560465785,0.3983250740867961,GCF_001640805.2,尖吻鲈 (Lates calcarifer)
LOC108901714,LOC108887070,0.0016968333029771,0.0017942592289648,0.9457013098135514,GCF_001640805.2,尖吻鲈 (Lates calcarifer)
LOC108880547,LOC108896039,0.0994610289952223,0.1654803158220676,0.6010444716709845,GCF_001640805.2,尖吻鲈 (Lates calcarifer)
LOC108880547,LOC127142135,0.1010114794127867,0.162811859045198,0.6204184388358653,GCF_001640805.2,尖吻鲈 (Lates calcarifer)
LOC108880547,LOC127142277,0.0972441567669191,0.1534977017066866,0.6335219074011906,GCF_001640805.2,尖吻鲈 (Lates calcarifer)
LOC108880547,LOC108897755,0.1034883182079176,0.1535807318346118,0.673836600279794,GCF_001640805.2,尖吻鲈 (Lates calcarifer)
LOC108884488,LOC108875004,0.1166897168076449,0.2363772419380068,0.4936588474039662,GCF_001640805.2,尖吻鲈 (Lates calcarifer)
LOC108884488,LOC108875104,0.1171762464087001,0.2481602248946916,0.4721798042310148,GCF_001640805.2,尖吻鲈 (Lates calcarifer)
LOC108884488,LOC108890122,0.1145987804549913,0.2398058540137917,0.4778814967894845,GCF_001640805.2,尖吻鲈 (Lates calcarifer)
LOC108884488,LOC108881139,0.1162638718102303,0.2215239353148296,0.5248366125538362,GCF_001640805.2,尖吻鲈 (Lates calcarifer)
LOC108898862,LOC108880539,0.004543680301306,0.0063429651018628,0.7163338010438649,GCF_001640805.2,尖吻鲈 (Lates calcarifer)
LOC108898862,LOC108880206,0.1166329355287189,0.2234659967576835,0.5219269921194789,GCF_001640805.2,尖吻鲈 (Lates calcarifer)
LOC108898862,LOC127142626,0.1613238295710871,0.2934869187114683,0.5496797958810803,GCF_001640805.2,尖吻鲈 (Lates calcarifer)
LOC108898862,LOC108882227,0.1280381492980457,0.268348431512516,0.4771339581765876,GCF_001640805.2,尖吻鲈 (Lates calcarifer)
LOC108880539,LOC108880206,0.1107088658614773,0.2156483894951649,0.5133767338613008,GCF_001640805.2,尖吻鲈 (Lates calcarifer)
LOC108880539,LOC127142626,0.1555965231400004,0.2854874542413285,0.545020528322311,GCF_001640805.2,尖吻鲈 (Lates calcarifer)
LOC108880539,LOC108882227,0.1220744863857098,0.2600862047100545,0.4693616353923851,GCF_001640805.2,尖吻鲈 (Lates calcarifer)
LOC108888361,LOC108889146,0.0085951590704249,0.0154904176844578,0.5548694196315181,GCF_001640805.2,尖吻鲈 (Lates calcarifer)
LOC108874507,LOC108888572,0.1712731254372857,0.203220679779864,0.8427937827135259,GCF_001640805.2,尖吻鲈 (Lates calcarifer)
LOC108889762,LOC108891385,0.2951584861721835,0.3006441957699486,0.9817534824388804,GCF_001640805.2,尖吻鲈 (Lates calcarifer)
LOC108894140,LOC108891748,0.0758487305822307,0.1802908303105939,0.4207020981131611,GCF_001640805.2,尖吻鲈 (Lates calcarifer)
LOC108894140,LOC127142626,0.1217606369672077,0.2062904124115785,0.5902389526677472,GCF_001640805.2,尖吻鲈 (Lates calcarifer)
LOC108894140,LOC127142277,0.1018476436138663,0.1942207285018366,0.5243912140557295,GCF_001640805.2,尖吻鲈 (Lates calcarifer)
LOC108894140,LOC108882227,0.093716661378822,0.2015762546361416,0.4649191520498624,GCF_001640805.2,尖吻鲈 (Lates calcarifer)
LOC108898593,LOC108898537,0.2262402276578783,0.6907020934143734,0.3275510959283425,GCF_001640805.2,尖吻鲈 (Lates calcarifer)
LOC108898593,LOC108882286,0.2316238923436762,0.5789596778680335,0.4000691260514207,GCF_001640805.2,尖吻鲈 (Lates calcarifer)
LOC108898593,LOC108882285,0.2335504556367824,0.616921007736841,0.3785743275197522,GCF_001640805.2,尖吻鲈 (Lates calcarifer)
LOC108884539,LOC108884542,0.1274615212802038,0.2175118468485017,0.5859980645972884,GCF_001640805.2,尖吻鲈 (Lates calcarifer)
LOC108881659,LOC108875082,0.1700709678354519,0.2374876612571299,0.7161254902052135,GCF_001640805.2,尖吻鲈 (Lates calcarifer)
LOC108881659,LOC108875012,0.2323105285005529,0.4022773978571289,0.5774883941728671,GCF_001640805.2,尖吻鲈 (Lates calcarifer)
LOC108881659,LOC108875049,0.2647162548613123,0.5367902869548381,0.4931465067354763,GCF_001640805.2,尖吻鲈 (Lates calcarifer)
LOC127143362,LOC108890523,0.0636070111966983,0.0646492365907981,0.9838787671895236,GCF_001640805.2,尖吻鲈 (Lates calcarifer)
LOC127143362,LOC108884643,0.0624339180613166,0.0674086136320867,0.9262008918040996,GCF_001640805.2,尖吻鲈 (Lates calcarifer)
LOC127143362,LOC108881849,0.2145140022039997,0.4336794294094831,0.4946372542873232,GCF_001640805.2,尖吻鲈 (Lates calcarifer)
LOC108875012,LOC108875082,0.191069414052689,0.3062656386401265,0.6238682697186371,GCF_001640805.2,尖吻鲈 (Lates calcarifer)
LOC108875012,LOC108875049,0.1877301536404556,0.4527214352758276,0.4146703447475997,GCF_001640805.2,尖吻鲈 (Lates calcarifer)
LOC108896193,LOC108879445,0.0172789879418217,0.0200146989468793,0.8633149060938479,GCF_001640805.2,尖吻鲈 (Lates calcarifer)
srebf1,LOC108894857,0.001868228640699,0.0090704053374349,0.2059696971852654,GCF_001640805.2,尖吻鲈 (Lates calcarifer)
LOC108890812,LOC108886124,0.1199542401193191,0.1219158870398836,0.9839098335074014,GCF_001640805.2,尖吻鲈 (Lates calcarifer)
LOC108890812,LOC108886130,0.0804590530421305,0.097165963512373,0.8280579961715183,GCF_001640805.2,尖吻鲈 (Lates calcarifer)
LOC108879328,LOC108896039,0.031247997366915,0.0388851442215387,0.8035973118393775,GCF_001640805.2,尖吻鲈 (Lates calcarifer)
LOC108879328,LOC127142277,0.0317730090875786,0.0335103496363152,0.948155105285626,GCF_001640805.2,尖吻鲈 (Lates calcarifer)
LOC108879328,LOC127139650,0.0311558991885055,0.0330013641046593,0.9440791322958308,GCF_001640805.2,尖吻鲈 (Lates calcarifer)
LOC108879328,LOC108897755,0.0309667233323326,0.0336513316729438,0.9202228201040362,GCF_001640805.2,尖吻鲈 (Lates calcarifer)
bag6l,LOC108879442,0.0057794248163294,0.0081727097326285,0.7071613951069071,GCF_001640805.2,尖吻鲈 (Lates calcarifer)
LOC108890523,LOC108884643,0.0018155419178009,0.0050697277957999,0.3581142796867864,GCF_001640805.2,尖吻鲈 (Lates calcarifer)
LOC108890523,LOC108881849,0.2068413911033608,0.4357368533238254,0.4746933602828472,GCF_001640805.2,尖吻鲈 (Lates calcarifer)
LOC108884643,LOC108881849,0.2043822936741159,0.4381576609087694,0.4664583365955828,GCF_001640805.2,尖吻鲈 (Lates calcarifer)
LOC108874329,LOC108892648,0.0334235366986754,0.0376551316457233,0.8876223568447277,GCF_001640805.2,尖吻鲈 (Lates calcarifer)
LOC108874329,LOC127139101,0.0450320066124182,0.0403943772545468,1.1148087846149275,GCF_001640805.2,尖吻鲈 (Lates calcarifer)
LOC108874329,LOC108873215,0.0358463663853042,0.0294328961770138,1.217901431436404,GCF_001640805.2,尖吻鲈 (Lates calcarifer)
LOC108874329,LOC127142277,0.0484596056164734,0.0447493281874804,1.082912472192844,GCF_001640805.2,尖吻鲈 (Lates calcarifer)
LOC108892648,LOC127139101,0.0440886150650481,0.036730295014861,1.2003338129249983,GCF_001640805.2,尖吻鲈 (Lates calcarifer)
LOC108892648,LOC108873215,0.032294809835482,0.0291749491341831,1.1069362858851906,GCF_001640805.2,尖吻鲈 (Lates calcarifer)
LOC108892648,LOC108877199,0.0472544965327986,0.0443031267465674,1.0666176408521748,GCF_001640805.2,尖吻鲈 (Lates calcarifer)
LOC108896039,LOC127142277,0.029173804277606,0.0288666652812599,1.0106399195526556,GCF_001640805.2,尖吻鲈 (Lates calcarifer)
LOC108896039,LOC127139650,0.0290017981968861,0.0267591801447703,1.0838074275812242,GCF_001640805.2,尖吻鲈 (Lates calcarifer)
LOC108896039,LOC108897755,0.0302436577423741,0.0344888349313674,0.8769115513051933,GCF_001640805.2,尖吻鲈 (Lates calcarifer)
LOC108891527,LOC108891581,0.030646005441453,0.0472147049130963,0.6490775595836136,GCF_001640805.2,尖吻鲈 (Lates calcarifer)
LOC108898537,LOC108882286,0.2240587126682015,0.5475038588727151,0.4092367734713833,GCF_001640805.2,尖吻鲈 (Lates calcarifer)
LOC108898537,LOC108882285,0.218172545822428,0.5971534070698319,0.3653542678304013,GCF_001640805.2,尖吻鲈 (Lates calcarifer)
LOC108897508,LOC108897755,0.0768756898286414,0.1239782272045333,0.6200741175449752,GCF_001640805.2,尖吻鲈 (Lates calcarifer)
LOC108897508,LOC127142277,0.0734788967472159,0.1230336817901024,0.5972258626915856,GCF_001640805.2,尖吻鲈 (Lates calcarifer)
LOC108897508,LOC127139101,0.0924530629981307,0.1351721293662973,0.6839654256506978,GCF_001640805.2,尖吻鲈 (Lates calcarifer)
LOC108897508,LOC108880203,0.095232162360425,0.1716076679813297,0.5549411834603217,GCF_001640805.2,尖吻鲈 (Lates calcarifer)
LOC108879372,LOC108873157,0.0147143342925288,0.0216443592269885,0.6798230494244173,GCF_001640805.2,尖吻鲈 (Lates calcarifer)
LOC108879372,LOC127142277,0.1468928585825503,0.2600793586538961,0.564800141552294,GCF_001640805.2,尖吻鲈 (Lates calcarifer)
LOC108879372,LOC108877199,0.1522788993180873,0.2751890437469011,0.5533610540764929,GCF_001640805.2,尖吻鲈 (Lates calcarifer)
LOC108879372,LOC108877189,0.1470535757313038,0.2558566675458796,0.5747498282605222,GCF_001640805.2,尖吻鲈 (Lates calcarifer)
LOC108879552,LOC108879553,0.2801667753270823,0.3937879610230044,0.7114660758019351,GCF_001640805.2,尖吻鲈 (Lates calcarifer)
LOC108885048,LOC127140501,0.1258428462911083,0.148080659242386,0.8498263509559495,GCF_001640805.2,尖吻鲈 (Lates calcarifer)
LOC108890411,LOC108884455,0.0318068864438203,0.0437441752146394,0.7271113534031338,GCF_001640805.2,尖吻鲈 (Lates calcarifer)
LOC127138967,LOC108882227,0.2419449000012083,0.4396231244236969,0.550346163701863,GCF_001640805.2,尖吻鲈 (Lates calcarifer)
LOC127138967,LOC127142626,0.2498479918996463,0.4375928010726359,0.5709600141666274,GCF_001640805.2,尖吻鲈 (Lates calcarifer)
LOC127138967,LOC108889442,0.2833349037334497,0.5708179988894884,0.4963664500500517,GCF_001640805.2,尖吻鲈 (Lates calcarifer)
LOC127138967,LOC127142277,0.2233758329368488,0.3948737556981261,0.5656892353910086,GCF_001640805.2,尖吻鲈 (Lates calcarifer)
LOC108873676,LOC108874481,0.0072102256661371,0.0188649643907741,0.3822019229287982,GCF_001640805.2,尖吻鲈 (Lates calcarifer)
LOC108873676,LOC108877199,0.0137207663258661,0.0304159948519971,0.4511036509780723,GCF_001640805.2,尖吻鲈 (Lates calcarifer)
LOC108873676,LOC127139101,0.0375086368905873,0.0391117521981729,0.9590119281932732,GCF_001640805.2,尖吻鲈 (Lates calcarifer)
LOC108873676,LOC108873215,0.0344836177850422,0.0406351625410161,0.8486152294883849,GCF_001640805.2,尖吻鲈 (Lates calcarifer)
LOC108873157,LOC127142277,0.1495714117418688,0.2742506014490985,0.5453822560517871,GCF_001640805.2,尖吻鲈 (Lates calcarifer)
LOC108873157,LOC108897755,0.1510562149573405,0.2713808342601533,0.5566207922131075,GCF_001640805.2,尖吻鲈 (Lates calcarifer)
LOC108873157,LOC108877189,0.1456628148318878,0.2679600368505213,0.5435990252275729,GCF_001640805.2,尖吻鲈 (Lates calcarifer)
LOC108892166,LOC108874694,0.1532505936718843,0.224372631858412,0.6830182112789561,GCF_001640805.2,尖吻鲈 (Lates calcarifer)
LOC108892166,LOC108892170,0.1337106398194685,0.2085003511244104,0.6412969527311947,GCF_001640805.2,尖吻鲈 (Lates calcarifer)
LOC108879337,LOC108896036,0.0026327363585585,0.008851525291226,0.2974330719213134,GCF_001640805.2,尖吻鲈 (Lates calcarifer)
LOC108879337,LOC127139101,0.0709571370731096,0.0651544001664098,1.0890613203694464,GCF_001640805.2,尖吻鲈 (Lates calcarifer)
LOC108879337,LOC108897755,0.0603218316543101,0.0834128477510943,0.7231719486944231,GCF_001640805.2,尖吻鲈 (Lates calcarifer)
LOC108879337,LOC108873215,0.0664651272832974,0.0909026939519875,0.731167849859352,GCF_001640805.2,尖吻鲈 (Lates calcarifer)
LOC108896036,LOC127139101,0.0696559104810157,0.0694983624975327,1.0022669308717684,GCF_001640805.2,尖吻鲈 (Lates calcarifer)
LOC108896036,LOC108897755,0.0590490809755865,0.0849270727506297,0.695291608000803,GCF_001640805.2,尖吻鲈 (Lates calcarifer)
LOC108896036,LOC108873215,0.0651790606721653,0.095351789287066,0.6835641067619336,GCF_001640805.2,尖吻鲈 (Lates calcarifer)
LOC108874481,LOC108877199,0.0068233980881447,0.0175740258130726,0.3882660786277599,GCF_001640805.2,尖吻鲈 (Lates calcarifer)
LOC108874481,LOC127139101,0.0387603243053159,0.0351081536992372,1.1040262794040934,GCF_001640805.2,尖吻鲈 (Lates calcarifer)
LOC108874481,LOC108873215,0.032494187544881,0.0393121943491306,0.8265676358918314,GCF_001640805.2,尖吻鲈 (Lates calcarifer)
LOC108877199,LOC108873215,0.0368658060676423,0.0473692990897679,0.7782637019344368,GCF_001640805.2,尖吻鲈 (Lates calcarifer)
LOC108877199,LOC127139101,0.0391656566877272,0.0391374127560471,1.000721660674306,GCF_001640805.2,尖吻鲈 (Lates calcarifer)
LOC108873865,LOC108875004,0.1715110010878138,0.287105979899173,0.5973787141182002,GCF_001640805.2,尖吻鲈 (Lates calcarifer)
LOC108873865,LOC108875104,0.1832996524016917,0.2888243416164672,0.634640596342455,GCF_001640805.2,尖吻鲈 (Lates calcarifer)
LOC108873865,LOC108888236,0.145546016188089,0.2216151361771547,0.6567512431630234,GCF_001640805.2,尖吻鲈 (Lates calcarifer)
LOC108873865,LOC108884488,0.1758366423005095,0.3406584152883425,0.516167029520397,GCF_001640805.2,尖吻鲈 (Lates calcarifer)
LOC108890185,LOC108888236,0.0856715913522687,0.0928774339205568,0.9224155721781498,GCF_001640805.2,尖吻鲈 (Lates calcarifer)
LOC108890185,LOC108891445,0.079597923454065,0.1226757836824878,0.6488478904694192,GCF_001640805.2,尖吻鲈 (Lates calcarifer)
LOC108890185,LOC108896076,0.100849333796839,0.1050124457414196,0.9603560138497128,GCF_001640805.2,尖吻鲈 (Lates calcarifer)
LOC108890185,LOC108892802,0.0700451188453531,0.0796582595763442,0.8793202264006554,GCF_001640805.2,尖吻鲈 (Lates calcarifer)
LOC108894324,LOC127142626,0.2667445031768576,0.4738823056301049,0.5628918826630943,GCF_001640805.2,尖吻鲈 (Lates calcarifer)
LOC108894324,LOC108882227,0.238569004533729,0.4391945846065021,0.5431965987182554,GCF_001640805.2,尖吻鲈 (Lates calcarifer)
LOC108894324,LOC108880206,0.2359101650161527,0.4401505019605932,0.5359761353567053,GCF_001640805.2,尖吻鲈 (Lates calcarifer)
LOC108894324,LOC108880539,0.2856452129400584,0.5614764034332601,0.508739478976184,GCF_001640805.2,尖吻鲈 (Lates calcarifer)
LOC108900634,LOC108880548,0.0023552521809048,0.0050388600201301,0.4674176642128689,GCF_001640805.2,尖吻鲈 (Lates calcarifer)
LOC108873215,LOC127139101,0.0385061497739899,0.0291810116050843,1.319561853958514,GCF_001640805.2,尖吻鲈 (Lates calcarifer)
LOC108897755,LOC127139650,0.0218765509429926,0.0210263442102016,1.0404353093572247,GCF_001640805.2,尖吻鲈 (Lates calcarifer)
LOC108897755,LOC127142277,0.0241767749410542,0.0210171370749786,1.1503362639166124,GCF_001640805.2,尖吻鲈 (Lates calcarifer)
LOC108877189,LOC127139101,0.0699597720163781,0.0739447052015213,0.9461092829529432,GCF_001640805.2,尖吻鲈 (Lates calcarifer)
LOC108877189,LOC108873215,0.0684481118650849,0.0792704641505974,0.86347560341072,GCF_001640805.2,尖吻鲈 (Lates calcarifer)
LOC108877189,LOC108877199,0.0784311129160969,0.108161506550922,0.7251296271393172,GCF_001640805.2,尖吻鲈 (Lates calcarifer)
LOC108877189,LOC108874329,0.0681625920294527,0.0851171112659766,0.8008095084013849,GCF_001640805.2,尖吻鲈 (Lates calcarifer)
LOC127142277,LOC127139650,0.0189358147433186,0.0173971267866531,1.0884449470038904,GCF_001640805.2,尖吻鲈 (Lates calcarifer)
LOC108899909,LOC108899910,0.0437181626845776,0.0442705045932802,0.9875234783570432,GCF_001640805.2,尖吻鲈 (Lates calcarifer)
LOC108899909,LOC108896039,0.1148671545521596,0.140410302625936,0.8180820951449312,GCF_001640805.2,尖吻鲈 (Lates calcarifer)
LOC108899909,LOC127142277,0.105878895477136,0.1156328987578604,0.9156468151754148,GCF_001640805.2,尖吻鲈 (Lates calcarifer)
LOC108899909,LOC108897755,0.1111827935895769,0.1276046459006941,0.8713067835798299,GCF_001640805.2,尖吻鲈 (Lates calcarifer)
LOC108891748,LOC108882227,0.0643951756644284,0.0780840841278533,0.8246901578430378,GCF_001640805.2,尖吻鲈 (Lates calcarifer)
LOC108891748,LOC108897755,0.0800332886966462,0.1017668554224147,0.7864376703440761,GCF_001640805.2,尖吻鲈 (Lates calcarifer)
LOC108891748,LOC127142277,0.0785243906357544,0.0975030390799152,0.8053532625931219,GCF_001640805.2,尖吻鲈 (Lates calcarifer)
LOC108893679,LOC108893534,0.0418509894316362,0.0589905503258124,0.7094524326436665,GCF_001640805.2,尖吻鲈 (Lates calcarifer)
LOC108893679,LOC108876360,0.0923762737366743,0.1348998543170676,0.684776675292427,GCF_001640805.2,尖吻鲈 (Lates calcarifer)
LOC108893679,LOC108881139,0.1119451897806237,0.1648138832989534,0.6792218443003858,GCF_001640805.2,尖吻鲈 (Lates calcarifer)
LOC108893679,LOC108875104,0.1402098459390293,0.1955274230762611,0.7170853261045824,GCF_001640805.2,尖吻鲈 (Lates calcarifer)
LOC108896760,LOC108891897,0.0204137628398114,0.0155791951754166,1.3103220423108632,GCF_001640805.2,尖吻鲈 (Lates calcarifer)
LOC108880203,LOC108880206,0.0226356015005372,0.0261075134582877,0.8670148360433638,GCF_001640805.2,尖吻鲈 (Lates calcarifer)
LOC108880203,LOC127139101,0.0656578762485019,0.0905703053384449,0.7249382234403459,GCF_001640805.2,尖吻鲈 (Lates calcarifer)
LOC108880203,LOC108873215,0.0711238074236165,0.0969766662831696,0.7334115530011791,GCF_001640805.2,尖吻鲈 (Lates calcarifer)
LOC108880203,LOC127142277,0.0695298360289161,0.0871858344720399,0.7974900561537213,GCF_001640805.2,尖吻鲈 (Lates calcarifer)
LOC108896040,LOC108879328,0.0542975972282158,0.0572114289483757,0.9490690623583408,GCF_001640805.2,尖吻鲈 (Lates calcarifer)
LOC108896040,LOC108896039,0.0488813293610021,0.0534287078519119,0.9148888551916,GCF_001640805.2,尖吻鲈 (Lates calcarifer)
LOC108896040,LOC127139650,0.0513881833539651,0.0502237636120004,1.0231846372757003,GCF_001640805.2,尖吻鲈 (Lates calcarifer)
LOC108896040,LOC127142277,0.0491071034337977,0.0393048383684153,1.2493907995118316,GCF_001640805.2,尖吻鲈 (Lates calcarifer)
LOC108899588,LOC108899589,0.2273643490875718,0.3439169919556464,0.6611024008865898,GCF_001640805.2,尖吻鲈 (Lates calcarifer)
LOC108889763,LOC108891385,0.0131167748794622,0.0212729930959344,0.6165928236007842,GCF_001640805.2,尖吻鲈 (Lates calcarifer)
LOC108889763,LOC108874540,0.0519694842186679,0.0661369244100694,0.7857862258069489,GCF_001640805.2,尖吻鲈 (Lates calcarifer)
LOC108889763,LOC108889762,0.3048363995440891,0.2978132768127138,1.023582302328959,GCF_001640805.2,尖吻鲈 (Lates calcarifer)
LOC108889763,LOC108891386,0.3032203467221746,0.3381333075114402,0.8967479393076816,GCF_001640805.2,尖吻鲈 (Lates calcarifer)
LOC108894854,LOC108881139,0.3643180643190164,0.4036078425338187,0.9026535808418784,GCF_001640805.2,尖吻鲈 (Lates calcarifer)
LOC108894854,LOC108874664,0.2077423746549418,0.2400476114661147,0.8654215444433482,GCF_001640805.2,尖吻鲈 (Lates calcarifer)
LOC108894854,LOC108881140,0.4069744841453035,0.4210930568115525,0.966471608976048,GCF_001640805.2,尖吻鲈 (Lates calcarifer)
LOC108879338,LOC127142135,0.0437114201511501,0.0463152123321249,0.9437810591841151,GCF_001640805.2,尖吻鲈 (Lates calcarifer)
LOC108879338,LOC108897755,0.0449234071005057,0.0493204422028261,0.9108476139723573,GCF_001640805.2,尖吻鲈 (Lates calcarifer)
LOC108879338,LOC127139650,0.0483036063902193,0.0550394037372154,0.8776186352025896,GCF_001640805.2,尖吻鲈 (Lates calcarifer)
LOC108879338,LOC127142277,0.049447900478242,0.0497544862100082,0.9938380283845734,GCF_001640805.2,尖吻鲈 (Lates calcarifer)
LOC108875049,LOC108875082,0.2350144301631401,0.4981153853295728,0.4718072099050811,GCF_001640805.2,尖吻鲈 (Lates calcarifer)
LOC108885711,LOC108874481,0.0488037193420245,0.0606141933241632,0.8051533257404492,GCF_001640805.2,尖吻鲈 (Lates calcarifer)
LOC108885711,LOC108877199,0.0550898429360863,0.0761490339800624,0.72344769272464,GCF_001640805.2,尖吻鲈 (Lates calcarifer)
LOC108885711,LOC108873676,0.050411964955466,0.0636202109798155,0.7923891508542783,GCF_001640805.2,尖吻鲈 (Lates calcarifer)
LOC108885711,LOC108897755,0.0622875230105147,0.0786899174716645,0.7915565934218171,GCF_001640805.2,尖吻鲈 (Lates calcarifer)
LOC127142135,LOC108897755,0.039448647108596,0.0353324162555373,1.1165001233792955,GCF_001640805.2,尖吻鲈 (Lates calcarifer)
LOC127142135,LOC127142277,0.0445169075633369,0.040614479015204,1.096084663468711,GCF_001640805.2,尖吻鲈 (Lates calcarifer)
LOC127142135,LOC108896039,0.0436350433929029,0.0423758757582076,1.0297142563349029,GCF_001640805.2,尖吻鲈 (Lates calcarifer)
LOC108891780,LOC108874535,0.0260992327708219,0.0451123333129633,0.5785387465942062,GCF_001640805.2,尖吻鲈 (Lates calcarifer)
LOC108891385,LOC108874540,0.05191285320233,0.0810677549359243,0.640363770322267,GCF_001640805.2,尖吻鲈 (Lates calcarifer)
LOC108882286,LOC108882285,0.0331716593276955,0.0419090128274919,0.7915161224206938,GCF_001640805.2,尖吻鲈 (Lates calcarifer)
LOC108889442,LOC108880206,0.1494713744340776,0.2559619296579823,0.5839593983128741,GCF_001640805.2,尖吻鲈 (Lates calcarifer)
LOC108889442,LOC127142626,0.1573045799825358,0.2940135155077117,0.5350249960818888,GCF_001640805.2,尖吻鲈 (Lates calcarifer)
LOC108889442,LOC108879337,0.1488783598846618,0.2715577118446616,0.5482383795081625,GCF_001640805.2,尖吻鲈 (Lates calcarifer)
LOC108889442,LOC108896036,0.1490846909441859,0.2708180339876549,0.5504976487311102,GCF_001640805.2,尖吻鲈 (Lates calcarifer)
LOC108891131,LOC108873724,0.0050443183103272,0.0097021450002793,0.5199178439594571,GCF_001640805.2,尖吻鲈 (Lates calcarifer)
LOC108882227,LOC108880206,0.0986862116690873,0.1571597574906978,0.6279356321539791,GCF_001640805.2,尖吻鲈 (Lates calcarifer)
LOC108882227,LOC127142277,0.0785161727176193,0.1228160470654156,0.6392989726806563,GCF_001640805.2,尖吻鲈 (Lates calcarifer)
slc4a5b,LOC108891291,0.0428453563888718,0.066434303991487,0.6449282044764425,GCF_001640805.2,尖吻鲈 (Lates calcarifer)
LOC108874663,LOC108879446,0.2439408936743476,0.5064765249432635,0.4816430410109816,GCF_001640805.2,尖吻鲈 (Lates calcarifer)
LOC108899786,LOC108899759,0.092648006146827,0.2800432724640072,0.3308346075649246,GCF_001640805.2,尖吻鲈 (Lates calcarifer)
LOC108899786,LOC108899757,0.0843197060493869,0.284691123507569,0.2961796104160765,GCF_001640805.2,尖吻鲈 (Lates calcarifer)
LOC108899786,LOC108899785,0.0842413974655004,0.2490044867315755,0.3383127692647236,GCF_001640805.2,尖吻鲈 (Lates calcarifer)
LOC108899786,LOC108899763,0.0811672635680822,0.2738191203495689,0.2964265733688018,GCF_001640805.2,尖吻鲈 (Lates calcarifer)
npr1b,LOC108890522,0.0528674083159084,0.0666083981201121,0.7937048451544337,GCF_001640805.2,尖吻鲈 (Lates calcarifer)
cacna2d3,LOC108886596,0.0,0.0020818889148772,0.0,GCF_001640805.2,尖吻鲈 (Lates calcarifer)
LOC108892325,LOC108882207,0.0293995179510993,0.0752103116788129,0.3908974354028814,GCF_001640805.2,尖吻鲈 (Lates calcarifer)
LOC108879187,LOC108900801,0.0003971143120112,0.0121761411639456,0.0326141350255608,GCF_001640805.2,尖吻鲈 (Lates calcarifer)
LOC108880206,LOC127139101,0.0603611230740528,0.0859028910356849,0.7026669573783982,GCF_001640805.2,尖吻鲈 (Lates calcarifer)
LOC108880206,LOC108877189,0.0815929837420667,0.1162865617792067,0.7016544516724752,GCF_001640805.2,尖吻鲈 (Lates calcarifer)
LOC108880206,LOC108873215,0.0671474343733202,0.0924906599515891,0.7259915153429123,GCF_001640805.2,尖吻鲈 (Lates calcarifer)
tango6,LOC108879437,0.0457012526254133,0.0487098289014092,0.9382347188678206,GCF_001640805.2,尖吻鲈 (Lates calcarifer)
LOC108874664,LOC108881139,0.4005659248942064,0.5104612783134419,0.7847136343380864,GCF_001640805.2,尖吻鲈 (Lates calcarifer)
LOC108897941,LOC127140863,0.0696570786153434,0.1139211526224353,0.6114499108537406,GCF_001640805.2,尖吻鲈 (Lates calcarifer)
LOC108877933,LOC108888236,0.1930406650486951,0.5522865208953216,0.3495299228664016,GCF_001640805.2,尖吻鲈 (Lates calcarifer)
LOC108877933,LOC108881139,0.2020236209360242,0.5968602865333879,0.3384772374610372,GCF_001640805.2,尖吻鲈 (Lates calcarifer)
LOC108877933,LOC108875104,0.2322822733709096,0.632527959508024,0.3672284677369475,GCF_001640805.2,尖吻鲈 (Lates calcarifer)
LOC108877933,LOC108875004,0.2360752302360708,0.6365617321401854,0.3708599155691654,GCF_001640805.2,尖吻鲈 (Lates calcarifer)
LOC108891445,LOC108890123,0.0611791152327687,0.0883811890348143,0.6922187390879023,GCF_001640805.2,尖吻鲈 (Lates calcarifer)
LOC108891445,LOC108888236,0.1009831854083198,0.1055313735015397,0.9569020288250716,GCF_001640805.2,尖吻鲈 (Lates calcarifer)
LOC108891445,LOC108894666,0.0955509707630889,0.118742553563559,0.8046902133694099,GCF_001640805.2,尖吻鲈 (Lates calcarifer)
LOC108890030,LOC108882227,0.1782695131607534,0.2967042779743024,0.6008322979967055,GCF_001640805.2,尖吻鲈 (Lates calcarifer)
LOC108890030,LOC108891748,0.1860661678684383,0.2818590380383965,0.6601390864148599,GCF_001640805.2,尖吻鲈 (Lates calcarifer)
LOC108890030,LOC108897755,0.1935197080540838,0.2476233665561549,0.7815082669518518,GCF_001640805.2,尖吻鲈 (Lates calcarifer)
LOC108890030,LOC108879328,0.1899388313325035,0.2829612209050794,0.6712539291602055,GCF_001640805.2,尖吻鲈 (Lates calcarifer)
LOC108876750,LOC108876752,0.0125497225302857,0.0120812750877704,1.0387746689908168,GCF_001640805.2,尖吻鲈 (Lates calcarifer)
LOC108876750,LOC108894675,0.0125497225302857,0.0120812750877704,1.0387746689908168,GCF_001640805.2,尖吻鲈 (Lates calcarifer)
LOC108876750,LOC127140246,0.0086010671084796,0.0064706951490032,1.329233862887907,GCF_001640805.2,尖吻鲈 (Lates calcarifer)
LOC108876750,LOC108887077,0.1449646980033657,0.319718706789462,0.4534132502256944,GCF_001640805.2,尖吻鲈 (Lates calcarifer)
LOC108892274,LOC108876712,0.0007958088152986,0.002919001495421,0.272630492497863,GCF_001640805.2,尖吻鲈 (Lates calcarifer)
LOC108892218,LOC108876360,0.0445557419889063,0.0251445279314048,1.7719856228940143,GCF_001640805.2,尖吻鲈 (Lates calcarifer)
LOC108892218,LOC108890185,0.0874391679462055,0.0746499598012436,1.1713223714924064,GCF_001640805.2,尖吻鲈 (Lates calcarifer)
LOC108892218,LOC108892181,0.0661130298737238,0.0568956820517107,1.1620043470721677,GCF_001640805.2,尖吻鲈 (Lates calcarifer)
LOC108892218,LOC108891445,0.1137399430409895,0.1246277548562544,0.9126373428790168,GCF_001640805.2,尖吻鲈 (Lates calcarifer)
LOC108890939,LOC108890831,0.006114995147098,0.0136740341905705,0.4471975908408122,GCF_001640805.2,尖吻鲈 (Lates calcarifer)
uimc1,LOC108879329,0.0145118577281613,0.0238043933400081,0.6096293873522572,GCF_001640805.2,尖吻鲈 (Lates calcarifer)
LOC108874698,LOC108882485,0.0099742339343503,0.0185008663880803,0.5391225321629532,GCF_001640805.2,尖吻鲈 (Lates calcarifer)
itga3b,LOC108890932,0.0,0.0084428658934758,0.0,GCF_001640805.2,尖吻鲈 (Lates calcarifer)
LOC108882212,LOC108892323,0.0062271166557691,0.0353887372238773,0.1759632341887456,GCF_001640805.2,尖吻鲈 (Lates calcarifer)
LOC108882285,LOC108873266,0.229634720022117,0.3406330732469474,0.6741409982102343,GCF_001640805.2,尖吻鲈 (Lates calcarifer)
LOC108897891,LOC108880329,0.0063071447950456,0.0227887820736238,0.2767653301817166,GCF_001640805.2,尖吻鲈 (Lates calcarifer)
LOC108885580,LOC108889039,0.0029895752214752,0.0112263242535252,0.2663004518630809,GCF_001640805.2,尖吻鲈 (Lates calcarifer)
LOC108890832,LOC108890833,0.0701562198401926,0.2193798099144489,0.3197934206778252,GCF_001640805.2,尖吻鲈 (Lates calcarifer)
LOC108894402,LOC108894401,0.06829761070665,0.1430110586499989,0.4775687373505821,GCF_001640805.2,尖吻鲈 (Lates calcarifer)
LOC108879354,LOC108879328,0.0680744040138857,0.0858077633833079,0.7933361892885342,GCF_001640805.2,尖吻鲈 (Lates calcarifer)
LOC108879354,LOC108879338,0.0369676891187209,0.0487209085312905,0.7587643628398028,GCF_001640805.2,尖吻鲈 (Lates calcarifer)
LOC108879354,LOC108896039,0.0549683232472293,0.06990202309857,0.7863624085631633,GCF_001640805.2,尖吻鲈 (Lates calcarifer)
LOC108879354,LOC108897755,0.0578574273992835,0.0668070707847159,0.8660374825552167,GCF_001640805.2,尖吻鲈 (Lates calcarifer)
LOC108890999,LOC108890823,0.1466481654263269,0.19663580388804,0.745785673446455,GCF_001640805.2,尖吻鲈 (Lates calcarifer)
LOC108890999,LOC127143274,0.3583423485416649,0.4445633505638,0.8060546333547542,GCF_001640805.2,尖吻鲈 (Lates calcarifer)
tmsb4x,LOC108890949,0.0032789694064712,0.0026962281883941,1.2161320101115416,GCF_001640805.2,尖吻鲈 (Lates calcarifer)
LOC108878053,LOC108891458,0.0018158441192173,0.0113450520607627,0.1600560411262891,GCF_001640805.2,尖吻鲈 (Lates calcarifer)
LOC108892298,LOC108873866,0.2303782236609199,0.6156732353091785,0.3741891159930456,GCF_001640805.2,尖吻鲈 (Lates calcarifer)
LOC108892225,LOC108892181,0.0179951577451965,0.0088474852498581,2.033929103807777,GCF_001640805.2,尖吻鲈 (Lates calcarifer)
LOC108892225,LOC108892182,0.0618309163994551,0.0315313294836531,1.9609359139617104,GCF_001640805.2,尖吻鲈 (Lates calcarifer)
LOC108892225,LOC108879503,0.0745555339138092,0.0556433413986182,1.3398824017362228,GCF_001640805.2,尖吻鲈 (Lates calcarifer)
LOC108892225,LOC108892218,0.072369432317451,0.0609687212376319,1.1869927866025534,GCF_001640805.2,尖吻鲈 (Lates calcarifer)
LOC108899128,LOC108894490,0.0310882575986965,0.1384970676027297,0.2244687063546448,GCF_001640805.2,尖吻鲈 (Lates calcarifer)
LOC108899128,LOC108894485,0.0328657856627493,0.167914363750535,0.1957294476104317,GCF_001640805.2,尖吻鲈 (Lates calcarifer)
LOC108899128,LOC108894483,0.0354673822771895,0.1820950339117296,0.1947740227467289,GCF_001640805.2,尖吻鲈 (Lates calcarifer)
LOC108873266,LOC108882286,0.2228622629154009,0.3300255162328943,0.67528797609131,GCF_001640805.2,尖吻鲈 (Lates calcarifer)
LOC108873266,LOC108882269,0.2386065662380942,0.3872854500953695,0.6161000011214908,GCF_001640805.2,尖吻鲈 (Lates calcarifer)
LOC108873266,LOC108882227,0.3049184137219645,0.4801799382459248,0.6350086487074353,GCF_001640805.2,尖吻鲈 (Lates calcarifer)
LOC108874890,LOC108875049,0.3966627134767369,0.7247721948218,0.5472929512345109,GCF_001640805.2,尖吻鲈 (Lates calcarifer)
LOC108874890,LOC108875082,0.4324209219011453,0.7341596069594911,0.5890012441463632,GCF_001640805.2,尖吻鲈 (Lates calcarifer)
LOC108873016,LOC108873017,0.0519491815105507,0.4149729939037901,0.1251868971564808,GCF_001640805.2,尖吻鲈 (Lates calcarifer)
LOC108892997,LOC108892973,0.0077058838453716,0.007242059891209,1.0640458600357214,GCF_001640805.2,尖吻鲈 (Lates calcarifer)
LOC127143274,LOC108880656,0.0559078598437763,0.0340824311592857,1.6403718262493785,GCF_001640805.2,尖吻鲈 (Lates calcarifer)
LOC127143274,LOC108890823,0.2003921640462468,0.2455395929030225,0.8161297397173458,GCF_001640805.2,尖吻鲈 (Lates calcarifer)
LOC108892182,LOC108892181,0.0638946260581489,0.0396342744649246,1.612105353781462,GCF_001640805.2,尖吻鲈 (Lates calcarifer)
LOC108892182,LOC108890185,0.0852982926010707,0.0826358918203795,1.0322184552261902,GCF_001640805.2,尖吻鲈 (Lates calcarifer)
LOC108892182,LOC108892218,0.0833766819517767,0.0611807240448466,1.3627933185403314,GCF_001640805.2,尖吻鲈 (Lates calcarifer)
LOC108902294,LOC108873870,0.1430123869156063,0.396746636075246,0.3604627586268506,GCF_001640805.2,尖吻鲈 (Lates calcarifer)
eml3,LOC108879778,0.0157918508799248,0.0135470074521971,1.1657076985931447,GCF_001640805.2,尖吻鲈 (Lates calcarifer)
LOC108887077,LOC108876752,0.0687858398401893,0.1639500106325735,0.4195537382083156,GCF_001640805.2,尖吻鲈 (Lates calcarifer)
LOC108887077,LOC108894675,0.0693256509296197,0.1639500106325735,0.4228462728495006,GCF_001640805.2,尖吻鲈 (Lates calcarifer)
LOC108887077,LOC127140246,0.1143933634089363,0.2772734131871518,0.4125652080883934,GCF_001640805.2,尖吻鲈 (Lates calcarifer)
LOC108874916,LOC108874925,0.3028695974006041,0.6800409606435056,0.4453696393729082,GCF_001640805.2,尖吻鲈 (Lates calcarifer)
LOC108874916,LOC108874890,0.3215383576509061,0.7291165349002184,0.4409972099932002,GCF_001640805.2,尖吻鲈 (Lates calcarifer)
LOC108892181,LOC108879503,0.0727269236755389,0.0506870992905353,1.4348211811978548,GCF_001640805.2,尖吻鲈 (Lates calcarifer)
LOC108892181,LOC108890185,0.0859916130652275,0.0745812445828048,1.152992465414735,GCF_001640805.2,尖吻鲈 (Lates calcarifer)
LOC108885477,LOC108894511,0.0151761458560617,0.015979299508403,0.949737868551812,GCF_001640805.2,尖吻鲈 (Lates calcarifer)
LOC108885477,LOC108894510,0.0779562338203655,0.3783499608984978,0.206042663874569,GCF_001640805.2,尖吻鲈 (Lates calcarifer)
LOC108885477,LOC108894514,0.0903493725065544,0.4249228900770758,0.2126253365408632,GCF_001640805.2,尖吻鲈 (Lates calcarifer)
LOC108892811,LOC108880412,0.1712884315230431,0.1695547290304906,1.0102250317786223,GCF_001640805.2,尖吻鲈 (Lates calcarifer)
LOC108893466,LOC108893465,0.0163789669634165,0.0399513469329874,0.4099728349807554,GCF_001640805.2,尖吻鲈 (Lates calcarifer)
LOC108893466,LOC108893467,0.2224664460393023,0.5618612406052598,0.3959455288278161,GCF_001640805.2,尖吻鲈 (Lates calcarifer)
LOC108884514,LOC108880126,0.0074593743283011,0.0080136750750122,0.9308306436781524,GCF_001640805.2,尖吻鲈 (Lates calcarifer)
LOC108893465,LOC108893467,0.2182466027383066,0.5619086504153339,0.3884022831415569,GCF_001640805.2,尖吻鲈 (Lates calcarifer)
LOC108886587,LOC108886548,0.0370744552393324,0.0307750801803652,1.2046907764999482,GCF_001640805.2,尖吻鲈 (Lates calcarifer)
LOC108874164,LOC127139616,0.0211609581568422,0.0232533332849514,0.9100182712530384,GCF_001640805.2,尖吻鲈 (Lates calcarifer)
LOC108902227,LOC108890402,0.1955082259519009,0.2328094391675306,0.8397779173000476,GCF_001640805.2,尖吻鲈 (Lates calcarifer)
LOC108892191,LOC108892213,0.0285039068668192,0.0332028591168189,0.8584774813076421,GCF_001640805.2,尖吻鲈 (Lates calcarifer)
LOC108875021,LOC108881595,0.2063116680838269,0.3908631460465522,0.5278360729851338,GCF_001640805.2,尖吻鲈 (Lates calcarifer)
LOC108875021,LOC108881659,0.2064228890055776,0.3774301288426913,0.5469168283902751,GCF_001640805.2,尖吻鲈 (Lates calcarifer)
LOC108875021,LOC108875012,0.1958113740371299,0.405885166933958,0.4824304753885982,GCF_001640805.2,尖吻鲈 (Lates calcarifer)
LOC108875021,LOC108875082,0.1808429553930547,0.2899709895162918,0.6236587863314312,GCF_001640805.2,尖吻鲈 (Lates calcarifer)
LOC127143240,LOC108902281,0.3019887759036351,0.3501747324811104,0.8623945359048013,GCF_001640805.2,尖吻鲈 (Lates calcarifer)
LOC108894570,pi4kb,0.1870404808895094,0.7157242688657754,0.2613303600643817,GCF_001640805.2,尖吻鲈 (Lates calcarifer)
LOC108892789,LOC108901640,0.066895993892521,0.0618373206356718,1.081806152091445,GCF_001640805.2,尖吻鲈 (Lates calcarifer)
LOC108885100,LOC108885101,0.0542386459797784,0.0934301662941401,0.5805260563169978,GCF_001640805.2,尖吻鲈 (Lates calcarifer)
LOC108885100,LOC108885102,0.057363944862095,0.1065446538331403,0.5384028461149516,GCF_001640805.2,尖吻鲈 (Lates calcarifer)
LOC108885101,LOC108885102,0.0443713412534865,0.0797270099716885,0.5565408920921906,GCF_001640805.2,尖吻鲈 (Lates calcarifer)
LOC108893534,LOC108896076,0.1141501137598598,0.1107535915487513,1.0306673775866986,GCF_001640805.2,尖吻鲈 (Lates calcarifer)
LOC108893534,LOC108888236,0.0860810966981651,0.0914912574683959,0.9408669099110408,GCF_001640805.2,尖吻鲈 (Lates calcarifer)
LOC108893534,LOC108875104,0.0882223113083356,0.1094383101838401,0.8061373678023284,GCF_001640805.2,尖吻鲈 (Lates calcarifer)
LOC108880127,LOC108884516,0.0013422822374787,0.0063966272606403,0.2098421844490002,GCF_001640805.2,尖吻鲈 (Lates calcarifer)
LOC108899910,LOC127142277,0.0753697981626549,0.0793877059672824,0.9493887906739192,GCF_001640805.2,尖吻鲈 (Lates calcarifer)
LOC108899910,LOC127139650,0.0771702529261884,0.085513030037617,0.902438527698544,GCF_001640805.2,尖吻鲈 (Lates calcarifer)
LOC108899910,LOC108897755,0.0787560844634056,0.0858454640450884,0.9174169577793976,GCF_001640805.2,尖吻鲈 (Lates calcarifer)
LOC108874925,LOC108874890,0.3693148765796207,0.6957808069922946,0.530791986309721,GCF_001640805.2,尖吻鲈 (Lates calcarifer)
LOC108874925,LOC108875049,0.2994138019977258,0.7230217980044926,0.4141144884208115,GCF_001640805.2,尖吻鲈 (Lates calcarifer)
nfkb1,LOC108890472,0.0,0.0115018228607635,0.0,GCF_001640805.2,尖吻鲈 (Lates calcarifer)
LOC108874812,LOC108875104,0.1040147354802795,0.1270358944530689,0.818782249915246,GCF_001640805.2,尖吻鲈 (Lates calcarifer)
LOC108874812,LOC108875004,0.1129403127010601,0.1381718385110795,0.8173902433237425,GCF_001640805.2,尖吻鲈 (Lates calcarifer)
LOC108874812,LOC108892635,0.0770151896955155,0.0641759539217994,1.2000630296724706,GCF_001640805.2,尖吻鲈 (Lates calcarifer)
LOC108874812,LOC108890123,0.0800183740725952,0.0561759811298382,1.424423258183076,GCF_001640805.2,尖吻鲈 (Lates calcarifer)
LOC108890075,LOC108886793,0.0004557885281571,0.0015274954363525,0.2983894532906255,GCF_001640805.2,尖吻鲈 (Lates calcarifer)
LOC127143186,LOC127143187,0.0911609083230875,0.1260562943373898,0.7231761714261982,GCF_001640805.2,尖吻鲈 (Lates calcarifer)
LOC108891273,LOC108895487,0.0018369699194851,0.004595367963505,0.399743814657234,GCF_001640805.2,尖吻鲈 (Lates calcarifer)
atp2c1,LOC108892703,0.018936022299594,0.0427192739424209,0.443266482597922,GCF_001640805.2,尖吻鲈 (Lates calcarifer)
LOC108880877,LOC108880951,0.0137773898319523,0.0474241389176367,0.2905142854755895,GCF_001640805.2,尖吻鲈 (Lates calcarifer)
LOC108880676,LOC108880689,0.4309549141720086,0.7102314962411301,0.6067809108055882,GCF_001640805.2,尖吻鲈 (Lates calcarifer)
LOC108880676,LOC108880677,0.5789008908577966,0.7006022667076847,0.8262903481289106,GCF_001640805.2,尖吻鲈 (Lates calcarifer)
gaa,LOC108894833,0.0014030715760874,0.0045673828036692,0.3071937773554364,GCF_001640805.2,尖吻鲈 (Lates calcarifer)
LOC108894398,kcnn1b,0.0009287208059262,0.0093726812072194,0.0990880608646817,GCF_001640805.2,尖吻鲈 (Lates calcarifer)
LOC108880412,LOC108901423,0.029624606297433,0.0512829730835528,0.577669439117096,GCF_001640805.2,尖吻鲈 (Lates calcarifer)
LOC108874558,vwa11,0.0139921973074013,0.0363877330834557,0.3845306129763598,GCF_001640805.2,尖吻鲈 (Lates calcarifer)
LOC108885643,LOC108885644,0.1710130437268285,0.6231428816743066,0.2744363271346981,GCF_001640805.2,尖吻鲈 (Lates calcarifer)
LOC108895997,LOC108873817,0.0213583349935311,0.0376983922445071,0.5665582461714449,GCF_001640805.2,尖吻鲈 (Lates calcarifer)
LOC108873047,LOC108882227,0.102178491406333,0.2010973383948181,0.5081046433629278,GCF_001640805.2,尖吻鲈 (Lates calcarifer)
LOC108873047,LOC127142626,0.1076991387143194,0.1988249679967355,0.5416781393174308,GCF_001640805.2,尖吻鲈 (Lates calcarifer)
LOC108873047,LOC108880206,0.1269560792048179,0.2136411363439039,0.5942492226799115,GCF_001640805.2,尖吻鲈 (Lates calcarifer)
LOC108873047,LOC108877189,0.1064987307724293,0.1825554030810525,0.5833775882554686,GCF_001640805.2,尖吻鲈 (Lates calcarifer)
LOC108873749,LOC108890432,0.0384962726950827,0.0581733535675722,0.6617509621542926,GCF_001640805.2,尖吻鲈 (Lates calcarifer)
LOC108890632,LOC108890631,0.0739514826034044,0.2077386533832234,0.3559832578051005,GCF_001640805.2,尖吻鲈 (Lates calcarifer)
LOC108890632,LOC108890633,0.1093159554720928,0.3637503764979376,0.3005246524403601,GCF_001640805.2,尖吻鲈 (Lates calcarifer)
LOC108890631,LOC108890633,0.1232147464876597,0.4101038357838338,0.3004476811394818,GCF_001640805.2,尖吻鲈 (Lates calcarifer)
si_ch73-173p19.1,LOC108899975,0.0217536361831699,0.0207121318955404,1.0502847458138171,GCF_001640805.2,尖吻鲈 (Lates calcarifer)
LOC108896878,LOC108896775,0.0480339616307153,0.0789746257378337,0.608220186951821,GCF_001640805.2,尖吻鲈 (Lates calcarifer)
LOC108875730,LOC108886003,0.0005131275322025,0.0016588339635007,0.3093302545600558,GCF_001640805.2,尖吻鲈 (Lates calcarifer)
LOC108894859,LOC108894856,0.0029465451116961,0.0014992508740636,1.9653449350405727,GCF_001640805.2,尖吻鲈 (Lates calcarifer)
LOC108892305,LOC108892260,0.0004742333385953,0.0050195390933287,0.0944774669103845,GCF_001640805.2,尖吻鲈 (Lates calcarifer)
LOC108894374,LOC108879043,0.0004750970148576,0.01010967287118,0.0469943014884334,GCF_001640805.2,尖吻鲈 (Lates calcarifer)
LOC108901640,LOC108888977,0.0318014298308054,0.0125192588167675,2.540200685699744,GCF_001640805.2,尖吻鲈 (Lates calcarifer)
LOC108901640,LOC108901644,0.041942904895666,0.0311643216941692,1.345862916808278,GCF_001640805.2,尖吻鲈 (Lates calcarifer)
LOC108901640,LOC108888986,0.0452699812252333,0.0357559405934709,1.266082795581658,GCF_001640805.2,尖吻鲈 (Lates calcarifer)
rhbdf1a,LOC108879350,0.0043364115549132,0.0134532755150005,0.3223312828223937,GCF_001640805.2,尖吻鲈 (Lates calcarifer)
LOC108896460,LOC127140272,0.0055453117687036,0.007159958912685,0.7744893282668566,GCF_001640805.2,尖吻鲈 (Lates calcarifer)
LOC108899745,LOC108875533,0.0050238821359776,0.0084531748611677,0.594318965180336,GCF_001640805.2,尖吻鲈 (Lates calcarifer)
LOC108899745,LOC108899759,0.039735585128825,0.1424455533885773,0.2789527941278049,GCF_001640805.2,尖吻鲈 (Lates calcarifer)
LOC108899745,LOC108899757,0.0572023135195783,0.1925803008791497,0.2970309697224674,GCF_001640805.2,尖吻鲈 (Lates calcarifer)
LOC108899745,LOC108899785,0.0544947888152138,0.174675981857449,0.3119764276446799,GCF_001640805.2,尖吻鲈 (Lates calcarifer)
LOC108899759,LOC108899785,0.0167730622062427,0.0348307208450763,0.4815594337208161,GCF_001640805.2,尖吻鲈 (Lates calcarifer)
LOC108899759,LOC108875532,0.0169498739379306,0.035019170472523,0.4840170029507099,GCF_001640805.2,尖吻鲈 (Lates calcarifer)
LOC108899759,LOC108899757,0.049516192284704,0.2264670841441809,0.2186463100005269,GCF_001640805.2,尖吻鲈 (Lates calcarifer)
LOC108895805,LOC108895804,0.0179552870925974,0.0353006331434893,0.5086392365715671,GCF_001640805.2,尖吻鲈 (Lates calcarifer)
LOC108900907,LOC108879692,0.0025350708604521,0.0279426962668193,0.0907239171283002,GCF_001640805.2,尖吻鲈 (Lates calcarifer)
LOC108900907,LOC127142150,0.0362273825623981,0.1669938759304532,0.2169383898693717,GCF_001640805.2,尖吻鲈 (Lates calcarifer)
LOC108900907,LOC108879693,0.0453723935620695,0.1923380619989842,0.2358991927573293,GCF_001640805.2,尖吻鲈 (Lates calcarifer)
LOC108900907,LOC108900905,0.0458951782830712,0.1838303493599432,0.2496605073257389,GCF_001640805.2,尖吻鲈 (Lates calcarifer)
lrrc1,LOC108891192,0.0033493700460929,0.0071006447537994,0.4716994248023298,GCF_001640805.2,尖吻鲈 (Lates calcarifer)
LOC108900953,LOC108899759,0.0577988590865573,0.174994993827153,0.3302886432491134,GCF_001640805.2,尖吻鲈 (Lates calcarifer)
LOC108900953,LOC108899743,0.0545367974812177,0.1943354330367977,0.2806322893823027,GCF_001640805.2,尖吻鲈 (Lates calcarifer)
LOC108900953,LOC108899738,0.0609114738753403,0.2107515770759517,0.2890202518075999,GCF_001640805.2,尖吻鲈 (Lates calcarifer)
LOC108900953,LOC108875558,0.0554335159568212,0.2267844534324432,0.2444326104273028,GCF_001640805.2,尖吻鲈 (Lates calcarifer)
elac2,LOC108886925,0.0375119759204913,0.0609902285390718,0.6150489483157171,GCF_001640805.2,尖吻鲈 (Lates calcarifer)
LOC108879737,LOC108879738,0.0019540802456144,0.0083473315746003,0.2340963969324566,GCF_001640805.2,尖吻鲈 (Lates calcarifer)
LOC108879737,LOC108900955,0.0034227098763712,0.0219055166733188,0.1562487626936543,GCF_001640805.2,尖吻鲈 (Lates calcarifer)
LOC108879737,LOC108900956,0.0240278144951334,0.05612514166237,0.4281114271332569,GCF_001640805.2,尖吻鲈 (Lates calcarifer)
LOC108879738,LOC108900955,0.0024427999772985,0.0134119248778769,0.1821364196072973,GCF_001640805.2,尖吻鲈 (Lates calcarifer)
LOC108879738,LOC108900956,0.0260399771132939,0.0651828630655199,0.3994911528681902,GCF_001640805.2,尖吻鲈 (Lates calcarifer)
LOC108876360,LOC108888236,0.0589560716458188,0.0566248837892534,1.0411689649596731,GCF_001640805.2,尖吻鲈 (Lates calcarifer)
LOC108876360,LOC108881139,0.0585637041779248,0.0748984801315243,0.781907778036149,GCF_001640805.2,尖吻鲈 (Lates calcarifer)
LOC108876360,LOC108875104,0.0529658360142657,0.0608547676832884,0.8703646079124029,GCF_001640805.2,尖吻鲈 (Lates calcarifer)
LOC108876360,LOC108875004,0.0624906731650278,0.0710309636562144,0.8797666531384658,GCF_001640805.2,尖吻鲈 (Lates calcarifer)
LOC108900956,LOC108900955,0.0265426624890061,0.0761809170790677,0.3484161586222132,GCF_001640805.2,尖吻鲈 (Lates calcarifer)
LOC108878706,LOC127138944,0.0649560415551794,0.2290303534491163,0.2836132441703221,GCF_001640805.2,尖吻鲈 (Lates calcarifer)
ccdc57,LOC108879489,0.0249585202195861,0.0381118207738546,0.6548760912705611,GCF_001640805.2,尖吻鲈 (Lates calcarifer)
LOC127138980,LOC108898778,0.0,0.0036057761760773,0.0,GCF_001640805.2,尖吻鲈 (Lates calcarifer)
senp7b,LOC108874480,0.0036998462281729,0.0111398791778696,0.33212624383961,GCF_001640805.2,尖吻鲈 (Lates calcarifer)
LOC108899749,LOC108899750,0.0420895437026547,0.0971045371044886,0.4334456963361516,GCF_001640805.2,尖吻鲈 (Lates calcarifer)
LOC108899749,LOC108899760,0.0390103526838949,0.1284267687841439,0.3037556192779597,GCF_001640805.2,尖吻鲈 (Lates calcarifer)
LOC108899749,LOC108899751,0.0601839613216566,0.1893566991533988,0.3178338109543263,GCF_001640805.2,尖吻鲈 (Lates calcarifer)
LOC108899749,LOC108899748,0.0521103370071346,0.1187877838467717,0.4386843101168845,GCF_001640805.2,尖吻鲈 (Lates calcarifer)
LOC108900952,LOC108900904,0.0965607973475609,0.3918305989483751,0.2464350604743942,GCF_001640805.2,尖吻鲈 (Lates calcarifer)
LOC108900952,LOC108900907,0.1003826195615807,0.3837619307242041,0.2615752411192711,GCF_001640805.2,尖吻鲈 (Lates calcarifer)
LOC108900952,LOC108900905,0.0983450678096722,0.4024236306809921,0.2443819406013758,GCF_001640805.2,尖吻鲈 (Lates calcarifer)
LOC108900952,LOC108879693,0.0989067253496504,0.4195400629338223,0.2357503706749737,GCF_001640805.2,尖吻鲈 (Lates calcarifer)
LOC108879693,LOC108900905,0.0034545216527579,0.0217649201801391,0.1587197023543518,GCF_001640805.2,尖吻鲈 (Lates calcarifer)
LOC108879693,LOC108900904,0.0406347615600611,0.1941649775468303,0.2092795625321283,GCF_001640805.2,尖吻鲈 (Lates calcarifer)
LOC108879693,LOC127142150,0.050586677386862,0.1863566501568611,0.2714508837987908,GCF_001640805.2,尖吻鲈 (Lates calcarifer)
LOC127142150,LOC108900905,0.0500609150099157,0.1821163561764397,0.2748842336896706,GCF_001640805.2,尖吻鲈 (Lates calcarifer)
LOC127142150,LOC108879692,0.0331803567159318,0.1648346678701486,0.201294770964505,GCF_001640805.2,尖吻鲈 (Lates calcarifer)
LOC108899750,LOC108899760,0.0319087573517071,0.1149405450177176,0.2776109800661597,GCF_001640805.2,尖吻鲈 (Lates calcarifer)
LOC108899750,LOC108899751,0.0548011080607157,0.1516638052082892,0.3613328043922804,GCF_001640805.2,尖吻鲈 (Lates calcarifer)
LOC108899750,LOC108899761,0.0318278609578801,0.1143313234292172,0.2783826864173824,GCF_001640805.2,尖吻鲈 (Lates calcarifer)
LOC108900905,LOC108900904,0.0411547222949665,0.1899015837830427,0.2167160561545643,GCF_001640805.2,尖吻鲈 (Lates calcarifer)
LOC108900904,LOC108900907,0.0535167944636937,0.2063722966096263,0.2593216015080071,GCF_001640805.2,尖吻鲈 (Lates calcarifer)
LOC108900904,LOC127142150,0.0578977928897361,0.182468799791948,0.3173024262545244,GCF_001640805.2,尖吻鲈 (Lates calcarifer)
LOC108875558,LOC108899762,0.0029561542623729,0.0238115237359353,0.1241480509670887,GCF_001640805.2,尖吻鲈 (Lates calcarifer)
LOC108875558,LOC108899738,0.0494114260121953,0.2307246441533477,0.2141575564825868,GCF_001640805.2,尖吻鲈 (Lates calcarifer)
LOC108875558,LOC108899743,0.0547046315390642,0.2702891425014514,0.202393004146552,GCF_001640805.2,尖吻鲈 (Lates calcarifer)
LOC108875558,LOC108875557,0.0523020672417636,0.2024747489895027,0.2583140243550825,GCF_001640805.2,尖吻鲈 (Lates calcarifer)
LOC108899783,LOC108899743,0.0583133149536252,0.2057693512929795,0.2833916450006071,GCF_001640805.2,尖吻鲈 (Lates calcarifer)
LOC108899783,LOC108899759,0.0570656256092581,0.1803996486033651,0.3163289177725905,GCF_001640805.2,尖吻鲈 (Lates calcarifer)
LOC108899783,LOC108899763,0.0572463881577398,0.2071336859777225,0.2763741102154516,GCF_001640805.2,尖吻鲈 (Lates calcarifer)
LOC108899783,LOC108899738,0.0625201077925738,0.2258568564470689,0.2768129724998004,GCF_001640805.2,尖吻鲈 (Lates calcarifer)
LOC108899762,LOC108899738,0.049403019965432,0.2308748265782348,0.2139818389801418,GCF_001640805.2,尖吻鲈 (Lates calcarifer)
LOC108899762,LOC108899743,0.0556600962107755,0.2568168161437381,0.2167307306684429,GCF_001640805.2,尖吻鲈 (Lates calcarifer)
LOC108899762,LOC108899759,0.0557563849989827,0.2420006171311178,0.2303976975760088,GCF_001640805.2,尖吻鲈 (Lates calcarifer)
LOC108898645,LOC108898616,0.0262293299375793,0.0291172139814074,0.900818668789118,GCF_001640805.2,尖吻鲈 (Lates calcarifer)
LOC108899763,LOC108899743,0.0472932361465881,0.1702674801500367,0.2777584780423966,GCF_001640805.2,尖吻鲈 (Lates calcarifer)
LOC108899763,LOC108899759,0.0482514296341171,0.1874843286417903,0.2573624685522751,GCF_001640805.2,尖吻鲈 (Lates calcarifer)
LOC108899763,LOC108899785,0.0476025337021408,0.1971447818544073,0.241459770095744,GCF_001640805.2,尖吻鲈 (Lates calcarifer)
LOC108899763,LOC108899757,0.0546442130708642,0.2084544170934585,0.2621398665127109,GCF_001640805.2,尖吻鲈 (Lates calcarifer)
LOC108899743,LOC108899784,0.0473214215367046,0.1605286716459326,0.2947848571318043,GCF_001640805.2,尖吻鲈 (Lates calcarifer)
LOC108899743,LOC108899757,0.0469859162596887,0.1656703736851459,0.2836108545815485,GCF_001640805.2,尖吻鲈 (Lates calcarifer)
LOC108899743,LOC108899759,0.0495872656472543,0.1598976519428412,0.3101187856403313,GCF_001640805.2,尖吻鲈 (Lates calcarifer)
LOC108899757,LOC108899785,0.0458040634036571,0.2115423919339765,0.2165242766941615,GCF_001640805.2,尖吻鲈 (Lates calcarifer)
LOC108899757,LOC108899784,0.049105654946539,0.1929832309316119,0.2544555540369244,GCF_001640805.2,尖吻鲈 (Lates calcarifer)
LOC108899738,LOC108899759,0.0567581980365788,0.2250473762157137,0.2522055532972518,GCF_001640805.2,尖吻鲈 (Lates calcarifer)
LOC108899738,LOC108875557,0.0560455113525572,0.192854880248014,0.2906097646089224,GCF_001640805.2,尖吻鲈 (Lates calcarifer)
LOC108875557,LOC108899755,0.0031350737977577,0.0138933061090993,0.2256535466172761,GCF_001640805.2,尖吻鲈 (Lates calcarifer)
LOC108875557,LOC108899762,0.0533558250189305,0.1939576932223534,0.2750900164489135,GCF_001640805.2,尖吻鲈 (Lates calcarifer)
LOC108891287,LOC108886929,0.0004895561531524,0.0051754086906911,0.0945927524589478,GCF_001640805.2,尖吻鲈 (Lates calcarifer)
LOC108899784,LOC108899759,0.0519699445072039,0.1611181555334253,0.322557965830377,GCF_001640805.2,尖吻鲈 (Lates calcarifer)
LOC108899784,LOC108899785,0.0510147911256237,0.1466072660761155,0.347969050177485,GCF_001640805.2,尖吻鲈 (Lates calcarifer)
LOC108873213,LOC108885710,0.0023499480695862,0.0036980044103303,0.6354638363928548,GCF_001640805.2,尖吻鲈 (Lates calcarifer)
LOC108899751,LOC108899760,0.0492065192099852,0.1849247791400631,0.2660893766579327,GCF_001640805.2,尖吻鲈 (Lates calcarifer)
LOC108899751,LOC108899761,0.0435852469415527,0.1507876515810544,0.2890505056916014,GCF_001640805.2,尖吻鲈 (Lates calcarifer)
LOC108899785,LOC108875532,0.0020075294294861,0.0033416930805577,0.6007521879152028,GCF_001640805.2,尖吻鲈 (Lates calcarifer)
LOC108899785,LOC108899743,0.0486901630060437,0.1516395483432927,0.3210914536346113,GCF_001640805.2,尖吻鲈 (Lates calcarifer)
LOC108879092,LOC108879093,0.0414840622179688,0.096689859317188,0.4290425336320094,GCF_001640805.2,尖吻鲈 (Lates calcarifer)
LOC108899760,LOC108899761,0.0304788433248786,0.1149737144772821,0.2650940126919276,GCF_001640805.2,尖吻鲈 (Lates calcarifer)
scyl1,LOC108879377,0.0038736677291676,0.0148323884823424,0.2611627745443143,GCF_001640805.2,尖吻鲈 (Lates calcarifer)
LOC108875532,LOC108899757,0.0446893159049346,0.2152527504709147,0.2076132165891797,GCF_001640805.2,尖吻鲈 (Lates calcarifer)
LOC108875532,LOC108899743,0.0486722403536852,0.1485451582031682,0.3276595544576095,GCF_001640805.2,尖吻鲈 (Lates calcarifer)
LOC108885085,LOC108872847,0.005033079186453,0.020135437527141,0.2499612526258161,GCF_001640805.2,尖吻鲈 (Lates calcarifer)
LOC108875533,LOC108899759,0.0419635864663635,0.1451069802092267,0.289190681288089,GCF_001640805.2,尖吻鲈 (Lates calcarifer)
LOC108875533,LOC108899738,0.0556195187211679,0.2321587396720693,0.2395753819121006,GCF_001640805.2,尖吻鲈 (Lates calcarifer)
LOC108875533,LOC108899743,0.0527518909523061,0.1609031298594949,0.3278487559463295,GCF_001640805.2,尖吻鲈 (Lates calcarifer)
LOC108899742,LOC108899785,0.0519103613671288,0.1625947457722485,0.3192622315104896,GCF_001640805.2,尖吻鲈 (Lates calcarifer)
LOC108899742,LOC108899759,0.0558457798755326,0.1829195998272693,0.3053023291559117,GCF_001640805.2,尖吻鲈 (Lates calcarifer)
LOC108899742,LOC108899743,0.0570498504505913,0.1800199125607336,0.3169085554985161,GCF_001640805.2,尖吻鲈 (Lates calcarifer)
LOC108899742,LOC108899784,0.0575453481172187,0.154747963890271,0.371864977545185,GCF_001640805.2,尖吻鲈 (Lates calcarifer)
LOC127139113,LOC108880547,0.0646348270469053,0.1041223453962914,0.6207584625653986,GCF_001640805.2,尖吻鲈 (Lates calcarifer)
LOC127139113,LOC108891314,0.0946975170637156,0.1421404954110051,0.666224757342331,GCF_001640805.2,尖吻鲈 (Lates calcarifer)
LOC127139113,LOC108873676,0.0743029978556685,0.1337535736341672,0.555521589717644,GCF_001640805.2,尖吻鲈 (Lates calcarifer)
LOC127139113,LOC108879328,0.1019420385796887,0.1464875349839323,0.6959093044392506,GCF_001640805.2,尖吻鲈 (Lates calcarifer)
LOC108894508,LOC108894500,0.0438977320083096,0.176737223215132,0.2483785317531864,GCF_001640805.2,尖吻鲈 (Lates calcarifer)
LOC108894508,LOC108899107,0.0448891528855768,0.2032022121496329,0.2209087805231255,GCF_001640805.2,尖吻鲈 (Lates calcarifer)
LOC108894508,LOC108894499,0.0502560273833928,0.2001748672172613,0.2510606255521933,GCF_001640805.2,尖吻鲈 (Lates calcarifer)
LOC108894508,LOC108899101,0.1064509120559801,0.441018485112463,0.2413751705415122,GCF_001640805.2,尖吻鲈 (Lates calcarifer)
prpf39,LOC108888744,0.0005510148103482,0.0040066873254153,0.1375237860097175,GCF_001640805.2,尖吻鲈 (Lates calcarifer)
LOC108879387,LOC108898814,0.0017822294731351,0.0075146746120122,0.2371665527987357,GCF_001640805.2,尖吻鲈 (Lates calcarifer)
LOC108879387,LOC108898817,0.0932913795385388,0.1268014477193178,0.7357280316313469,GCF_001640805.2,尖吻鲈 (Lates calcarifer)
LOC108879387,LOC108898815,0.1187810241899618,0.1645555758687474,0.7218292273772831,GCF_001640805.2,尖吻鲈 (Lates calcarifer)
LOC108875535,LOC108899764,0.0020434239971486,0.0049518749352022,0.4126566247911833,GCF_001640805.2,尖吻鲈 (Lates calcarifer)
LOC108875535,LOC108899747,0.072100609109853,0.305592642927927,0.2359369925239256,GCF_001640805.2,尖吻鲈 (Lates calcarifer)
LOC108875535,LOC108899746,0.0807399173943337,0.2972806023051846,0.2715949738000301,GCF_001640805.2,尖吻鲈 (Lates calcarifer)
LOC108875535,LOC108899750,0.1172621745793653,0.425163399204392,0.2758049606311315,GCF_001640805.2,尖吻鲈 (Lates calcarifer)
LOC108899764,LOC108899747,0.0732605279815984,0.3031398197975117,0.2416724006451354,GCF_001640805.2,尖吻鲈 (Lates calcarifer)
LOC108899764,LOC108899746,0.0807324521442613,0.2923093084247443,0.2761884408653585,GCF_001640805.2,尖吻鲈 (Lates calcarifer)
LOC108899764,LOC108899750,0.1186473126107651,0.4243513332732515,0.2795968889636194,GCF_001640805.2,尖吻鲈 (Lates calcarifer)
LOC108898814,LOC108898817,0.0911372121170633,0.1216385214492156,0.7492462998665543,GCF_001640805.2,尖吻鲈 (Lates calcarifer)
LOC108898814,LOC108898815,0.117191448711499,0.1591080488254142,0.7365526104847824,GCF_001640805.2,尖吻鲈 (Lates calcarifer)
LOC108886435,LOC108898947,0.0005241548217184,0.0063208169749731,0.0829251699256335,GCF_001640805.2,尖吻鲈 (Lates calcarifer)
LOC108896211,LOC108879441,0.0023945288299187,0.0094994343359661,0.2520706754982989,GCF_001640805.2,尖吻鲈 (Lates calcarifer)
LOC108894511,LOC108894510,0.0756447414243252,0.3749829466834866,0.2017284841707082,GCF_001640805.2,尖吻鲈 (Lates calcarifer)
LOC108894511,LOC108894514,0.0879996188197411,0.4213142285651914,0.2088693256798581,GCF_001640805.2,尖吻鲈 (Lates calcarifer)
LOC108890891,rhbdf1b,0.0010118045379424,0.0102917566913259,0.0983121315717833,GCF_001640805.2,尖吻鲈 (Lates calcarifer)
LOC108878158,LOC108877865,0.2321946801640478,0.349512581540553,0.6643385458131409,GCF_001640805.2,尖吻鲈 (Lates calcarifer)
LOC108879692,LOC108879693,0.0438958522371038,0.1815932873398091,0.2417261831653673,GCF_001640805.2,尖吻鲈 (Lates calcarifer)
LOC108879692,LOC108900905,0.0444342102682951,0.1729006873174326,0.2569926757244016,GCF_001640805.2,尖吻鲈 (Lates calcarifer)
LOC108899746,LOC108899747,0.022229660731419,0.0721040960129559,0.3082995552350417,GCF_001640805.2,尖吻鲈 (Lates calcarifer)
LOC108899746,LOC108899760,0.1162959120969527,0.4602285467665064,0.2526916526887121,GCF_001640805.2,尖吻鲈 (Lates calcarifer)
LOC108879691,LOC108879693,0.0496940093189556,0.2031180121810623,0.2446558470386056,GCF_001640805.2,尖吻鲈 (Lates calcarifer)
LOC108879691,LOC108900905,0.0502378817140726,0.194155993669623,0.2587500945222313,GCF_001640805.2,尖吻鲈 (Lates calcarifer)
LOC108879691,LOC108900904,0.0500741125410503,0.1924212241894902,0.2602317532900581,GCF_001640805.2,尖吻鲈 (Lates calcarifer)
LOC108879691,LOC108900907,0.0532222178556705,0.2204362590256211,0.241440396833647,GCF_001640805.2,尖吻鲈 (Lates calcarifer)
LOC108899747,LOC108899760,0.1107932809112662,0.4690511956794901,0.2362072241405669,GCF_001640805.2,尖吻鲈 (Lates calcarifer)
LOC108890941,LOC108890845,0.0051885367776566,0.0103094406784763,0.5032801428780767,GCF_001640805.2,尖吻鲈 (Lates calcarifer)
si_ch211-195b21.5,LOC108886008,0.000572737713973,0.004587170263077,0.1248564324248143,GCF_001640805.2,尖吻鲈 (Lates calcarifer)
LOC108894476,LOC108894480,0.0101306642049899,0.0766987512582709,0.1320838219500672,GCF_001640805.2,尖吻鲈 (Lates calcarifer)
LOC108894476,LOC108899117,0.1132794567061207,0.4907878252951702,0.2308114644816057,GCF_001640805.2,尖吻鲈 (Lates calcarifer)
LOC108894476,LOC108899114,0.105893522597149,0.5120654334019648,0.2067968577641208,GCF_001640805.2,尖吻鲈 (Lates calcarifer)
LOC108894476,LOC108894478,0.1214230099068009,0.5571845320950594,0.2179224348713351,GCF_001640805.2,尖吻鲈 (Lates calcarifer)
LOC108894754,LOC108887063,0.0205642166441593,0.0242360921027786,0.8484955642581378,GCF_001640805.2,尖吻鲈 (Lates calcarifer)
LOC108894754,LOC108893012,0.0147830872979496,0.0198906685349743,0.7432172162517376,GCF_001640805.2,尖吻鲈 (Lates calcarifer)
LOC108886316,LOC108886172,0.0958066349714811,0.1235562438576346,0.7754090928975834,GCF_001640805.2,尖吻鲈 (Lates calcarifer)
LOC108886316,LOC108886318,0.1529130493773297,0.2018350848318157,0.7576138187508306,GCF_001640805.2,尖吻鲈 (Lates calcarifer)
LOC108886316,LOC108886170,0.1775961380791096,0.1963507345305155,0.9044842052857652,GCF_001640805.2,尖吻鲈 (Lates calcarifer)
LOC108885865,LOC108902352,0.0010715244255005,0.0118546075122623,0.0903888571926314,GCF_001640805.2,尖吻鲈 (Lates calcarifer)
LOC108885865,LOC108902347,0.0,0.0020134240280017,0.0,GCF_001640805.2,尖吻鲈 (Lates calcarifer)
LOC108888578,zdhhc5a,0.0005285412480898,0.0063125043873186,0.0837292484345296,GCF_001640805.2,尖吻鲈 (Lates calcarifer)
LOC108886315,LOC108886168,0.0,0.0016882393172392,0.0,GCF_001640805.2,尖吻鲈 (Lates calcarifer)
LOC108902390,LOC108885205,0.0605982211298444,0.0744658758355382,0.8137716833369261,GCF_001640805.2,尖吻鲈 (Lates calcarifer)
LOC108899104,LOC108894478,0.0261061432118723,0.0782589528899572,0.3335866664173387,GCF_001640805.2,尖吻鲈 (Lates calcarifer)
LOC108899104,LOC108894480,0.1160099402845772,0.4979464759206048,0.2329767272076736,GCF_001640805.2,尖吻鲈 (Lates calcarifer)
LOC108899104,LOC108894476,0.1514209437791298,0.5842036308041827,0.2591920621422569,GCF_001640805.2,尖吻鲈 (Lates calcarifer)
LOC108899104,LOC108894500,0.1259697883219174,0.4881084535857205,0.2580774567547925,GCF_001640805.2,尖吻鲈 (Lates calcarifer)
LOC108899101,LOC108899111,0.0157856838097783,0.0808510933517753,0.1952439126716118,GCF_001640805.2,尖吻鲈 (Lates calcarifer)
LOC108899101,LOC108894474,0.0632549559388064,0.2121685847184445,0.2981353531803403,GCF_001640805.2,尖吻鲈 (Lates calcarifer)
LOC108899101,LOC108894479,0.0671567841909739,0.2280912956247541,0.2944294038359858,GCF_001640805.2,尖吻鲈 (Lates calcarifer)
LOC108899101,LOC108899107,0.1065070137318819,0.3887136724394806,0.2739986300545272,GCF_001640805.2,尖吻鲈 (Lates calcarifer)
LOC108894512,LOC108894510,0.1654872974122987,0.748514521870319,0.2210876243239667,GCF_001640805.2,尖吻鲈 (Lates calcarifer)
LOC108894497,LOC108899116,0.1153014288110911,0.4339016819814812,0.2657316936052166,GCF_001640805.2,尖吻鲈 (Lates calcarifer)
LOC108894497,LOC108899104,0.1577774330919748,0.5901129959691256,0.2673681721461861,GCF_001640805.2,尖吻鲈 (Lates calcarifer)
LOC108894497,LOC108894478,0.1328059013300566,0.5707234638528601,0.2326974616279238,GCF_001640805.2,尖吻鲈 (Lates calcarifer)
LOC108894497,LOC108894480,0.125352442643312,0.4777892088019083,0.2623593005744993,GCF_001640805.2,尖吻鲈 (Lates calcarifer)
LOC108875556,LOC108899740,0.0231882161821617,0.0880129524129094,0.2634636783160631,GCF_001640805.2,尖吻鲈 (Lates calcarifer)
LOC108875556,LOC108899754,0.0272621390370539,0.0950226641894662,0.2869014384052186,GCF_001640805.2,尖吻鲈 (Lates calcarifer)
LOC108875556,LOC108875558,0.0418366153874079,0.237232697498152,0.1763526521791281,GCF_001640805.2,尖吻鲈 (Lates calcarifer)
LOC108875556,LOC108899762,0.0423736125113838,0.235082256998694,0.1802501518080085,GCF_001640805.2,尖吻鲈 (Lates calcarifer)
LOC108899756,LOC108899763,0.0531791100888129,0.1699310586897167,0.3129452055372328,GCF_001640805.2,尖吻鲈 (Lates calcarifer)
LOC108899756,LOC108899783,0.0571765137745096,0.174674971839859,0.3273308887487826,GCF_001640805.2,尖吻鲈 (Lates calcarifer)
LOC108899756,LOC108899759,0.0566577967139778,0.1742212495195758,0.3252060059850027,GCF_001640805.2,尖吻鲈 (Lates calcarifer)
LOC108899756,LOC108899742,0.0563729784434789,0.1266819808664989,0.444996029094985,GCF_001640805.2,尖吻鲈 (Lates calcarifer)
LOC108899754,LOC108875558,0.0349044020098504,0.2110629889023625,0.1653743377338276,GCF_001640805.2,尖吻鲈 (Lates calcarifer)
LOC108899754,LOC108899762,0.0354379233472805,0.2020514303758833,0.1753906086255074,GCF_001640805.2,尖吻鲈 (Lates calcarifer)
LOC108899754,LOC108899738,0.0458463681158673,0.1937214445666851,0.2366612959056557,GCF_001640805.2,尖吻鲈 (Lates calcarifer)
LOC108899740,LOC108899754,0.0481921479048284,0.1815219256567477,0.2654894042715164,GCF_001640805.2,尖吻鲈 (Lates calcarifer)
LOC108899740,LOC108899739,0.0447494081515563,0.1948569935447388,0.2296525638495084,GCF_001640805.2,尖吻鲈 (Lates calcarifer)
LOC108899740,LOC108875558,0.0454482007476686,0.2003281725101564,0.2268687433134971,GCF_001640805.2,尖吻鲈 (Lates calcarifer)
LOC108899739,LOC108900953,0.040850028265583,0.1800656721295765,0.2268618320330768,GCF_001640805.2,尖吻鲈 (Lates calcarifer)
LOC108899739,LOC108899757,0.0444415832449157,0.2524406128699473,0.1760476760837654,GCF_001640805.2,尖吻鲈 (Lates calcarifer)
LOC108899739,LOC108899738,0.047099873845566,0.1640489403673464,0.2871086746436625,GCF_001640805.2,尖吻鲈 (Lates calcarifer)
lrp3,LOC108894741,0.0183185995135275,0.0234461929320147,0.7813037948909075,GCF_001640805.2,尖吻鲈 (Lates calcarifer)
LOC108899959,LOC108899969,0.0015600629649959,0.0141430236866282,0.1103061834274509,GCF_001640805.2,尖吻鲈 (Lates calcarifer)
LOC108899959,LOC108899971,0.1112905863413562,0.4169273326328126,0.2669304159997822,GCF_001640805.2,尖吻鲈 (Lates calcarifer)
LOC108899959,LOC108885485,0.1112905863413562,0.4169273326328126,0.2669304159997822,GCF_001640805.2,尖吻鲈 (Lates calcarifer)
LOC108899959,LOC108899965,0.111500228071635,0.4165979301535587,0.2676447000841696,GCF_001640805.2,尖吻鲈 (Lates calcarifer)
LOC108899755,LOC108899738,0.0494009379658982,0.1880535445416525,0.2626961277773536,GCF_001640805.2,尖吻鲈 (Lates calcarifer)
LOC108899755,LOC108875558,0.0442210766536205,0.2036105911552203,0.2171845600109724,GCF_001640805.2,尖吻鲈 (Lates calcarifer)
LOC108899755,LOC108899754,0.0487262796773703,0.1910271459562404,0.255075159257901,GCF_001640805.2,尖吻鲈 (Lates calcarifer)
LOC108886170,LOC108886318,0.1260900709316584,0.1778684298544727,0.708895170631584,GCF_001640805.2,尖吻鲈 (Lates calcarifer)
LOC108886170,LOC108886172,0.1531982114629967,0.1892608330222466,0.8094554431396225,GCF_001640805.2,尖吻鲈 (Lates calcarifer)
LOC108886172,LOC108886318,0.0641875299087682,0.0923915954970416,0.6947334285489584,GCF_001640805.2,尖吻鲈 (Lates calcarifer)
LOC108879949,LOC108879950,0.2302767669337678,0.3402674551960961,0.6767522530212574,GCF_001640805.2,尖吻鲈 (Lates calcarifer)
LOC108879949,LOC108879947,0.1447483610889726,0.1603268396310516,0.9028329967837662,GCF_001640805.2,尖吻鲈 (Lates calcarifer)
LOC108879949,LOC108877952,0.2208967661843005,0.3212365347428644,0.6876452155764865,GCF_001640805.2,尖吻鲈 (Lates calcarifer)
LOC108899969,LOC108899971,0.1095954575849344,0.4272824958764555,0.2564941429677075,GCF_001640805.2,尖吻鲈 (Lates calcarifer)
LOC108899969,LOC108885485,0.1095954575849344,0.4272824958764555,0.2564941429677075,GCF_001640805.2,尖吻鲈 (Lates calcarifer)
LOC108899969,LOC108899965,0.1098018832112218,0.4269417530853971,0.257182349624304,GCF_001640805.2,尖吻鲈 (Lates calcarifer)
LOC108890113,LOC108892803,0.0017441868326065,0.0030832520298917,0.5656971326693008,GCF_001640805.2,尖吻鲈 (Lates calcarifer)
LOC108900941,LOC108900890,0.0314392600954188,0.0540445844744827,0.5817282231166564,GCF_001640805.2,尖吻鲈 (Lates calcarifer)
LOC108899117,LOC108894480,0.1068756599246642,0.4518755954744186,0.2365156715587989,GCF_001640805.2,尖吻鲈 (Lates calcarifer)
LOC108899117,LOC108899101,0.1147202516974219,0.4920740139742057,0.2331361714691878,GCF_001640805.2,尖吻鲈 (Lates calcarifer)
LOC108899117,LOC108899111,0.1128859208541871,0.4996937102577117,0.2259102296804325,GCF_001640805.2,尖吻鲈 (Lates calcarifer)
LOC108899758,LOC108899743,0.0421338764651996,0.1382260571505592,0.3048186234474329,GCF_001640805.2,尖吻鲈 (Lates calcarifer)
LOC108899758,LOC108899763,0.0466843219250729,0.1738953586114233,0.2684621504441134,GCF_001640805.2,尖吻鲈 (Lates calcarifer)
LOC108899758,LOC108899759,0.0455945178078769,0.2038272652067314,0.2236919470102924,GCF_001640805.2,尖吻鲈 (Lates calcarifer)
LOC108899758,LOC108875558,0.0485760301353464,0.2663260674862198,0.1823930740007634,GCF_001640805.2,尖吻鲈 (Lates calcarifer)
LOC108891629,LOC108891645,0.0730822955860841,0.1794222667993761,0.407320099616188,GCF_001640805.2,尖吻鲈 (Lates calcarifer)
LOC108891629,LOC108891646,0.0848319761585782,0.2248329279327277,0.3773111747402088,GCF_001640805.2,尖吻鲈 (Lates calcarifer)
LOC108891629,LOC108891628,0.0838293561239144,0.1816434353995158,0.4615050135973035,GCF_001640805.2,尖吻鲈 (Lates calcarifer)
LOC108891629,LOC108891644,0.1197956536536981,0.2393527684647513,0.50049829973594,GCF_001640805.2,尖吻鲈 (Lates calcarifer)
LOC108879735,LOC108900899,0.0,0.0052910272349175,0.0,GCF_001640805.2,尖吻鲈 (Lates calcarifer)
LOC108899971,LOC108899965,0.0013043481548452,0.0044326370161935,0.2942600871851529,GCF_001640805.2,尖吻鲈 (Lates calcarifer)
LOC108885485,LOC108899965,0.0013043481548452,0.0044326370161935,0.2942600871851529,GCF_001640805.2,尖吻鲈 (Lates calcarifer)
trappc12,LOC108886919,0.037364890228086,0.0390261443422906,0.957432276690363,GCF_001640805.2,尖吻鲈 (Lates calcarifer)
LOC108899761,LOC108899748,0.0242412698767708,0.0552014119237985,0.4391422072724179,GCF_001640805.2,尖吻鲈 (Lates calcarifer)
usp1,LOC108887066,0.0107203584428585,0.0109709403032094,0.9771594910349156,GCF_001640805.2,尖吻鲈 (Lates calcarifer)
LOC108891646,LOC108891645,0.0820734667666669,0.232530733446829,0.3529575017894744,GCF_001640805.2,尖吻鲈 (Lates calcarifer)
LOC108891646,LOC108891628,0.0850501769697766,0.2308318972102428,0.3684507123914183,GCF_001640805.2,尖吻鲈 (Lates calcarifer)
LOC108891646,LOC108891644,0.138109623246032,0.2891583761268531,0.4776262237184637,GCF_001640805.2,尖吻鲈 (Lates calcarifer)
LOC108885489,LOC108885495,0.1041556777762631,0.5355532656250568,0.1944823875823081,GCF_001640805.2,尖吻鲈 (Lates calcarifer)
LOC108885489,LOC108885510,0.1029901212990181,0.537457182476497,0.1916247929266847,GCF_001640805.2,尖吻鲈 (Lates calcarifer)
LOC108885489,LOC108885516,0.101821704258289,0.5181616304468216,0.1965056813845634,GCF_001640805.2,尖吻鲈 (Lates calcarifer)
LOC108885489,LOC108885476,0.1082350494374051,0.4851375046137023,0.2231017977544094,GCF_001640805.2,尖吻鲈 (Lates calcarifer)
LOC108890527,LOC108890946,0.0597300902484105,0.0310538265539783,1.923437362689798,GCF_001640805.2,尖吻鲈 (Lates calcarifer)
LOC108890527,LOC108874237,0.3277696096554635,0.4498420018829837,0.7286327383469304,GCF_001640805.2,尖吻鲈 (Lates calcarifer)
LOC108890527,LOC108892739,0.4328402485191905,0.453229165392394,0.9550141111162798,GCF_001640805.2,尖吻鲈 (Lates calcarifer)
LOC108899748,LOC108899760,0.0344732292758773,0.1153991213761951,0.2987304310879143,GCF_001640805.2,尖吻鲈 (Lates calcarifer)
LOC108899748,LOC108899750,0.039733578724271,0.1147553768438846,0.3462458999051986,GCF_001640805.2,尖吻鲈 (Lates calcarifer)
LOC108899748,LOC108899751,0.0471301854805345,0.1266944740570597,0.3719987460487691,GCF_001640805.2,尖吻鲈 (Lates calcarifer)
LOC108885494,LOC108899958,0.0052798528505792,0.0180949669606026,0.2917857137885279,GCF_001640805.2,尖吻鲈 (Lates calcarifer)
LOC108885494,LOC108885496,0.0168231352411365,0.0471941047677618,0.3564668791562376,GCF_001640805.2,尖吻鲈 (Lates calcarifer)
LOC108885494,LOC108885502,0.141154978327886,0.7410160144298976,0.1904884315307057,GCF_001640805.2,尖吻鲈 (Lates calcarifer)
LOC108902352,LOC108902347,0.0,0.006056560504159,0.0,GCF_001640805.2,尖吻鲈 (Lates calcarifer)
LOC108894514,LOC108894510,0.088986944273768,0.4222175042198209,0.210760907315293,GCF_001640805.2,尖吻鲈 (Lates calcarifer)
LOC108894477,LOC108899105,0.0021280383136636,0.0121530436910422,0.1751033212554126,GCF_001640805.2,尖吻鲈 (Lates calcarifer)
LOC108894477,LOC108899949,0.012457858464573,0.0274181968003482,0.4543646161448078,GCF_001640805.2,尖吻鲈 (Lates calcarifer)
LOC108899105,LOC108899949,0.010493085736374,0.0123430551185961,0.8501206253681134,GCF_001640805.2,尖吻鲈 (Lates calcarifer)
LOC108899958,LOC108885496,0.0146580129728151,0.0377727964626469,0.3880573943554938,GCF_001640805.2,尖吻鲈 (Lates calcarifer)
LOC108899958,LOC108885502,0.1426708968351374,0.7293928349630012,0.1956022735572588,GCF_001640805.2,尖吻鲈 (Lates calcarifer)
LOC108891628,LOC108891645,0.0530789708619956,0.1182274086053035,0.4489565616649623,GCF_001640805.2,尖吻鲈 (Lates calcarifer)
LOC108891628,LOC108891644,0.0714380822400885,0.1210894911922458,0.5899610406874284,GCF_001640805.2,尖吻鲈 (Lates calcarifer)
LOC108891645,LOC108891644,0.077018958181082,0.1423845350794281,0.5409222155911638,GCF_001640805.2,尖吻鲈 (Lates calcarifer)
LOC108894499,LOC108899107,0.0234906310132809,0.0798527137537534,0.2941744858630652,GCF_001640805.2,尖吻鲈 (Lates calcarifer)
LOC108894499,LOC108894500,0.0349674870632561,0.1469527191089642,0.2379505957785513,GCF_001640805.2,尖吻鲈 (Lates calcarifer)
LOC108894499,LOC108899101,0.1167259348409469,0.4312801936957913,0.2706498850333967,GCF_001640805.2,尖吻鲈 (Lates calcarifer)
kiaa0319,LOC108892383,0.0206496169765259,0.0234041546734335,0.8823056104635009,GCF_001640805.2,尖吻鲈 (Lates calcarifer)
kiaa0319,LOC108892702,0.1055035850684989,0.1280099863338518,0.8241824570884977,GCF_001640805.2,尖吻鲈 (Lates calcarifer)
LOC108885495,LOC108885510,0.0302488068597943,0.1760007847785123,0.1718674544426655,GCF_001640805.2,尖吻鲈 (Lates calcarifer)
LOC108885495,LOC108885516,0.0340309118432828,0.2048083353969498,0.1661597990009816,GCF_001640805.2,尖吻鲈 (Lates calcarifer)
LOC108885495,LOC108885476,0.1084304569844834,0.5519705800640068,0.1964424570815165,GCF_001640805.2,尖吻鲈 (Lates calcarifer)
LOC108899961,LOC108899972,0.0030720579165025,0.0009369145503239,3.278909389805509,GCF_001640805.2,尖吻鲈 (Lates calcarifer)
LOC108899961,LOC108899959,0.1081833942029545,0.5719893916230185,0.1891353157721761,GCF_001640805.2,尖吻鲈 (Lates calcarifer)
LOC108899961,LOC108899969,0.1067741470987495,0.5601447141819742,0.1906188604398074,GCF_001640805.2,尖吻鲈 (Lates calcarifer)
LOC108885496,LOC108885502,0.1420553198954778,0.7431714039420438,0.1911474515057579,GCF_001640805.2,尖吻鲈 (Lates calcarifer)
LOC108894482,LOC108894484,0.0540580407517127,0.2641739063356231,0.204630508370626,GCF_001640805.2,尖吻鲈 (Lates calcarifer)
LOC108894482,LOC108894481,0.10415034401067,0.6216280920541228,0.1675444616193472,GCF_001640805.2,尖吻鲈 (Lates calcarifer)
LOC108894482,LOC108899142,0.1032189882511082,0.6111870881651669,0.168882802418127,GCF_001640805.2,尖吻鲈 (Lates calcarifer)
LOC108894482,LOC108894488,0.1410778845034205,0.7204201596769276,0.1958272302744649,GCF_001640805.2,尖吻鲈 (Lates calcarifer)
LOC108899129,LOC108899134,0.0225968347048189,0.1572576994826211,0.1436930260277409,GCF_001640805.2,尖吻鲈 (Lates calcarifer)
LOC108899129,LOC108899131,0.0252315980078887,0.1338129061889428,0.1885587775237605,GCF_001640805.2,尖吻鲈 (Lates calcarifer)
LOC108899129,LOC108899135,0.0263296806312874,0.2017838084814104,0.1304846054271651,GCF_001640805.2,尖吻鲈 (Lates calcarifer)
LOC108899129,LOC108899136,0.0337360870240281,0.1583746161335851,0.2130144833031361,GCF_001640805.2,尖吻鲈 (Lates calcarifer)
LOC108879775,LOC108900912,0.0105961634297413,0.0352249301874049,0.3008143202376052,GCF_001640805.2,尖吻鲈 (Lates calcarifer)
LOC108879775,LOC108879774,0.0303729139042594,0.0990028258377088,0.306788353233962,GCF_001640805.2,尖吻鲈 (Lates calcarifer)
LOC108879775,LOC108900914,0.0292323875977227,0.1307224103726399,0.2236218527059921,GCF_001640805.2,尖吻鲈 (Lates calcarifer)
LOC108879775,LOC108900910,0.0315606956668394,0.1074631717002652,0.2936884810627787,GCF_001640805.2,尖吻鲈 (Lates calcarifer)
LOC108879774,LOC108900910,0.0032085610433087,0.0216621556115895,0.1481182713687142,GCF_001640805.2,尖吻鲈 (Lates calcarifer)
LOC108879774,LOC108900914,0.0256897579619298,0.1122422176795643,0.2288778544564263,GCF_001640805.2,尖吻鲈 (Lates calcarifer)
LOC108879774,LOC108900912,0.0310944091783276,0.1025987263274034,0.303068179219907,GCF_001640805.2,尖吻鲈 (Lates calcarifer)
LOC108900914,LOC108900913,0.0242608753991393,0.1100234773661422,0.2205063499165971,GCF_001640805.2,尖吻鲈 (Lates calcarifer)
LOC108900914,LOC108900912,0.0272880166716474,0.1471721132978126,0.1854156746151245,GCF_001640805.2,尖吻鲈 (Lates calcarifer)
LOC108900914,LOC108879776,0.0242958080833779,0.1121777753473567,0.2165830799206562,GCF_001640805.2,尖吻鲈 (Lates calcarifer)
LOC108900913,LOC108879776,0.0026586344749048,0.0182379807380297,0.1457746070189147,GCF_001640805.2,尖吻鲈 (Lates calcarifer)
LOC108900913,LOC108879774,0.0331185624830442,0.1137152638255351,0.2912411348212285,GCF_001640805.2,尖吻鲈 (Lates calcarifer)
LOC108900913,LOC108900912,0.0349015810689539,0.1307793276376669,0.2668738377800136,GCF_001640805.2,尖吻鲈 (Lates calcarifer)
LOC108900912,LOC108900910,0.0311733183159377,0.1111239833905256,0.2805273656037382,GCF_001640805.2,尖吻鲈 (Lates calcarifer)
LOC108896032,LOC108896039,0.0277510105525416,0.030692441412002,0.9041643243697728,GCF_001640805.2,尖吻鲈 (Lates calcarifer)
LOC108896032,LOC127139650,0.0291482217034422,0.0296609552024981,0.9827135203315116,GCF_001640805.2,尖吻鲈 (Lates calcarifer)
LOC108896032,LOC108879328,0.0283001593964055,0.0325935831143931,0.86827395739465,GCF_001640805.2,尖吻鲈 (Lates calcarifer)
LOC108896032,LOC127142277,0.0305816092228898,0.0190975410518935,1.6013375303025,GCF_001640805.2,尖吻鲈 (Lates calcarifer)
LOC108886436,LOC108898943,0.0093143375937865,0.0079867643270505,1.1662216652918584,GCF_001640805.2,尖吻鲈 (Lates calcarifer)
LOC108896553,LOC108875859,0.0774939674297898,0.2021385763680825,0.3833705016734554,GCF_001640805.2,尖吻鲈 (Lates calcarifer)
LOC108896553,LOC108875888,0.0952405185854482,0.1719589049112942,0.5538562753384504,GCF_001640805.2,尖吻鲈 (Lates calcarifer)
LOC108896553,LOC108879319,0.1036675038811686,0.2156567398602915,0.4807060699717864,GCF_001640805.2,尖吻鲈 (Lates calcarifer)
LOC108896553,LOC108879318,0.1037086044433781,0.2254554234861775,0.4599960508367919,GCF_001640805.2,尖吻鲈 (Lates calcarifer)
LOC108879776,LOC108879774,0.0331726022071372,0.1137152638255351,0.2917163544379716,GCF_001640805.2,尖吻鲈 (Lates calcarifer)
LOC108879776,LOC108900910,0.0343727757974388,0.1245168637871058,0.2760491611498351,GCF_001640805.2,尖吻鲈 (Lates calcarifer)
LOC108894478,LOC108899107,0.1151831943678801,0.4531859564671437,0.254163203259435,GCF_001640805.2,尖吻鲈 (Lates calcarifer)
LOC108894478,LOC108894480,0.1159303358747539,0.5029457219231052,0.2305026781646995,GCF_001640805.2,尖吻鲈 (Lates calcarifer)
LOC108900916,LOC108900910,0.0311987671041419,0.10873534295162,0.2869238856222057,GCF_001640805.2,尖吻鲈 (Lates calcarifer)
LOC108900916,LOC108900914,0.0264595222582886,0.1185826189672902,0.2231315389111726,GCF_001640805.2,尖吻鲈 (Lates calcarifer)
LOC108900916,LOC108879774,0.0303657679132139,0.1035907017662137,0.2931321768795832,GCF_001640805.2,尖吻鲈 (Lates calcarifer)
LOC108900916,LOC108900915,0.0110989816861015,0.0377913693096099,0.2936909111488372,GCF_001640805.2,尖吻鲈 (Lates calcarifer)
LOC108900910,LOC108900914,0.0268588245560758,0.1166929772856316,0.2301665891198661,GCF_001640805.2,尖吻鲈 (Lates calcarifer)
LOC108900894,LOC108900919,0.021336668732365,0.0767631072645447,0.2779547297223598,GCF_001640805.2,尖吻鲈 (Lates calcarifer)
LOC108900894,LOC108900895,0.0254679453227448,0.0861851949213232,0.2955025552357808,GCF_001640805.2,尖吻鲈 (Lates calcarifer)
LOC108900894,LOC108900893,0.0308243711813301,0.1041070576163837,0.2960833961412353,GCF_001640805.2,尖吻鲈 (Lates calcarifer)
LOC108900894,LOC108900962,0.0221307548514779,0.0778578211162849,0.2842457512190637,GCF_001640805.2,尖吻鲈 (Lates calcarifer)
LOC108900919,LOC108900895,0.0174220700138444,0.072515345521238,0.2402535613478107,GCF_001640805.2,尖吻鲈 (Lates calcarifer)
LOC108900919,LOC108900893,0.0227062112326748,0.0902200103829467,0.2516759988864586,GCF_001640805.2,尖吻鲈 (Lates calcarifer)
LOC108900919,LOC108900962,0.0190807148332327,0.0875385219049824,0.2179693512982053,GCF_001640805.2,尖吻鲈 (Lates calcarifer)
LOC108886364,lrp10,0.0228968809513206,0.0243446927690851,0.940528646982841,GCF_001640805.2,尖吻鲈 (Lates calcarifer)
LOC108894488,LOC108894481,0.1276045443922718,0.6731224536596718,0.1895710709076838,GCF_001640805.2,尖吻鲈 (Lates calcarifer)
LOC108894488,LOC108899142,0.1295300910212062,0.6821860080709758,0.1898750333321548,GCF_001640805.2,尖吻鲈 (Lates calcarifer)
LOC108894488,LOC108894484,0.1356707937314309,0.6213917800394765,0.2183337438464536,GCF_001640805.2,尖吻鲈 (Lates calcarifer)
LOC108880362,LOC108901613,0.0112804275101057,0.0072904583779664,1.5472864565276083,GCF_001640805.2,尖吻鲈 (Lates calcarifer)
LOC108874356,LOC108891573,0.0021598287064584,0.0017492719300167,1.2347015174694842,GCF_001640805.2,尖吻鲈 (Lates calcarifer)
LOC108899114,LOC108894508,0.1095861766941856,0.4058027012439233,0.2700479231859886,GCF_001640805.2,尖吻鲈 (Lates calcarifer)
LOC108899114,LOC108894480,0.1015784781713278,0.4702806385642313,0.215995450039039,GCF_001640805.2,尖吻鲈 (Lates calcarifer)
LOC108899114,LOC108899101,0.1271930830897746,0.4554192914507561,0.2792878682951616,GCF_001640805.2,尖吻鲈 (Lates calcarifer)
LOC108898817,LOC108898815,0.1189200260914932,0.1582728847752929,0.7513607037638144,GCF_001640805.2,尖吻鲈 (Lates calcarifer)
LOC108899107,LOC108894500,0.0332618016871382,0.1448387141186679,0.2296471760988327,GCF_001640805.2,尖吻鲈 (Lates calcarifer)
LOC108899134,LOC108899131,0.0152096467128967,0.1187464530587618,0.1280850612470104,GCF_001640805.2,尖吻鲈 (Lates calcarifer)
LOC108899134,LOC108899136,0.0208930938354087,0.1298123980919652,0.1609483696665639,GCF_001640805.2,尖吻鲈 (Lates calcarifer)
LOC108899134,LOC108899135,0.0172166187478798,0.1517025352891058,0.1134893277496607,GCF_001640805.2,尖吻鲈 (Lates calcarifer)
LOC108894487,LOC108894486,0.1380494976263279,0.7124558059541097,0.193765699531993,GCF_001640805.2,尖吻鲈 (Lates calcarifer)
LOC108894487,LOC108894491,0.1440877727745114,0.692919752429231,0.2079429432764327,GCF_001640805.2,尖吻鲈 (Lates calcarifer)
LOC108894487,LOC108894492,0.1458880405192617,0.7118421071903265,0.204944381690328,GCF_001640805.2,尖吻鲈 (Lates calcarifer)
LOC108886124,LOC108886130,0.1065708777105843,0.1182816865604928,0.9009922060595642,GCF_001640805.2,尖吻鲈 (Lates calcarifer)
LOC108886124,LOC108891544,0.2481431772438141,0.3176888948798423,0.7810886097786576,GCF_001640805.2,尖吻鲈 (Lates calcarifer)
LOC108886124,LOC108889000,0.2610567184844337,0.4467762929463713,0.5843119310624872,GCF_001640805.2,尖吻鲈 (Lates calcarifer)
LOC108891028,LOC108891187,0.0358345375926572,0.0836910076681475,0.428176677412569,GCF_001640805.2,尖吻鲈 (Lates calcarifer)
LOC108899136,LOC108899131,0.020009675271233,0.1377547435221981,0.1452557985272474,GCF_001640805.2,尖吻鲈 (Lates calcarifer)
LOC108899136,LOC108899135,0.0212393935682275,0.1470556720094943,0.1444309714681137,GCF_001640805.2,尖吻鲈 (Lates calcarifer)
LOC108885514,LOC108885495,0.1296245443411183,0.6184254873706404,0.2096041430831756,GCF_001640805.2,尖吻鲈 (Lates calcarifer)
LOC108885514,LOC108885516,0.1252128814214215,0.5368522903546564,0.2332352560863681,GCF_001640805.2,尖吻鲈 (Lates calcarifer)
LOC108885514,LOC108885489,0.1338971952710628,0.5970097819674353,0.2242797342948167,GCF_001640805.2,尖吻鲈 (Lates calcarifer)
LOC108885514,LOC108885510,0.1278562844007375,0.6333259349828936,0.2018807020814504,GCF_001640805.2,尖吻鲈 (Lates calcarifer)
LOC108894486,LOC108894491,0.0385817891154348,0.1569620628914814,0.245803275037925,GCF_001640805.2,尖吻鲈 (Lates calcarifer)
LOC108894486,LOC108894492,0.0453115683624153,0.1617942226878824,0.280056775882696,GCF_001640805.2,尖吻鲈 (Lates calcarifer)
LOC108894489,LOC108894481,0.1257432707001094,0.6684012064296017,0.1881254394674004,GCF_001640805.2,尖吻鲈 (Lates calcarifer)
LOC108894489,LOC108899142,0.1263857607451116,0.6773743942234297,0.1865818398553514,GCF_001640805.2,尖吻鲈 (Lates calcarifer)
LOC108894489,LOC108894482,0.1377366298692044,0.6847327325780335,0.2011538565574673,GCF_001640805.2,尖吻鲈 (Lates calcarifer)
LOC108894489,LOC108894488,0.129552851147974,0.7215663096691978,0.1795439302139363,GCF_001640805.2,尖吻鲈 (Lates calcarifer)
LOC108877192,LOC108873915,0.0034877024680302,0.0092536645830296,0.3768995987196656,GCF_001640805.2,尖吻鲈 (Lates calcarifer)
LOC108897989,LOC108897956,0.1497543317415773,0.4753788045897411,0.3150210533067781,GCF_001640805.2,尖吻鲈 (Lates calcarifer)
LOC108885475,LOC108885476,0.1187499777035472,0.4975247307504741,0.2386815576472407,GCF_001640805.2,尖吻鲈 (Lates calcarifer)
LOC108885475,LOC108885495,0.1281568090240669,0.5692453097681502,0.2251345892973001,GCF_001640805.2,尖吻鲈 (Lates calcarifer)
LOC108885475,LOC108885510,0.1263707582012562,0.5695000514673485,0.221897711643142,GCF_001640805.2,尖吻鲈 (Lates calcarifer)
LOC108885475,LOC108885516,0.1302243049350152,0.5530306680215342,0.2354739302268576,GCF_001640805.2,尖吻鲈 (Lates calcarifer)
LOC108899116,LOC108894478,0.1268463173400486,0.5237627356286757,0.2421827837518723,GCF_001640805.2,尖吻鲈 (Lates calcarifer)
LOC108899116,LOC108899104,0.1320175266771535,0.5052709350061573,0.2612806665310064,GCF_001640805.2,尖吻鲈 (Lates calcarifer)
LOC108899116,LOC108899114,0.1394793368788209,0.54335902305794,0.2566982988408895,GCF_001640805.2,尖吻鲈 (Lates calcarifer)
LOC108899137,LOC108899139,0.127962877260628,0.5943136888432404,0.2153120139461911,GCF_001640805.2,尖吻鲈 (Lates calcarifer)
LOC108899135,LOC108899131,0.0188913071956461,0.156475456534893,0.1207301618668452,GCF_001640805.2,尖吻鲈 (Lates calcarifer)
LOC108885476,LOC108885516,0.105874353770404,0.5363135679595028,0.1974112908857055,GCF_001640805.2,尖吻鲈 (Lates calcarifer)
LOC108885476,LOC108885510,0.1080222336456154,0.5315921209746152,0.2032051066663076,GCF_001640805.2,尖吻鲈 (Lates calcarifer)
LOC108894500,LOC108899101,0.101697870619748,0.4438891479200629,0.2291064584396239,GCF_001640805.2,尖吻鲈 (Lates calcarifer)
LOC108894474,LOC108894479,0.0110866763799712,0.0430561130442004,0.2574936657331308,GCF_001640805.2,尖吻鲈 (Lates calcarifer)
LOC108894474,LOC108899111,0.0703956681709052,0.2545338835290787,0.2765669827328234,GCF_001640805.2,尖吻鲈 (Lates calcarifer)
LOC108894474,LOC108899107,0.1018709118174838,0.3767892316801159,0.2703657728307095,GCF_001640805.2,尖吻鲈 (Lates calcarifer)
LOC108890823,LOC108890824,0.1232723511055361,0.1433789332235381,0.8597661339364658,GCF_001640805.2,尖吻鲈 (Lates calcarifer)
LOC108885510,LOC108885516,0.03396181564808,0.2021979662851907,0.1679631910846148,GCF_001640805.2,尖吻鲈 (Lates calcarifer)
LOC108894490,LOC108894485,0.0329936769611504,0.1460812633989313,0.2258583763137951,GCF_001640805.2,尖吻鲈 (Lates calcarifer)
LOC108894490,LOC108894483,0.0364534327844472,0.1520959243603658,0.2396739619273222,GCF_001640805.2,尖吻鲈 (Lates calcarifer)
LOC108894490,LOC108894482,0.1516772624941862,0.7407340487428461,0.2047661542649603,GCF_001640805.2,尖吻鲈 (Lates calcarifer)
LOC108874694,LOC108892170,0.1306640197575477,0.1755174048688539,0.7444504996822365,GCF_001640805.2,尖吻鲈 (Lates calcarifer)
LOC108894481,LOC108899142,0.002706118757623,0.0262362791578255,0.1031441517047552,GCF_001640805.2,尖吻鲈 (Lates calcarifer)
LOC108894481,LOC108894484,0.0995487069730205,0.550705853987858,0.1807656596568799,GCF_001640805.2,尖吻鲈 (Lates calcarifer)
LOC108899142,LOC108894484,0.0986208718031403,0.5680811484490089,0.1736034932199349,GCF_001640805.2,尖吻鲈 (Lates calcarifer)
LOC108900087,ankrd6b,0.0005426917747639,0.0110363732697247,0.0491730173944625,GCF_001640805.2,尖吻鲈 (Lates calcarifer)
pcdhb,LOC108899135,0.1488742195794333,0.7189492938310506,0.2070719324114365,GCF_001640805.2,尖吻鲈 (Lates calcarifer)
pcdhb,LOC108899131,0.1526202999829147,0.6711273879321827,0.2274088388095063,GCF_001640805.2,尖吻鲈 (Lates calcarifer)
pcdhb,LOC108899136,0.1547107197537435,0.6993734078009171,0.2212133290000401,GCF_001640805.2,尖吻鲈 (Lates calcarifer)
LOC108894485,LOC108894483,0.0237130311825601,0.1450774012885111,0.163450895673288,GCF_001640805.2,尖吻鲈 (Lates calcarifer)
LOC108880004,LOC108880005,0.1124058660585405,0.2561499581193811,0.4388283600895718,GCF_001640805.2,尖吻鲈 (Lates calcarifer)
LOC108894492,LOC108894491,0.040171116694736,0.1679178046415058,0.2392308354703593,GCF_001640805.2,尖吻鲈 (Lates calcarifer)
LOC108900895,LOC108900893,0.0163079445478279,0.0786482178774053,0.2073530079632362,GCF_001640805.2,尖吻鲈 (Lates calcarifer)
LOC108900895,LOC108900962,0.0235886159467878,0.0767242992295025,0.3074464828440867,GCF_001640805.2,尖吻鲈 (Lates calcarifer)
LOC108900893,LOC108900962,0.0267734609256958,0.0883372767422878,0.3030822537557254,GCF_001640805.2,尖吻鲈 (Lates calcarifer)
LOC108879917,LOC108895395,0.0,0.0154545068958276,0.0,GCF_001640805.2,尖吻鲈 (Lates calcarifer)
LOC108879917,LOC108895390,0.0,0.0154545068958276,0.0,GCF_001640805.2,尖吻鲈 (Lates calcarifer)
tle2a,tle2b,0.2225378348433349,0.743288459501959,0.2993963272246236,GCF_001640805.2,尖吻鲈 (Lates calcarifer)
LOC108899111,LOC108894479,0.0682812890017017,0.2406562798556591,0.2837295126586993,GCF_001640805.2,尖吻鲈 (Lates calcarifer)
LOC108899111,LOC108894500,0.1008798950870463,0.4700501562585983,0.2146151718999688,GCF_001640805.2,尖吻鲈 (Lates calcarifer)
LOC108895553,LOC108897825,0.0005415162690124,0.0095178942330336,0.05689454576339,GCF_001640805.2,尖吻鲈 (Lates calcarifer)
LOC108892383,LOC108892702,0.1020964693616806,0.1073603984098328,0.9509695462561728,GCF_001640805.2,尖吻鲈 (Lates calcarifer)
LOC108890076,prr35,0.0226792692769111,0.0316669728167601,0.7161805268897665,GCF_001640805.2,尖吻鲈 (Lates calcarifer)
LOC108897638,LOC108879790,0.0005677517303677,0.001921846022775,0.2954199887189449,GCF_001640805.2,尖吻鲈 (Lates calcarifer)
LOC108897638,rubcnl,0.0255918128652957,0.0203987469429815,1.2545776922881453,GCF_001640805.2,尖吻鲈 (Lates calcarifer)
LOC108900909,LOC108879693,0.0445787459495481,0.210577553215962,0.2116975207885975,GCF_001640805.2,尖吻鲈 (Lates calcarifer)
LOC108900909,LOC108900905,0.044288104597335,0.2069397126156498,0.2140145264412905,GCF_001640805.2,尖吻鲈 (Lates calcarifer)
LOC108900909,LOC108900904,0.045358610012385,0.1976531882487939,0.2294858505155522,GCF_001640805.2,尖吻鲈 (Lates calcarifer)
LOC108900909,LOC108900907,0.0458093025339038,0.1773324719161242,0.2583243894303295,GCF_001640805.2,尖吻鲈 (Lates calcarifer)
LOC108894479,LOC108899107,0.0940467694165765,0.3988561977032651,0.2357911697452022,GCF_001640805.2,尖吻鲈 (Lates calcarifer)
LOC108900917,LOC108900915,0.022876982809688,0.0855294650814453,0.2674748729914708,GCF_001640805.2,尖吻鲈 (Lates calcarifer)
LOC108900917,LOC108900914,0.0220173730035546,0.0970991599803595,0.2267514261504232,GCF_001640805.2,尖吻鲈 (Lates calcarifer)
LOC108900917,LOC108879776,0.0265267296213353,0.1123498818503556,0.236108211103129,GCF_001640805.2,尖吻鲈 (Lates calcarifer)
LOC108900917,LOC108900912,0.0259729947652339,0.1057321477118097,0.2456489849806851,GCF_001640805.2,尖吻鲈 (Lates calcarifer)
LOC108900915,LOC108879774,0.0265886052743213,0.0904592433652105,0.2939291142086541,GCF_001640805.2,尖吻鲈 (Lates calcarifer)
LOC108900915,LOC108900914,0.0248464147158326,0.1055927952942467,0.2353040720874483,GCF_001640805.2,尖吻鲈 (Lates calcarifer)
LOC108900950,LOC108879774,0.0238307357668055,0.092304171123073,0.2581761525709492,GCF_001640805.2,尖吻鲈 (Lates calcarifer)
LOC108900950,LOC108900910,0.0250318981741912,0.0925451039423581,0.2704832250205522,GCF_001640805.2,尖吻鲈 (Lates calcarifer)
LOC108900950,LOC108900914,0.02606772462737,0.1117698268199745,0.2332268499382827,GCF_001640805.2,尖吻鲈 (Lates calcarifer)
LOC108900950,LOC108900915,0.0272180980643109,0.0988788048265467,0.2752672639202808,GCF_001640805.2,尖吻鲈 (Lates calcarifer)
LOC108899753,LOC108899757,0.0369887696071356,0.2332822893581717,0.1585579844440941,GCF_001640805.2,尖吻鲈 (Lates calcarifer)
LOC108899753,LOC108875558,0.0378433211201748,0.228855218852232,0.1653592227870916,GCF_001640805.2,尖吻鲈 (Lates calcarifer)
LOC108899753,LOC108899754,0.0393786282799785,0.1967884890263653,0.2001063602592258,GCF_001640805.2,尖吻鲈 (Lates calcarifer)
LOC108899753,LOC108899759,0.0396019588536175,0.1907117306657823,0.2076535025683294,GCF_001640805.2,尖吻鲈 (Lates calcarifer)
LOC108879315,LOC108876812,0.0,0.0134532755150005,0.0,GCF_001640805.2,尖吻鲈 (Lates calcarifer)
LOC108899744,LOC108899757,0.0354900870961071,0.1600561965071408,0.2217351647146246,GCF_001640805.2,尖吻鲈 (Lates calcarifer)
LOC108899744,LOC108899743,0.0399452405211451,0.1448934217731443,0.2756870535067237,GCF_001640805.2,尖吻鲈 (Lates calcarifer)
LOC108899744,LOC108899763,0.0417286687990925,0.1809759630792467,0.2305757521004055,GCF_001640805.2,尖吻鲈 (Lates calcarifer)
LOC108899744,LOC108899784,0.0459961448194428,0.1666484254483182,0.2760070771488171,GCF_001640805.2,尖吻鲈 (Lates calcarifer)
med25,LOC108880651,0.0005854801234093,0.0019132663437039,0.3060107785494861,GCF_001640805.2,尖吻鲈 (Lates calcarifer)
LOC127142177,LOC108899909,0.0288415520619746,0.0298639763155303,0.9657639611432448,GCF_001640805.2,尖吻鲈 (Lates calcarifer)
LOC127142177,LOC108899910,0.0090444267597321,0.007939207446198,1.1392102827673862,GCF_001640805.2,尖吻鲈 (Lates calcarifer)
LOC127142177,LOC108879328,0.1216358311678562,0.1339582330480649,0.9080131052804542,GCF_001640805.2,尖吻鲈 (Lates calcarifer)
LOC127142177,LOC108897755,0.1280271024404156,0.1513723793920313,0.8457758473152157,GCF_001640805.2,尖吻鲈 (Lates calcarifer)
LOC108873890,LOC108896709,0.0016383004603084,0.0136945441514276,0.1196316169558388,GCF_001640805.2,尖吻鲈 (Lates calcarifer)
LOC108873890,LOC108883024,0.3188735144056727,0.7384176890766282,0.4318335260960712,GCF_001640805.2,尖吻鲈 (Lates calcarifer)
LOC108896709,LOC108883024,0.3185608891194952,0.7241489739677773,0.439910709772918,GCF_001640805.2,尖吻鲈 (Lates calcarifer)
LOC108891410,LOC108900668,0.0012828739497332,0.0061266508153469,0.2093923725046875,GCF_001640805.2,尖吻鲈 (Lates calcarifer)
LOC108890346,LOC108873262,0.0216403802910531,0.0420354015879906,0.5148132163256345,GCF_001640805.2,尖吻鲈 (Lates calcarifer)
LOC108898183,LOC108898102,0.0191804346182849,0.0249144595181943,0.7698515235410961,GCF_001640805.2,尖吻鲈 (Lates calcarifer)
LOC108877626,LOC108880333,0.0311631974816098,0.068639927722908,0.4540097653862975,GCF_001640805.2,尖吻鲈 (Lates calcarifer)
LOC108886922,gphna,0.0005667863485313,0.0070630304218952,0.0802469074427777,GCF_001640805.2,尖吻鲈 (Lates calcarifer)
itgb2,LOC108897429,0.0035524045100049,0.0097933926880925,0.3627348175596157,GCF_001640805.2,尖吻鲈 (Lates calcarifer)
LOC108899972,LOC108899959,0.0970625836446962,0.5442863124133555,0.178330010200555,GCF_001640805.2,尖吻鲈 (Lates calcarifer)
LOC108899972,LOC108899969,0.0955918367038225,0.5323146915707937,0.1795776788007543,GCF_001640805.2,尖吻鲈 (Lates calcarifer)
LOC108892659,sec23a,0.0,0.0018575860889235,0.0,GCF_001640805.2,尖吻鲈 (Lates calcarifer)
LOC108880489,LOC108880432,0.0005723006763769,0.0121953906538353,0.0469276214777898,GCF_001640805.2,尖吻鲈 (Lates calcarifer)
LOC108900962,LOC108900963,0.0175714445314476,0.0649682634580205,0.2704619701402592,GCF_001640805.2,尖吻鲈 (Lates calcarifer)
LOC108900963,LOC108900919,0.0199543385953107,0.0861048136778058,0.2317447508797535,GCF_001640805.2,尖吻鲈 (Lates calcarifer)
LOC108900963,LOC108900894,0.0223441752999855,0.0682210705631357,0.3275260138186629,GCF_001640805.2,尖吻鲈 (Lates calcarifer)
LOC108900963,LOC108900895,0.0205011360216388,0.08867557867737,0.2311925823030543,GCF_001640805.2,尖吻鲈 (Lates calcarifer)
LOC108891315,LOC108891589,0.0781872474249001,0.0859883866294424,0.9092768278330372,GCF_001640805.2,尖吻鲈 (Lates calcarifer)
LOC108879371,LOC108873156,0.0022896411600689,0.0108435623814224,0.2111521176833565,GCF_001640805.2,尖吻鲈 (Lates calcarifer)
LOC108892930,LOC108891550,0.1486587151799815,0.2116865748452565,0.7022585881445316,GCF_001640805.2,尖吻鲈 (Lates calcarifer)
LOC108892930,LOC108874700,0.162372316042205,0.2507249226615489,0.6476113914745915,GCF_001640805.2,尖吻鲈 (Lates calcarifer)
LOC108892930,LOC108891537,0.1709669844477423,0.2598064865135702,0.6580551037889979,GCF_001640805.2,尖吻鲈 (Lates calcarifer)
LOC108892930,LOC108899909,0.1779195787104255,0.3047827009196986,0.5837587834661987,GCF_001640805.2,尖吻鲈 (Lates calcarifer)
ddx27,LOC108890991,0.0133135114670653,0.0146091575599443,0.9113127442453388,GCF_001640805.2,尖吻鲈 (Lates calcarifer)
LOC108883853,LOC108883855,0.0524416626408987,0.0778309839797017,0.6737890228212388,GCF_001640805.2,尖吻鲈 (Lates calcarifer)
pde1a,LOC108879789,0.0,0.0030120522411674,0.0,GCF_001640805.2,尖吻鲈 (Lates calcarifer)
LOC108894192,LOC108894180,0.0519755773477628,0.3143392596984378,0.16534866627104,GCF_001640805.2,尖吻鲈 (Lates calcarifer)
LOC108879790,rubcnl,0.0255442646939392,0.0171703648993894,1.4876949234111805,GCF_001640805.2,尖吻鲈 (Lates calcarifer)
LOC108879790,LOC108879792,0.0009442871880079,0.0033149225236133,0.2848595046434745,GCF_001640805.2,尖吻鲈 (Lates calcarifer)
LOC108872705,LOC108872706,0.0218741521212937,0.0543034605469277,0.4028132259156981,GCF_001640805.2,尖吻鲈 (Lates calcarifer)
LOC108879695,wdcp,0.0,0.0037094356915171,0.0,GCF_001640805.2,尖吻鲈 (Lates calcarifer)
tbc1d16,LOC108894834,0.0,0.0063224821203445,0.0,GCF_001640805.2,尖吻鲈 (Lates calcarifer)
sytl5,LOC108880484,0.0,0.0034013663740434,0.0,GCF_001640805.2,尖吻鲈 (Lates calcarifer)
LOC108879808,LOC108897177,0.0530403636984967,0.096908798610005,0.5473224770018017,GCF_001640805.2,尖吻鲈 (Lates calcarifer)
LOC108879808,LOC108879807,0.0318402978347654,0.0744958611052784,0.4274102931674062,GCF_001640805.2,尖吻鲈 (Lates calcarifer)
LOC108874522,LOC108874519,0.0118399544479804,0.0228566204977753,0.5180098452933082,GCF_001640805.2,尖吻鲈 (Lates calcarifer)
LOC108874522,LOC108891280,0.0121357602251825,0.0070142169890041,1.730166067603429,GCF_001640805.2,尖吻鲈 (Lates calcarifer)
LOC108874522,LOC108873822,0.0998355182036135,0.1368610812578853,0.72946609281491,GCF_001640805.2,尖吻鲈 (Lates calcarifer)
LOC108874522,LOC108873614,0.0938927157980051,0.1850732342741693,0.5073273624154184,GCF_001640805.2,尖吻鲈 (Lates calcarifer)
LOC108899702,LOC108880101,0.0103353477642479,0.025658394426335,0.4028057092161642,GCF_001640805.2,尖吻鲈 (Lates calcarifer)
LOC108896380,LOC108879430,0.1652114575869106,0.1930392412477668,0.8558439026128419,GCF_001640805.2,尖吻鲈 (Lates calcarifer)
LOC108882200,LOC108892324,0.0320333385697874,0.0251420190289825,1.2740957093724592,GCF_001640805.2,尖吻鲈 (Lates calcarifer)
LOC108891864,LOC127143104,0.1442428393927559,0.260171877927114,0.5544136458636201,GCF_001640805.2,尖吻鲈 (Lates calcarifer)
LOC108880556,LOC108880557,0.0860158577373142,0.0784464399406771,1.0964915399903588,GCF_001640805.2,尖吻鲈 (Lates calcarifer)
LOC108880556,LOC108880656,0.2477317885839111,0.3684304732903039,0.6723976612779027,GCF_001640805.2,尖吻鲈 (Lates calcarifer)
LOC108880556,LOC108890823,0.3156102496060508,0.488618921472964,0.6459231023117755,GCF_001640805.2,尖吻鲈 (Lates calcarifer)
LOC108880556,LOC108890999,0.2927559140785236,0.4399192589000903,0.6654764667736703,GCF_001640805.2,尖吻鲈 (Lates calcarifer)
LOC108890807,LOC108896959,0.0,0.0079576343340116,0.0,GCF_001640805.2,尖吻鲈 (Lates calcarifer)
ext1b,LOC108889677,0.0010932946542424,0.007537751890126,0.1450425365783936,GCF_001640805.2,尖吻鲈 (Lates calcarifer)
LOC108897177,LOC108879807,0.0089381516610293,0.0186656067747407,0.4788567427191758,GCF_001640805.2,尖吻鲈 (Lates calcarifer)
LOC108889204,LOC108902916,0.0067547278808408,0.0165695382591702,0.4076593912991193,GCF_001640805.2,尖吻鲈 (Lates calcarifer)
LOC108880331,ankrd6a,0.0023506385549681,0.0080808862558579,0.2908887070727103,GCF_001640805.2,尖吻鲈 (Lates calcarifer)
LOC108892807,LOC108892696,0.0,0.0082645464372079,0.0,GCF_001640805.2,尖吻鲈 (Lates calcarifer)
LOC108892739,LOC108874237,0.1635414509873136,0.1955912276254497,0.8361389872785592,GCF_001640805.2,尖吻鲈 (Lates calcarifer)
LOC108892739,LOC127140206,0.2998340101360705,0.3556169387648915,0.8431375940005472,GCF_001640805.2,尖吻鲈 (Lates calcarifer)
LOC108892739,LOC108890946,0.3316406268062328,0.3733028342997223,0.8883956839715844,GCF_001640805.2,尖吻鲈 (Lates calcarifer)
LOC108880328,LOC108897874,0.0326551499377303,0.0452544558030199,0.7215897165987166,GCF_001640805.2,尖吻鲈 (Lates calcarifer)
LOC108881174,LOC108876360,0.0675962255462433,0.0923897247078207,0.7316422444164007,GCF_001640805.2,尖吻鲈 (Lates calcarifer)
LOC108881174,LOC108890185,0.086742169032192,0.0753097742334359,1.1518049272504711,GCF_001640805.2,尖吻鲈 (Lates calcarifer)
LOC108881174,LOC108891445,0.118652397473372,0.1391990716884113,0.8523935974154209,GCF_001640805.2,尖吻鲈 (Lates calcarifer)
LOC108881174,LOC108873865,0.1154368414909012,0.1571885306642398,0.7343846335549656,GCF_001640805.2,尖吻鲈 (Lates calcarifer)
LOC108882431,LOC108882453,0.1104344636729874,0.2009689508396192,0.5495100771119531,GCF_001640805.2,尖吻鲈 (Lates calcarifer)
pip5k1ca,LOC108894377,0.0701482319752643,0.0764489159390738,0.9175830829461232,GCF_001640805.2,尖吻鲈 (Lates calcarifer)
slc26a5,LOC108898256,0.0015818619099011,0.0023166041584397,0.6828365148781048,GCF_001640805.2,尖吻鲈 (Lates calcarifer)
LOC108896240,LOC108897424,0.0024142461245198,0.0038010851079389,0.6351465584070932,GCF_001640805.2,尖吻鲈 (Lates calcarifer)
LOC108886322,LOC108886326,0.1283694609263041,0.3207616676241461,0.4002020000616831,GCF_001640805.2,尖吻鲈 (Lates calcarifer)
LOC108872545,LOC108887364,0.1407470037754383,0.5285310022207641,0.2662984823672637,GCF_001640805.2,尖吻鲈 (Lates calcarifer)
LOC108896698,LOC108873662,0.0,0.0022354711036033,0.0,GCF_001640805.2,尖吻鲈 (Lates calcarifer)
LOC108880662,LOC127143319,0.0476185038003319,0.0761618462472574,0.6252278029833956,GCF_001640805.2,尖吻鲈 (Lates calcarifer)
LOC108900436,LOC108876761,0.0146219295992002,0.0321350224263599,0.4550153849342295,GCF_001640805.2,尖吻鲈 (Lates calcarifer)
smpd3,LOC108879803,0.0,0.0043763800325415,0.0,GCF_001640805.2,尖吻鲈 (Lates calcarifer)
LOC108892152,LOC108876824,0.002936573837755,0.0043321420087887,0.6778572428598733,GCF_001640805.2,尖吻鲈 (Lates calcarifer)
LOC108876645,meltf,0.0,0.0020718245219325,0.0,GCF_001640805.2,尖吻鲈 (Lates calcarifer)
daxx,LOC108888431,0.0793118629684928,0.0922434068098601,0.8598106435073152,GCF_001640805.2,尖吻鲈 (Lates calcarifer)
LOC108874519,LOC108891280,0.0127703078195521,0.0170509145783522,0.7489514864947624,GCF_001640805.2,尖吻鲈 (Lates calcarifer)
LOC108874519,LOC108873614,0.0983456459571057,0.1600999818030511,0.6142764343226894,GCF_001640805.2,尖吻鲈 (Lates calcarifer)
LOC108874519,LOC108873822,0.1000248247248657,0.1275503149335528,0.7841989631854189,GCF_001640805.2,尖吻鲈 (Lates calcarifer)
LOC108900453,LOC108900454,0.001816714654946,0.0060893433288781,0.2983432788771148,GCF_001640805.2,尖吻鲈 (Lates calcarifer)
LOC108888421,LOC108881897,0.0030352125601477,0.0100605130242474,0.3016956046706998,GCF_001640805.2,尖吻鲈 (Lates calcarifer)
LOC108888421,LOC108872785,0.0094236273036711,0.0167708851186179,0.5619039923664885,GCF_001640805.2,尖吻鲈 (Lates calcarifer)
LOC108881897,LOC108872785,0.0071969550223753,0.0092650962072464,0.7767814668504434,GCF_001640805.2,尖吻鲈 (Lates calcarifer)
LOC108879783,parp12a,0.0011964110214067,0.0111692309940596,0.1071166870882219,GCF_001640805.2,尖吻鲈 (Lates calcarifer)
tgm8,LOC108884380,0.0950885498261109,0.1764048178226143,0.5390360138674227,GCF_001640805.2,尖吻鲈 (Lates calcarifer)
LOC108878983,LOC108893030,0.0006058158649266,0.0021739145655084,0.2786751027563821,GCF_001640805.2,尖吻鲈 (Lates calcarifer)
gys2,LOC108897528,0.0030725155629975,0.0063380658882924,0.4847717927125068,GCF_001640805.2,尖吻鲈 (Lates calcarifer)
LOC108874816,LOC108874633,0.0055356478879505,0.004229831444148,1.3087159526437016,GCF_001640805.2,尖吻鲈 (Lates calcarifer)
ak7b,LOC108887402,0.0018387995726315,0.0175652056560738,0.1046842040244296,GCF_001640805.2,尖吻鲈 (Lates calcarifer)
LOC108880557,LOC108890823,0.2663174321692065,0.4508179728963633,0.5907427125369493,GCF_001640805.2,尖吻鲈 (Lates calcarifer)
LOC108880557,LOC108880656,0.2180655477061716,0.3669232505570085,0.5943083393465441,GCF_001640805.2,尖吻鲈 (Lates calcarifer)
LOC108880557,LOC108890824,0.1948227068943664,0.3028414963356849,0.6433157584138172,GCF_001640805.2,尖吻鲈 (Lates calcarifer)
enox2,LOC108895356,0.072930139832524,0.6437493413331893,0.1132896535186933,GCF_001640805.2,尖吻鲈 (Lates calcarifer)
LOC108879799,LOC108884606,0.0036552006554907,0.0067189699086686,0.5440120591662206,GCF_001640805.2,尖吻鲈 (Lates calcarifer)
LOC108891288,pgghg,0.0024873066636057,0.0062739996403165,0.396446733535398,GCF_001640805.2,尖吻鲈 (Lates calcarifer)
LOC108891550,LOC108891748,0.0670073593230063,0.0637469746286034,1.0511457165363265,GCF_001640805.2,尖吻鲈 (Lates calcarifer)
LOC108891550,LOC108882227,0.1104118068326262,0.1316564023564324,0.8386360621772813,GCF_001640805.2,尖吻鲈 (Lates calcarifer)
LOC108891550,LOC108897755,0.1452194491993572,0.1713521751186711,0.847491133968883,GCF_001640805.2,尖吻鲈 (Lates calcarifer)
LOC108891550,LOC127142277,0.139827624609749,0.1642337810519772,0.8513938101777977,GCF_001640805.2,尖吻鲈 (Lates calcarifer)
LOC108887369,LOC108887413,0.0113604110849347,0.0276999412842618,0.4101240132010427,GCF_001640805.2,尖吻鲈 (Lates calcarifer)
LOC108887369,LOC108885785,0.3010714764243957,0.5056284593257054,0.5954401317241869,GCF_001640805.2,尖吻鲈 (Lates calcarifer)
LOC108886528,LOC108886590,0.0207625715613125,0.0144757207777853,1.4343031259054917,GCF_001640805.2,尖吻鲈 (Lates calcarifer)
LOC108873614,LOC108873615,0.0623353337519177,0.0913044539103661,0.6827195288097617,GCF_001640805.2,尖吻鲈 (Lates calcarifer)
LOC108873614,LOC108873822,0.0831564006351825,0.1132519553122948,0.7342601759579068,GCF_001640805.2,尖吻鲈 (Lates calcarifer)
LOC127140206,LOC108874237,0.2707752827022653,0.322142007360126,0.8405463321011801,GCF_001640805.2,尖吻鲈 (Lates calcarifer)
LOC127140206,LOC108874226,0.3700723986758663,0.5145704430433846,0.7191870494681029,GCF_001640805.2,尖吻鲈 (Lates calcarifer)
LOC108900052,and1,0.0110335362778235,0.0204749768912109,0.5388790588847903,GCF_001640805.2,尖吻鲈 (Lates calcarifer)
LOC108873822,LOC108873615,0.05344942880701,0.1008485911889953,0.5299967820754495,GCF_001640805.2,尖吻鲈 (Lates calcarifer)
LOC108873615,LOC108874522,0.1005235817978815,0.1632953145105735,0.6155937915253076,GCF_001640805.2,尖吻鲈 (Lates calcarifer)
LOC108873615,LOC108874519,0.0995158631713278,0.1441149073844908,0.6905313612409633,GCF_001640805.2,尖吻鲈 (Lates calcarifer)
thop1,LOC108892667,0.0,0.0086207845693013,0.0,GCF_001640805.2,尖吻鲈 (Lates calcarifer)
LOC108899806,LOC108880085,0.0645482523153038,0.1112326360389408,0.5802995830531833,GCF_001640805.2,尖吻鲈 (Lates calcarifer)
LOC108887672,LOC108885239,0.0032213085063055,0.0103915760066295,0.3099922960916065,GCF_001640805.2,尖吻鲈 (Lates calcarifer)
LOC108887672,LOC108902778,0.0042066769759745,0.011510515429353,0.3654638232139491,GCF_001640805.2,尖吻鲈 (Lates calcarifer)
LOC127142018,LOC108898449,0.1515329649696235,0.4589181130356624,0.3301960865463768,GCF_001640805.2,尖吻鲈 (Lates calcarifer)
LOC108885239,LOC108902778,0.0035621828622415,0.0010416668341157,3.419694998032146,GCF_001640805.2,尖吻鲈 (Lates calcarifer)
LOC108881302,LOC108881303,0.1429167471001998,0.2654906666346935,0.538311756536619,GCF_001640805.2,尖吻鲈 (Lates calcarifer)
LOC108899662,LOC108899664,0.0493996045815674,0.1659297097873154,0.2977140419572034,GCF_001640805.2,尖吻鲈 (Lates calcarifer)
LOC108874741,LOC108874751,0.1971596113426427,0.400934022101308,0.4917507631538049,GCF_001640805.2,尖吻鲈 (Lates calcarifer)
LOC108874741,LOC108874406,0.2242640515759409,0.3514970709838961,0.6380253779873335,GCF_001640805.2,尖吻鲈 (Lates calcarifer)
LOC108874741,LOC108902042,0.2568104439757993,0.4499331387408275,0.5707746815326896,GCF_001640805.2,尖吻鲈 (Lates calcarifer)
LOC108874741,LOC108889769,0.2364313803768833,0.44916185936788,0.5263834750119274,GCF_001640805.2,尖吻鲈 (Lates calcarifer)
LOC108873005,si_dkey-87k14.1,0.0013032149239056,0.0083799754485939,0.155515363010317,GCF_001640805.2,尖吻鲈 (Lates calcarifer)
LOC108892705,LOC108881853,0.002607564556238,0.0062849529800631,0.4148900659256515,GCF_001640805.2,尖吻鲈 (Lates calcarifer)
vps9d1,LOC108879178,0.029804734999289,0.0435208572484871,0.6848379577891962,GCF_001640805.2,尖吻鲈 (Lates calcarifer)
trim25,LOC108884563,0.2749400615973599,0.5154871951868648,0.5333596336911799,GCF_001640805.2,尖吻鲈 (Lates calcarifer)
LOC108880182,dclre1c,0.0,0.002243831142617,0.0,GCF_001640805.2,尖吻鲈 (Lates calcarifer)
LOC108891942,LOC108874742,0.2789952421239366,0.2746168333688508,1.015943701270508,GCF_001640805.2,尖吻鲈 (Lates calcarifer)
LOC108901685,cpt2,0.0025792610052271,0.011257246987924,0.2291200511096569,GCF_001640805.2,尖吻鲈 (Lates calcarifer)
LOC108874433,LOC108884012,0.0184505177673873,0.0289522997758678,0.6372729596688583,GCF_001640805.2,尖吻鲈 (Lates calcarifer)
LOC108874433,LOC108874432,0.0199266540483951,0.0289522997758678,0.6882580728527916,GCF_001640805.2,尖吻鲈 (Lates calcarifer)
LOC108891280,LOC108873822,0.1022055421683801,0.1322392423074283,0.7728836038758742,GCF_001640805.2,尖吻鲈 (Lates calcarifer)
LOC108891280,LOC108873614,0.0965841045388974,0.1793778157695812,0.538439517308896,GCF_001640805.2,尖吻鲈 (Lates calcarifer)
LOC108893156,LOC108893149,0.0025859308022983,0.0022480346542305,1.1503073573318274,GCF_001640805.2,尖吻鲈 (Lates calcarifer)
LOC108875554,LOC108892317,0.0188131145173042,0.0264672536679712,0.7108072017336103,GCF_001640805.2,尖吻鲈 (Lates calcarifer)
LOC108875554,LOC108874629,0.1546498081814891,0.2335651773296813,0.6621269914872552,GCF_001640805.2,尖吻鲈 (Lates calcarifer)
LOC108875554,LOC108891218,0.0870016019677473,0.1223187736732299,0.711269409879541,GCF_001640805.2,尖吻鲈 (Lates calcarifer)
LOC108884513,LOC108880132,0.0338546316569537,0.0461108646885384,0.7342007547598386,GCF_001640805.2,尖吻鲈 (Lates calcarifer)
LOC108892073,LOC108892728,0.2124926850943662,0.284250568955539,0.7475541240784754,GCF_001640805.2,尖吻鲈 (Lates calcarifer)
LOC108892073,LOC127139640,0.0691296474007131,0.1139211526224346,0.6068201190855874,GCF_001640805.2,尖吻鲈 (Lates calcarifer)
LOC108880656,LOC108890823,0.1081013908397776,0.130182094509694,0.8303860161946299,GCF_001640805.2,尖吻鲈 (Lates calcarifer)
LOC108880656,LOC108890999,0.1199149415452682,0.1646548574472284,0.7282806192565606,GCF_001640805.2,尖吻鲈 (Lates calcarifer)
LOC108892317,LOC108874629,0.1519631836199787,0.2304494452963896,0.6594209130099369,GCF_001640805.2,尖吻鲈 (Lates calcarifer)
LOC108892317,LOC108891218,0.07804194949481,0.1330684645765536,0.5864796722736131,GCF_001640805.2,尖吻鲈 (Lates calcarifer)
rhot1b,LOC108879324,0.0,0.0097088734440278,0.0,GCF_001640805.2,尖吻鲈 (Lates calcarifer)
LOC108885506,LOC108885495,0.1110227077987428,0.6627341403513682,0.1675222401246461,GCF_001640805.2,尖吻鲈 (Lates calcarifer)
LOC108885506,LOC108885510,0.1139718066975052,0.654429172277188,0.1741545327218875,GCF_001640805.2,尖吻鲈 (Lates calcarifer)
LOC108885506,LOC108885516,0.1224216967286825,0.6070757472185622,0.2016580258552277,GCF_001640805.2,尖吻鲈 (Lates calcarifer)
LOC108885506,LOC108885489,0.1298608341316396,0.6681947905277454,0.1943457745743191,GCF_001640805.2,尖吻鲈 (Lates calcarifer)
dusp16,LOC108890240,0.0006725703847203,0.0168369048932172,0.0399462008597117,GCF_001640805.2,尖吻鲈 (Lates calcarifer)
LOC108897039,LOC108897015,0.0023106565131818,0.0053286192178085,0.4336313815518208,GCF_001640805.2,尖吻鲈 (Lates calcarifer)
LOC108897871,LOC108896079,0.0244243305550042,0.0351611456202462,0.6946397827532775,GCF_001640805.2,尖吻鲈 (Lates calcarifer)
mtmr14,LOC108880075,0.0483350550952484,0.0672450119128717,0.7187901930610908,GCF_001640805.2,尖吻鲈 (Lates calcarifer)
LOC108900684,LOC108885720,0.0007255139622593,0.0021629430996786,0.3354290560704796,GCF_001640805.2,尖吻鲈 (Lates calcarifer)
LOC127139242,LOC108884997,0.2219699087993371,0.300437310383143,0.7388227131851977,GCF_001640805.2,尖吻鲈 (Lates calcarifer)
LOC127139242,LOC108888105,0.2235589022360929,0.301811081467907,0.7407246319412065,GCF_001640805.2,尖吻鲈 (Lates calcarifer)
tmcc1b,LOC108886593,0.0516421391184528,0.0736884638154949,0.7008171489061996,GCF_001640805.2,尖吻鲈 (Lates calcarifer)
lrrc4ca,LOC108887051,0.0,0.0033557102961908,0.0,GCF_001640805.2,尖吻鲈 (Lates calcarifer)
LOC127140863,LOC127140864,0.0075436556660361,0.0099324900624487,0.7594928984178948,GCF_001640805.2,尖吻鲈 (Lates calcarifer)
LOC127140863,LOC108897942,0.1232840319953088,0.1109204357172843,1.1114636468751076,GCF_001640805.2,尖吻鲈 (Lates calcarifer)
LOC127140863,LOC108873925,0.0182650963707114,0.0405293405448962,0.4506635470784036,GCF_001640805.2,尖吻鲈 (Lates calcarifer)
LOC108902349,LOC108902350,0.1016816739184026,0.1526418063160049,0.6661456410434332,GCF_001640805.2,尖吻鲈 (Lates calcarifer)
LOC108887090,LOC108888983,0.0174638999056533,0.0253125761552616,0.6899297723998413,GCF_001640805.2,尖吻鲈 (Lates calcarifer)
LOC108893042,inpp5e,0.0,0.0091604192204534,0.0,GCF_001640805.2,尖吻鲈 (Lates calcarifer)
LOC108890068,pdia4,0.0006638637300007,0.0122053141109032,0.0543913678884939,GCF_001640805.2,尖吻鲈 (Lates calcarifer)
LOC108888053,LOC108902814,0.0027266560366185,0.0022238711623761,1.2260854328022974,GCF_001640805.2,尖吻鲈 (Lates calcarifer)
znf276,LOC108901979,0.000663276629566,0.0073230850311789,0.0905733890487462,GCF_001640805.2,尖吻鲈 (Lates calcarifer)
LOC108887217,LOC108887180,0.0666964532686745,0.1184589155351301,0.5630344745887453,GCF_001640805.2,尖吻鲈 (Lates calcarifer)
LOC108887217,LOC108887219,0.2180636657631561,0.3159493894796317,0.6901854316677326,GCF_001640805.2,尖吻鲈 (Lates calcarifer)
LOC108887217,LOC108887183,0.2994356993119212,0.4532337741225015,0.660665017499311,GCF_001640805.2,尖吻鲈 (Lates calcarifer)
LOC108887217,LOC108887185,0.3389534435329711,0.458158347294777,0.7398172390273836,GCF_001640805.2,尖吻鲈 (Lates calcarifer)
LOC127138925,LOC108892212,0.0006734763052164,0.0404699516197863,0.0166413914092056,GCF_001640805.2,尖吻鲈 (Lates calcarifer)
LOC127138925,LOC108892190,0.001348618030273,0.0379227695990267,0.0355622240815367,GCF_001640805.2,尖吻鲈 (Lates calcarifer)
LOC127138925,LOC108877984,0.0013480120456599,0.0453238043886885,0.0297418114794524,GCF_001640805.2,尖吻鲈 (Lates calcarifer)
LOC108892212,LOC108877984,0.0006734763052164,0.0140354973235302,0.0479837863733842,GCF_001640805.2,尖吻鲈 (Lates calcarifer)
LOC108892212,LOC108892190,0.002023155098919,0.0307008623783043,0.0658989664195482,GCF_001640805.2,尖吻鲈 (Lates calcarifer)
LOC108877984,LOC108892190,0.0026996654570946,0.0306646484374777,0.088038363218122,GCF_001640805.2,尖吻鲈 (Lates calcarifer)
LOC108882332,mepceb,0.0035157687725434,0.0166615668461448,0.2110106933524665,GCF_001640805.2,尖吻鲈 (Lates calcarifer)
crata,LOC108875488,0.2524676075931674,0.557359596529293,0.4529707735639545,GCF_001640805.2,尖吻鲈 (Lates calcarifer)
LOC108890946,LOC108874237,0.3233448362656934,0.4203274933313639,0.7692688234666237,GCF_001640805.2,尖吻鲈 (Lates calcarifer)
LOC108890946,LOC108874226,0.2352542169932111,0.3062571059518348,0.7681592113987052,GCF_001640805.2,尖吻鲈 (Lates calcarifer)
LOC108885749,LOC108900141,0.0006805808089523,0.0069767944967351,0.0975492125030881,GCF_001640805.2,尖吻鲈 (Lates calcarifer)
LOC108892695,LOC108892805,0.0160233603678241,0.0296522185898473,0.5403764416235086,GCF_001640805.2,尖吻鲈 (Lates calcarifer)
LOC108892695,LOC108891967,0.2064999266062034,0.270825034296094,0.7624846319799088,GCF_001640805.2,尖吻鲈 (Lates calcarifer)
LOC108892695,LOC108874226,0.2860256673968283,0.3765070843173884,0.7596820333816456,GCF_001640805.2,尖吻鲈 (Lates calcarifer)
LOC108892695,LOC108874237,0.4551955189709711,0.5640504144439538,0.8070121168507732,GCF_001640805.2,尖吻鲈 (Lates calcarifer)
LOC108874155,LOC108891181,0.0020550303986449,0.0050021027435603,0.4108333043119916,GCF_001640805.2,尖吻鲈 (Lates calcarifer)
LOC108874153,LOC108891181,0.0020550303986449,0.0050021027435603,0.4108333043119916,GCF_001640805.2,尖吻鲈 (Lates calcarifer)
LOC108887443,LOC108882453,0.3409649115758663,0.3797339022696687,0.8979048474153077,GCF_001640805.2,尖吻鲈 (Lates calcarifer)
LOC108888435,LOC108892076,0.1388755098434972,0.3276030587256632,0.4239139597282956,GCF_001640805.2,尖吻鲈 (Lates calcarifer)
LOC108888435,LOC108892730,0.1264395103350951,0.2618950070016774,0.4827870213435774,GCF_001640805.2,尖吻鲈 (Lates calcarifer)
LOC108888435,LOC108892731,0.111864506093473,0.2731291446970023,0.4095663471489678,GCF_001640805.2,尖吻鲈 (Lates calcarifer)
LOC108888435,LOC108874248,0.1240468006166799,0.3159154929190155,0.39265817409113,GCF_001640805.2,尖吻鲈 (Lates calcarifer)
LOC108901159,LOC108889722,0.0016103065767488,0.0122702123289051,0.1312370587879278,GCF_001640805.2,尖吻鲈 (Lates calcarifer)
LOC108889731,pck1,0.0006930007423064,0.0023382715744394,0.2963730773969549,GCF_001640805.2,尖吻鲈 (Lates calcarifer)
samhd1,LOC108880124,0.0133395300014111,0.0228070540858461,0.584886147557721,GCF_001640805.2,尖吻鲈 (Lates calcarifer)
LOC108900389,LOC108900390,0.0539422418074853,0.2254378635232401,0.2392776482373133,GCF_001640805.2,尖吻鲈 (Lates calcarifer)
mus81,LOC108892066,0.0007945968164786,0.0077754476112048,0.1021930641437993,GCF_001640805.2,尖吻鲈 (Lates calcarifer)
LOC108879701,LOC108899328,0.0240655825377848,0.029450018416313,0.8171669775409838,GCF_001640805.2,尖吻鲈 (Lates calcarifer)
LOC108879701,LOC108901650,0.0240655825377848,0.029450018416313,0.8171669775409838,GCF_001640805.2,尖吻鲈 (Lates calcarifer)
LOC108873916,LOC108877193,0.0020718245219325,0.0098929711394619,0.2094238922489395,GCF_001640805.2,尖吻鲈 (Lates calcarifer)
slc5a6b,LOC108887061,0.0009249268938547,0.0057007400356025,0.1622468114803198,GCF_001640805.2,尖吻鲈 (Lates calcarifer)
mta1,LOC108880169,0.0007875049942586,0.0026189463538983,0.300695351428813,GCF_001640805.2,尖吻鲈 (Lates calcarifer)
LOC108877218,LOC108877217,0.1262837713831372,0.3294477409558077,0.383319585123751,GCF_001640805.2,尖吻鲈 (Lates calcarifer)
LOC108877218,LOC108877219,0.200278670243037,0.420176323532833,0.4766538689260225,GCF_001640805.2,尖吻鲈 (Lates calcarifer)
LOC108880648,hrob,0.0014573723312949,0.0042283410093858,0.344667643423265,GCF_001640805.2,尖吻鲈 (Lates calcarifer)
LOC108899811,LOC108899790,0.1922103596472552,0.5167418778084624,0.3719659038714502,GCF_001640805.2,尖吻鲈 (Lates calcarifer)
LOC108880677,LOC108880689,0.124739324497339,0.1942131900551417,0.6422803953836639,GCF_001640805.2,尖吻鲈 (Lates calcarifer)
LOC108894784,LOC108898549,0.0,0.0026809680022194,0.0,GCF_001640805.2,尖吻鲈 (Lates calcarifer)
LOC108888643,LOC108874464,0.0013717424948793,0.0051635315831228,0.2656597471704997,GCF_001640805.2,尖吻鲈 (Lates calcarifer)
LOC108887219,LOC108887180,0.191318563065376,0.3155592929642368,0.6062840402138266,GCF_001640805.2,尖吻鲈 (Lates calcarifer)
LOC108887219,LOC108887185,0.2386909382887735,0.3810848585301543,0.6263458989407382,GCF_001640805.2,尖吻鲈 (Lates calcarifer)
LOC108887219,LOC108887183,0.2733275980225149,0.4576049330121511,0.5973003748525084,GCF_001640805.2,尖吻鲈 (Lates calcarifer)
abcf2b,LOC108899976,0.0471615683121682,0.0494497242030784,0.9537276308860028,GCF_001640805.2,尖吻鲈 (Lates calcarifer)
eya1,LOC108902297,0.0012864497150662,0.0042493031517579,0.3027436897586492,GCF_001640805.2,尖吻鲈 (Lates calcarifer)
LOC108880344,LOC108897386,0.0,0.0122551746344172,0.0,GCF_001640805.2,尖吻鲈 (Lates calcarifer)
lmf1,LOC108889211,0.0,0.0129035440872231,0.0,GCF_001640805.2,尖吻鲈 (Lates calcarifer)
LOC108894937,si_ch211-256e16.3,0.0,0.0048622536585586,0.0,GCF_001640805.2,尖吻鲈 (Lates calcarifer)
LOC108891544,LOC108886130,0.3077694876092213,0.4066886250195657,0.7567693529525558,GCF_001640805.2,尖吻鲈 (Lates calcarifer)
LOC108891544,LOC108889000,0.296901379424248,0.4986057728439778,0.5954631807224453,GCF_001640805.2,尖吻鲈 (Lates calcarifer)
setd3,LOC108890339,0.003911861782736,0.0054471415111309,0.7181494688071546,GCF_001640805.2,尖吻鲈 (Lates calcarifer)
LOC108873893,LOC108896703,0.0036027450087488,0.0071118668021321,0.5065821828480688,GCF_001640805.2,尖吻鲈 (Lates calcarifer)
LOC108891904,LOC108891450,0.0,0.007177088262113,0.0,GCF_001640805.2,尖吻鲈 (Lates calcarifer)
LOC108899906,LOC108899926,0.0282643885251906,0.1762645093458035,0.1603521243731503,GCF_001640805.2,尖吻鲈 (Lates calcarifer)
LOC108874340,LOC108873863,0.0017751487576996,0.0183095405024138,0.0969521194409873,GCF_001640805.2,尖吻鲈 (Lates calcarifer)
LOC108874340,LOC108881603,0.040189494843359,0.0779922851430359,0.5153009014885575,GCF_001640805.2,尖吻鲈 (Lates calcarifer)
LOC108892159,LOC108876357,0.0007827789360287,0.0049937762521165,0.1567509028256931,GCF_001640805.2,尖吻鲈 (Lates calcarifer)
LOC108890196,LOC108882054,0.0060968200594878,0.0052333400302956,1.1649959727809631,GCF_001640805.2,尖吻鲈 (Lates calcarifer)
xkr4,LOC108896764,0.0154430322378008,0.0195196443640995,0.7911533606730872,GCF_001640805.2,尖吻鲈 (Lates calcarifer)
xkr4,LOC108891269,0.060017149950398,0.0822147937629168,0.7300042632651949,GCF_001640805.2,尖吻鲈 (Lates calcarifer)
LOC108889557,LOC108898759,0.0014119312323906,0.0026420106581413,0.5344154188174189,GCF_001640805.2,尖吻鲈 (Lates calcarifer)
LOC108890824,LOC108890998,0.0697992745151234,0.0446669036996537,1.562662032373302,GCF_001640805.2,尖吻鲈 (Lates calcarifer)
LOC108890824,LOC108890999,0.1324069942318553,0.154830476804761,0.8551739745581136,GCF_001640805.2,尖吻鲈 (Lates calcarifer)
LOC108890824,LOC108880656,0.1806456594076334,0.2281965509656123,0.791623092650754,GCF_001640805.2,尖吻鲈 (Lates calcarifer)
LOC108876936,LOC108876938,0.0214821494641741,0.0924478553627652,0.2323704468846596,GCF_001640805.2,尖吻鲈 (Lates calcarifer)
LOC108876936,LOC108876940,0.2601910410188143,0.7360207698665722,0.3535104601273445,GCF_001640805.2,尖吻鲈 (Lates calcarifer)
LOC108888105,LOC108884997,0.0029094472175239,0.0024222871277885,1.2011157488914588,GCF_001640805.2,尖吻鲈 (Lates calcarifer)
LOC108885214,LOC108902384,0.1004558116999009,0.070757124971353,1.4197271545525874,GCF_001640805.2,尖吻鲈 (Lates calcarifer)
LOC127142138,LOC108879354,0.0216271510026429,0.0310306788233872,0.6969602929325212,GCF_001640805.2,尖吻鲈 (Lates calcarifer)
LOC127142138,LOC108879338,0.0457427748632809,0.05195642828837,0.8804064553744548,GCF_001640805.2,尖吻鲈 (Lates calcarifer)
LOC127142138,LOC127139650,0.0712124132686234,0.0756772221021043,0.9410019460352684,GCF_001640805.2,尖吻鲈 (Lates calcarifer)
LOC127142138,LOC127142277,0.0696651505704501,0.0703033050412375,0.9909228382589826,GCF_001640805.2,尖吻鲈 (Lates calcarifer)
LOC127140542,LOC108885217,0.438013235335681,0.6406192130753603,0.6837341534496789,GCF_001640805.2,尖吻鲈 (Lates calcarifer)
LOC108889759,LOC108901164,0.0319989007538805,0.0502513489053019,0.6367769512850713,GCF_001640805.2,尖吻鲈 (Lates calcarifer)
LOC108889759,LOC108901155,0.1869185087177321,0.2515508253633933,0.7430645812738137,GCF_001640805.2,尖吻鲈 (Lates calcarifer)
LOC108889759,LOC108880941,0.2066516298369165,0.4255029121112166,0.4856644313233339,GCF_001640805.2,尖吻鲈 (Lates calcarifer)
LOC108889759,LOC108880937,0.1992435134902493,0.4170823561864121,0.4777078448295685,GCF_001640805.2,尖吻鲈 (Lates calcarifer)
LOC108879285,mmp17a,0.0149147346045619,0.2348550038604704,0.0635061393600236,GCF_001640805.2,尖吻鲈 (Lates calcarifer)
LOC108890998,LOC108890823,0.1740982552612457,0.1893377713212213,0.9195114849317574,GCF_001640805.2,尖吻鲈 (Lates calcarifer)
LOC108890998,LOC108880656,0.2033629556206883,0.2209044316334388,0.9205924666923014,GCF_001640805.2,尖吻鲈 (Lates calcarifer)
LOC108890998,LOC108880556,0.2447343175029744,0.3117638611391071,0.7849989944593851,GCF_001640805.2,尖吻鲈 (Lates calcarifer)
LOC108885785,LOC108887413,0.2856585649228277,0.5407103016281576,0.5283024274970683,GCF_001640805.2,尖吻鲈 (Lates calcarifer)
LOC108885785,LOC108900338,0.1617920399998,0.2994375357785471,0.5403198352509,GCF_001640805.2,尖吻鲈 (Lates calcarifer)
LOC108901423,LOC108892809,0.0182638895193819,0.0173167865792736,1.0546927650677378,GCF_001640805.2,尖吻鲈 (Lates calcarifer)
LOC108886366,LOC108902166,0.027056208007364,0.0452191726920901,0.59833487427108,GCF_001640805.2,尖吻鲈 (Lates calcarifer)
LOC108886366,LOC108903031,0.0425854529053989,0.0525729253725034,0.8100263130434792,GCF_001640805.2,尖吻鲈 (Lates calcarifer)
LOC108895427,LOC108891399,0.0314818007096232,0.0370346229434223,0.8500640267815838,GCF_001640805.2,尖吻鲈 (Lates calcarifer)
klhdc4,LOC108872387,0.0007193382639915,0.0239275942226078,0.0300631253313321,GCF_001640805.2,尖吻鲈 (Lates calcarifer)
LOC108887183,LOC108887180,0.291284287429227,0.4599027360596023,0.6333606316955619,GCF_001640805.2,尖吻鲈 (Lates calcarifer)
LOC108887183,LOC108887185,0.2780124395654492,0.4611300315509584,0.6028938055289654,GCF_001640805.2,尖吻鲈 (Lates calcarifer)
LOC108886337,LOC108886340,0.1432981648755832,0.2604221079755325,0.5502534557820509,GCF_001640805.2,尖吻鲈 (Lates calcarifer)
LOC108887180,LOC108887185,0.3187719853158963,0.4304008579819686,0.7406397533929896,GCF_001640805.2,尖吻鲈 (Lates calcarifer)
LOC108876339,LOC108890348,0.3716561125804635,0.5822624119646611,0.638296590924403,GCF_001640805.2,尖吻鲈 (Lates calcarifer)
phf21b,LOC108892318,0.0011971271496166,0.0039164579858637,0.3056657709434504,GCF_001640805.2,尖吻鲈 (Lates calcarifer)
LOC108884996,LOC108885011,0.1883584705290477,0.4168568698603948,0.4518540634633872,GCF_001640805.2,尖吻鲈 (Lates calcarifer)
LOC108884344,LOC108884345,0.1083796526175198,0.4622646889053204,0.2344536695506019,GCF_001640805.2,尖吻鲈 (Lates calcarifer)
LOC108884344,LOC108884348,0.1084830403676092,0.465738550733787,0.2329269075894416,GCF_001640805.2,尖吻鲈 (Lates calcarifer)
LOC108892105,LOC108892196,0.0365547069975444,0.1057022554733253,0.3458271238759829,GCF_001640805.2,尖吻鲈 (Lates calcarifer)
LOC108880686,LOC108880692,0.3183189819780246,0.3607974315635238,0.8822650998333944,GCF_001640805.2,尖吻鲈 (Lates calcarifer)
LOC108885737,LOC108900149,0.0338129382758726,0.0490343515289917,0.6895765360714656,GCF_001640805.2,尖吻鲈 (Lates calcarifer)
LOC108885737,LOC108900123,0.1391307700757646,0.3916649768889282,0.3552290306396748,GCF_001640805.2,尖吻鲈 (Lates calcarifer)
LOC108885737,LOC108884502,0.1608074035090912,0.4099847600948191,0.3922277585925404,GCF_001640805.2,尖吻鲈 (Lates calcarifer)
ezra,ezrb,0.1364332969692438,0.7265286134006026,0.1877879197773805,GCF_001640805.2,尖吻鲈 (Lates calcarifer)
nfixb,nfixa,0.0705689585190521,0.5372291367773241,0.1313572806984633,GCF_001640805.2,尖吻鲈 (Lates calcarifer)
LOC108885836,LOC108902357,0.0072573895584407,0.0133485169832454,0.5436850825863235,GCF_001640805.2,尖吻鲈 (Lates calcarifer)
LOC108884345,LOC108884348,0.0190745975797572,0.0273349126631146,0.697810811208345,GCF_001640805.2,尖吻鲈 (Lates calcarifer)
LOC108874249,LOC108891438,0.0412599354761182,0.1197968383769294,0.3444158964053602,GCF_001640805.2,尖吻鲈 (Lates calcarifer)
LOC108874249,LOC108874248,0.0420291991873043,0.1260328001642609,0.3334782622660681,GCF_001640805.2,尖吻鲈 (Lates calcarifer)
LOC108874249,LOC108874247,0.0451141686168011,0.1229083380860289,0.367055395259057,GCF_001640805.2,尖吻鲈 (Lates calcarifer)
LOC108874248,LOC108891438,0.0007276255724729,0.0132746828245507,0.0548130288376679,GCF_001640805.2,尖吻鲈 (Lates calcarifer)
LOC108874248,LOC108891437,0.0451536805258486,0.1256104526073344,0.359473909922144,GCF_001640805.2,尖吻鲈 (Lates calcarifer)
LOC108892730,LOC108891437,0.059646560699957,0.1556020657719124,0.3833275631917979,GCF_001640805.2,尖吻鲈 (Lates calcarifer)
LOC108892730,LOC108874249,0.0609037401088548,0.1539585664444237,0.395585263719898,GCF_001640805.2,尖吻鲈 (Lates calcarifer)
LOC108892730,LOC108892076,0.0644123405170673,0.1587177806110114,0.4058293927063558,GCF_001640805.2,尖吻鲈 (Lates calcarifer)
LOC108892730,LOC108891438,0.0707586541758762,0.1693211239828112,0.4178961993133199,GCF_001640805.2,尖吻鲈 (Lates calcarifer)
LOC108891438,LOC108874247,0.0014587896648711,0.0132864413514426,0.1097953640319797,GCF_001640805.2,尖吻鲈 (Lates calcarifer)
LOC108891438,LOC108891437,0.0443805510011538,0.1193970929425831,0.3717054570373504,GCF_001640805.2,尖吻鲈 (Lates calcarifer)
LOC108891437,LOC108874247,0.048254193080346,0.1224973384869715,0.3939203388119179,GCF_001640805.2,尖吻鲈 (Lates calcarifer)
LOC108874703,LOC108898488,0.0022102177095814,0.0025510228676177,0.8664045068500041,GCF_001640805.2,尖吻鲈 (Lates calcarifer)
LOC108901164,LOC108901155,0.1774124600759395,0.2228382037132965,0.7961492110401247,GCF_001640805.2,尖吻鲈 (Lates calcarifer)
LOC108901164,LOC108880941,0.1992688447391403,0.4091192052707404,0.4870679307447114,GCF_001640805.2,尖吻鲈 (Lates calcarifer)
LOC108901164,LOC108880937,0.1967960775072725,0.4115776941870654,0.478150493301095,GCF_001640805.2,尖吻鲈 (Lates calcarifer)
LOC108889725,klhl38a,0.0014818478517873,0.0075758219898779,0.1956022532957158,GCF_001640805.2,尖吻鲈 (Lates calcarifer)
LOC108892076,LOC108891438,0.0514963763089764,0.169018793732822,0.3046784039316942,GCF_001640805.2,尖吻鲈 (Lates calcarifer)
LOC108892076,LOC108874248,0.0522806901059435,0.1657002042475553,0.3155137336332816,GCF_001640805.2,尖吻鲈 (Lates calcarifer)
LOC108892076,LOC108874247,0.0531733627916536,0.165864465337302,0.320583210415325,GCF_001640805.2,尖吻鲈 (Lates calcarifer)
LOC108892076,LOC108891437,0.0601234551472932,0.2001748672172613,0.3003546648143285,GCF_001640805.2,尖吻鲈 (Lates calcarifer)
LOC127140864,LOC108897942,0.1289209806088242,0.1250891671481518,1.0306326562725778,GCF_001640805.2,尖吻鲈 (Lates calcarifer)
LOC127140864,LOC108873925,0.0163222721186316,0.033433884986748,0.488195497624676,GCF_001640805.2,尖吻鲈 (Lates calcarifer)
LOC127140864,LOC127140274,0.0163222721186316,0.033433884986748,0.488195497624676,GCF_001640805.2,尖吻鲈 (Lates calcarifer)
LOC108888364,LOC108891850,0.1587743699875692,0.3492629760759147,0.4545983424050606,GCF_001640805.2,尖吻鲈 (Lates calcarifer)
plat,LOC108877682,0.0745028923992241,0.0689506816407203,1.0805243780972982,GCF_001640805.2,尖吻鲈 (Lates calcarifer)
LOC108887184,LOC108887219,0.3001738747750937,0.4113714396679466,0.7296906052043621,GCF_001640805.2,尖吻鲈 (Lates calcarifer)
LOC108887184,LOC108887183,0.252962366046314,0.3517029655937621,0.7192500228687314,GCF_001640805.2,尖吻鲈 (Lates calcarifer)
LOC108887184,LOC108887185,0.300120550463936,0.4054035807451518,0.7403006897775782,GCF_001640805.2,尖吻鲈 (Lates calcarifer)
LOC108887184,LOC108887180,0.3187579191091731,0.4383916831182841,0.7271075875387166,GCF_001640805.2,尖吻鲈 (Lates calcarifer)
LOC108900123,LOC108884502,0.030431806112117,0.0360894362581488,0.8432330694898477,GCF_001640805.2,尖吻鲈 (Lates calcarifer)
LOC108900123,LOC108900149,0.1142503034547545,0.3380176545848258,0.3380009946376435,GCF_001640805.2,尖吻鲈 (Lates calcarifer)
LOC108885878,LOC108875652,0.0015434089048056,0.0093422772757842,0.1652069253827715,GCF_001640805.2,尖吻鲈 (Lates calcarifer)
LOC108888646,pink1,0.0,0.0047095916136323,0.0,GCF_001640805.2,尖吻鲈 (Lates calcarifer)
LOC108884572,LOC108884505,0.0211042689511513,0.0213822945095175,0.986997393650038,GCF_001640805.2,尖吻鲈 (Lates calcarifer)
LOC108884572,LOC108884571,0.0402590972463835,0.0512494406556569,0.785551934447108,GCF_001640805.2,尖吻鲈 (Lates calcarifer)
LOC108884505,LOC108884571,0.0264022769014486,0.0344888349313674,0.7655311335969738,GCF_001640805.2,尖吻鲈 (Lates calcarifer)
LOC108900149,LOC108884502,0.1338435464766824,0.352123071204859,0.3801044504658844,GCF_001640805.2,尖吻鲈 (Lates calcarifer)
LOC108891856,cdc6,0.0264910481592679,0.0409969224376727,0.6461716290909914,GCF_001640805.2,尖吻鲈 (Lates calcarifer)
LOC108902379,LOC108902378,0.0926394777327457,0.2830832150701435,0.3272517507256344,GCF_001640805.2,尖吻鲈 (Lates calcarifer)
LOC108888436,LOC108874505,0.079650719486518,0.1945464602511337,0.4094174696558318,GCF_001640805.2,尖吻鲈 (Lates calcarifer)
LOC108888436,LOC108892731,0.0889620742977438,0.2290193750839543,0.3884478082482406,GCF_001640805.2,尖吻鲈 (Lates calcarifer)
LOC108888436,LOC108874251,0.0976613880909816,0.2124294209454185,0.4597356978912761,GCF_001640805.2,尖吻鲈 (Lates calcarifer)
LOC108888436,LOC108892075,0.0976613880909816,0.2161499742553325,0.4518223443118098,GCF_001640805.2,尖吻鲈 (Lates calcarifer)
eme1,LOC108891289,0.0054411659202246,0.0099727711076173,0.5456022063986429,GCF_001640805.2,尖吻鲈 (Lates calcarifer)
LOC108874251,LOC108892075,0.0,0.0083721799606223,0.0,GCF_001640805.2,尖吻鲈 (Lates calcarifer)
LOC108874251,LOC108892731,0.0961419600479072,0.2257465018583083,0.4258846062130857,GCF_001640805.2,尖吻鲈 (Lates calcarifer)
LOC108874251,LOC108874505,0.1076391659695939,0.2182532509828192,0.4931847085204115,GCF_001640805.2,尖吻鲈 (Lates calcarifer)
LOC108892244,LOC108892731,0.1007933562760725,0.2184443557265539,0.4614143310813876,GCF_001640805.2,尖吻鲈 (Lates calcarifer)
LOC108892244,LOC108888436,0.1179336897159678,0.3012898390335022,0.3914293628164939,GCF_001640805.2,尖吻鲈 (Lates calcarifer)
LOC108892244,LOC108874505,0.1267901933021197,0.247143867363468,0.5130218065077565,GCF_001640805.2,尖吻鲈 (Lates calcarifer)
LOC108892244,LOC108874251,0.1342825429616906,0.2990365518829935,0.4490505997214428,GCF_001640805.2,尖吻鲈 (Lates calcarifer)
eno4,LOC108886076,0.0038047006133956,0.0025717984908877,1.479392972224017,GCF_001640805.2,尖吻鲈 (Lates calcarifer)
slc45a2,LOC108891042,0.0608451503369452,0.0679072924644389,0.8960031850601035,GCF_001640805.2,尖吻鲈 (Lates calcarifer)
LOC108888716,LOC108888717,0.0336120005190633,0.078238863086015,0.4296074763012679,GCF_001640805.2,尖吻鲈 (Lates calcarifer)
LOC108888716,LOC108874669,0.0584955743094314,0.083473897032842,0.7007648664877466,GCF_001640805.2,尖吻鲈 (Lates calcarifer)
LOC108888716,LOC108873958,0.062264131185857,0.0757602683866516,0.8218573206219981,GCF_001640805.2,尖吻鲈 (Lates calcarifer)
LOC108888716,LOC108888731,0.0528089127773937,0.0659282183533987,0.801006217008917,GCF_001640805.2,尖吻鲈 (Lates calcarifer)
LOC108872801,LOC108892076,0.213464652324249,0.7395276002928572,0.2886500141978687,GCF_001640805.2,尖吻鲈 (Lates calcarifer)
LOC108872801,LOC108891438,0.2126569882699338,0.6596240887054341,0.322391179932938,GCF_001640805.2,尖吻鲈 (Lates calcarifer)
LOC108872801,LOC108874248,0.213649051906646,0.6865328044541106,0.3112000628673918,GCF_001640805.2,尖吻鲈 (Lates calcarifer)
LOC108872801,LOC108892730,0.215657990356843,0.6556379849284037,0.3289284564261374,GCF_001640805.2,尖吻鲈 (Lates calcarifer)
LOC108892075,LOC108892731,0.0961419600479072,0.2219570201122503,0.4331557524032598,GCF_001640805.2,尖吻鲈 (Lates calcarifer)
LOC108892075,LOC108874505,0.1076391659695939,0.2145188034331137,0.5017703075299667,GCF_001640805.2,尖吻鲈 (Lates calcarifer)
LOC108879178,LOC108902233,0.0085055589596592,0.0158317224076763,0.5372478584853864,GCF_001640805.2,尖吻鲈 (Lates calcarifer)
LOC108874505,LOC108892731,0.1043641283889426,0.1915271879088454,0.5449050316481087,GCF_001640805.2,尖吻鲈 (Lates calcarifer)
LOC127140848,LOC108873231,0.2399493306802274,0.3482559445428623,0.689002828064275,GCF_001640805.2,尖吻鲈 (Lates calcarifer)
LOC127140848,LOC127140815,0.2888806384879997,0.3784170080642969,0.7633923220462542,GCF_001640805.2,尖吻鲈 (Lates calcarifer)
LOC127140848,LOC108873232,0.3361871683770329,0.4279809434603484,0.7855190132038671,GCF_001640805.2,尖吻鲈 (Lates calcarifer)
LOC127140848,LOC127140852,0.3400612224397523,0.4369103489680921,0.7783318093584165,GCF_001640805.2,尖吻鲈 (Lates calcarifer)
LOC108890940,LOC108890829,0.0014998130232473,0.0108256277352721,0.13854282263565,GCF_001640805.2,尖吻鲈 (Lates calcarifer)
LOC108880544,LOC108896234,0.0023071025626664,0.0049958552750866,0.4618033220801031,GCF_001640805.2,尖吻鲈 (Lates calcarifer)
LOC108901688,fkbp10b,0.0007634559763459,0.0025456112686128,0.2999106681209552,GCF_001640805.2,尖吻鲈 (Lates calcarifer)
LOC108884762,LOC108884781,0.061299010074155,0.0718182027399813,0.8535302713726886,GCF_001640805.2,尖吻鲈 (Lates calcarifer)
LOC108884762,LOC108880936,0.0576525245724714,0.0665592669782828,0.8661832858117628,GCF_001640805.2,尖吻鲈 (Lates calcarifer)
LOC108884762,LOC108884773,0.0591654703466811,0.0840347877592128,0.704059258365827,GCF_001640805.2,尖吻鲈 (Lates calcarifer)
LOC108884762,LOC108884771,0.0627266587114061,0.0818329141191893,0.7665211411149914,GCF_001640805.2,尖吻鲈 (Lates calcarifer)
LOC108889334,LOC108889329,0.0860633516775489,0.1626045974666422,0.529279940533075,GCF_001640805.2,尖吻鲈 (Lates calcarifer)
LOC108889334,LOC108889330,0.2078557005179876,0.5357093281975309,0.3880008982060239,GCF_001640805.2,尖吻鲈 (Lates calcarifer)
LOC108889334,LOC108901155,0.2368346277848861,0.5893049755408293,0.4018880505251688,GCF_001640805.2,尖吻鲈 (Lates calcarifer)
LOC108901111,LOC108889329,0.0877827480663785,0.1624388673041918,0.5404048275096117,GCF_001640805.2,尖吻鲈 (Lates calcarifer)
LOC108901111,LOC108889330,0.2099444447568915,0.5349889045677949,0.3924276615166455,GCF_001640805.2,尖吻鲈 (Lates calcarifer)
LOC108901111,LOC108901155,0.2390251372620916,0.5884754785461501,0.4061768858281263,GCF_001640805.2,尖吻鲈 (Lates calcarifer)
LOC108897585,LOC108884773,0.0936846353614253,0.2400375653208216,0.390291558057637,GCF_001640805.2,尖吻鲈 (Lates calcarifer)
LOC108897585,LOC108884781,0.0988242638319874,0.2189091458087959,0.4514396302030458,GCF_001640805.2,尖吻鲈 (Lates calcarifer)
LOC108897585,LOC108880936,0.0990643145078925,0.2195910838385864,0.4511308600339676,GCF_001640805.2,尖吻鲈 (Lates calcarifer)
LOC108897585,LOC108880941,0.1003765232407642,0.2193259788596818,0.4576590687644081,GCF_001640805.2,尖吻鲈 (Lates calcarifer)
LOC108901155,LOC108880937,0.1530811758427503,0.4004519219840532,0.3822710478808648,GCF_001640805.2,尖吻鲈 (Lates calcarifer)
LOC108901155,LOC108880941,0.147887110820466,0.3998231705081938,0.3698812918533326,GCF_001640805.2,尖吻鲈 (Lates calcarifer)
LOC108901155,LOC108884781,0.1544364726945657,0.3867868975923275,0.3992805176594721,GCF_001640805.2,尖吻鲈 (Lates calcarifer)
LOC108901155,LOC108880936,0.1570428091287906,0.365877967912664,0.4292218250383338,GCF_001640805.2,尖吻鲈 (Lates calcarifer)
LOC108879784,tbxas1,0.0007553821612994,0.0027485142991109,0.2748329021041705,GCF_001640805.2,尖吻鲈 (Lates calcarifer)
LOC108889329,LOC108901155,0.2240204127419608,0.5177467156320787,0.4326834067280771,GCF_001640805.2,尖吻鲈 (Lates calcarifer)
LOC108889329,LOC108880941,0.2395068461972678,0.5700038642326125,0.4201846008881224,GCF_001640805.2,尖吻鲈 (Lates calcarifer)
LOC108889332,LOC108901126,0.0007575758219888,0.0112151622502937,0.0675492520822916,GCF_001640805.2,尖吻鲈 (Lates calcarifer)
LOC108889332,LOC108880941,0.1646231032849236,0.4341472604549278,0.3791872442369459,GCF_001640805.2,尖吻鲈 (Lates calcarifer)
LOC108889332,LOC108880937,0.1633677204947928,0.4684213888147923,0.348762299066122,GCF_001640805.2,尖吻鲈 (Lates calcarifer)
LOC108889332,LOC108884773,0.1632088810808459,0.4640443702638855,0.3517096457565789,GCF_001640805.2,尖吻鲈 (Lates calcarifer)
LOC108886130,LOC108889000,0.2296220675149592,0.4326814100662011,0.5306954774872963,GCF_001640805.2,尖吻鲈 (Lates calcarifer)
tpp1,LOC108892632,0.0106321922317512,0.0114724990316052,0.9267546854840368,GCF_001640805.2,尖吻鲈 (Lates calcarifer)
LOC108878341,LOC108878342,0.0298361280952894,0.0259031401965741,1.1518344057465066,GCF_001640805.2,尖吻鲈 (Lates calcarifer)
LOC108901126,LOC108880941,0.1655758876603627,0.4291666112707565,0.3858079433768036,GCF_001640805.2,尖吻鲈 (Lates calcarifer)
LOC108901126,LOC108880937,0.1643214640663327,0.4631720235531509,0.354774156706976,GCF_001640805.2,尖吻鲈 (Lates calcarifer)
LOC108901126,LOC108884773,0.1641624225559025,0.4588254451747528,0.3577884014112992,GCF_001640805.2,尖吻鲈 (Lates calcarifer)
LOC108875472,LOC108875473,0.0313246563464203,0.015938099772071,1.9653946702800624,GCF_001640805.2,尖吻鲈 (Lates calcarifer)
LOC108875472,LOC108884781,0.0827816519105938,0.0860200986479515,0.9623524410194946,GCF_001640805.2,尖吻鲈 (Lates calcarifer)
LOC108875472,LOC108880941,0.0733004785697061,0.1025110655550121,0.7150494258629064,GCF_001640805.2,尖吻鲈 (Lates calcarifer)
LOC108875472,LOC108884771,0.0751528478321914,0.1147039774595012,0.6551895539867032,GCF_001640805.2,尖吻鲈 (Lates calcarifer)
LOC108893345,LOC108893342,0.028422278054159,0.0443146536852727,0.6413742563806779,GCF_001640805.2,尖吻鲈 (Lates calcarifer)
LOC108893345,LOC108893339,0.0307921301772716,0.0413632620337196,0.7444318620753284,GCF_001640805.2,尖吻鲈 (Lates calcarifer)
LOC108893345,LOC108884781,0.1794205499275617,0.4558702776616667,0.3935780828876987,GCF_001640805.2,尖吻鲈 (Lates calcarifer)
LOC108893345,LOC108880936,0.1803697372482773,0.478087837502877,0.3772732186419443,GCF_001640805.2,尖吻鲈 (Lates calcarifer)
LOC108883674,LOC108880941,0.2161003842519849,0.4511082708759962,0.4790432767555887,GCF_001640805.2,尖吻鲈 (Lates calcarifer)
LOC108883674,LOC108884781,0.2137828149276812,0.4517398941277167,0.4732431598508326,GCF_001640805.2,尖吻鲈 (Lates calcarifer)
LOC108883674,LOC108884773,0.2364354279056638,0.5235336686928731,0.4516145609049011,GCF_001640805.2,尖吻鲈 (Lates calcarifer)
LOC108883674,LOC108884779,0.2293312670484222,0.5049159308241491,0.4541969326935203,GCF_001640805.2,尖吻鲈 (Lates calcarifer)
LOC108880936,LOC108884781,0.0423326173276327,0.0459821398817454,0.9206317373767636,GCF_001640805.2,尖吻鲈 (Lates calcarifer)
LOC108880936,LOC108884773,0.0516015557040089,0.0606291840299264,0.8511009430464801,GCF_001640805.2,尖吻鲈 (Lates calcarifer)
LOC108880936,LOC108880941,0.0435907472410506,0.0502684475707518,0.8671592091579406,GCF_001640805.2,尖吻鲈 (Lates calcarifer)
LOC108880936,LOC108880937,0.0548502481147371,0.0730961339013065,0.7503850776676539,GCF_001640805.2,尖吻鲈 (Lates calcarifer)
LOC108884779,LOC108884772,0.0254360135366732,0.028691380654579,0.8865384988928308,GCF_001640805.2,尖吻鲈 (Lates calcarifer)
LOC108884779,LOC108884781,0.0426284409916471,0.0474523349705565,0.8983423264228709,GCF_001640805.2,尖吻鲈 (Lates calcarifer)
LOC108884779,LOC108880941,0.0463134295986123,0.0516950979641995,0.8958959634951423,GCF_001640805.2,尖吻鲈 (Lates calcarifer)
LOC108884779,LOC108884771,0.0467367516019422,0.0711709213480985,0.65668324530115,GCF_001640805.2,尖吻鲈 (Lates calcarifer)
LOC108890446,LOC108890447,0.1407955506811949,0.7068081157363054,0.1991991143657477,GCF_001640805.2,尖吻鲈 (Lates calcarifer)
LOC108875473,LOC108880941,0.0744809964342506,0.1043346018470384,0.7138666857946588,GCF_001640805.2,尖吻鲈 (Lates calcarifer)
LOC108875473,LOC108884781,0.0845511582281672,0.0857654221980261,0.9858420335522255,GCF_001640805.2,尖吻鲈 (Lates calcarifer)
LOC108875473,LOC108884771,0.0814217242060618,0.1165206145488374,0.6987752726959353,GCF_001640805.2,尖吻鲈 (Lates calcarifer)
LOC108880941,LOC108884781,0.0358091100684944,0.0371681577048304,0.9634351627775354,GCF_001640805.2,尖吻鲈 (Lates calcarifer)
LOC108880941,LOC108880937,0.0402360297782688,0.0601291168771504,0.6691604977414678,GCF_001640805.2,尖吻鲈 (Lates calcarifer)
LOC108880941,LOC108884771,0.0434904432377619,0.0591368185894941,0.7354207459088475,GCF_001640805.2,尖吻鲈 (Lates calcarifer)
LOC108884781,LOC108884772,0.0443916535427479,0.0498586093415632,0.8903508166189864,GCF_001640805.2,尖吻鲈 (Lates calcarifer)
LOC108884781,LOC108884773,0.0387157499126722,0.0508176914274993,0.7618557401000243,GCF_001640805.2,尖吻鲈 (Lates calcarifer)
LOC108884771,LOC108884772,0.0478369814132336,0.0579975846935849,0.8248098893422516,GCF_001640805.2,尖吻鲈 (Lates calcarifer)
LOC108884771,LOC108884781,0.0554883651593879,0.0690029873151027,0.8041443902421186,GCF_001640805.2,尖吻鲈 (Lates calcarifer)
LOC108884772,LOC108880937,0.0493274382406377,0.0624453379993591,0.7899298782103465,GCF_001640805.2,尖吻鲈 (Lates calcarifer)
LOC108893339,LOC108893342,0.0022828172348353,0.0028235327465977,0.8084968157660166,GCF_001640805.2,尖吻鲈 (Lates calcarifer)
LOC108893339,LOC108884781,0.184741511284804,0.4807568794656226,0.3842722156990252,GCF_001640805.2,尖吻鲈 (Lates calcarifer)
LOC108893339,LOC108880936,0.1840426481536042,0.5023933640100366,0.3663317657793097,GCF_001640805.2,尖吻鲈 (Lates calcarifer)
LOC108893342,LOC108884781,0.1837942380786596,0.4858027111532991,0.3783310258650694,GCF_001640805.2,尖吻鲈 (Lates calcarifer)
LOC108893342,LOC108880936,0.1830971277759297,0.5075966223338418,0.3607138418968997,GCF_001640805.2,尖吻鲈 (Lates calcarifer)
LOC108895872,LOC108888737,0.2563638345503344,0.6277000967073626,0.4084177075885535,GCF_001640805.2,尖吻鲈 (Lates calcarifer)
LOC108895872,LOC108895864,0.2430062829779131,0.6153722075730784,0.3948931719491978,GCF_001640805.2,尖吻鲈 (Lates calcarifer)
LOC108895872,LOC108873960,0.2596221060857262,0.6138196767079225,0.4229615242674336,GCF_001640805.2,尖吻鲈 (Lates calcarifer)
LOC108895872,LOC108874670,0.2697591608280516,0.5968192200920184,0.4519947611379871,GCF_001640805.2,尖吻鲈 (Lates calcarifer)
LOC108875844,LOC108880994,0.0,0.0097615260840526,0.0,GCF_001640805.2,尖吻鲈 (Lates calcarifer)
LOC108884789,LOC108884781,0.1773508828004683,0.3455538804392568,0.5132365539493454,GCF_001640805.2,尖吻鲈 (Lates calcarifer)
LOC108884789,LOC108880941,0.1858463148218581,0.373242467872442,0.497923818479767,GCF_001640805.2,尖吻鲈 (Lates calcarifer)
LOC108884789,LOC108880936,0.1842480613757569,0.371497165560151,0.4959608806111452,GCF_001640805.2,尖吻鲈 (Lates calcarifer)
LOC108884789,LOC108880937,0.1871523181923743,0.3910904598603253,0.4785397175354627,GCF_001640805.2,尖吻鲈 (Lates calcarifer)
LOC108884780,LOC108884781,0.0551661115532123,0.0555451684819139,0.993175699362132,GCF_001640805.2,尖吻鲈 (Lates calcarifer)
LOC108884780,LOC108880941,0.0549580524480241,0.0593079946322713,0.9266550452225156,GCF_001640805.2,尖吻鲈 (Lates calcarifer)
LOC108884780,LOC108884773,0.0558114111854035,0.0724160512773972,0.7707049777073882,GCF_001640805.2,尖吻鲈 (Lates calcarifer)
LOC108884780,LOC108880936,0.0570044775321174,0.0553111852349045,1.0306139217596146,GCF_001640805.2,尖吻鲈 (Lates calcarifer)
LOC108879446,LOC108888736,0.2299960134550451,0.479478920096839,0.4796790928965,GCF_001640805.2,尖吻鲈 (Lates calcarifer)
LOC108879446,LOC108888725,0.2268523092563755,0.4468901611313396,0.507624309029494,GCF_001640805.2,尖吻鲈 (Lates calcarifer)
LOC108879446,LOC108874670,0.2425885829122252,0.485034973177034,0.500146579788345,GCF_001640805.2,尖吻鲈 (Lates calcarifer)
LOC108879446,LOC108874669,0.2287947122099136,0.4746715506928031,0.482006372355744,GCF_001640805.2,尖吻鲈 (Lates calcarifer)
LOC108873231,LOC127140850,0.0147424894121637,0.0548690663897922,0.268684896284411,GCF_001640805.2,尖吻鲈 (Lates calcarifer)
LOC108873231,LOC108873232,0.1777926144233959,0.2768485117747007,0.6422018066258688,GCF_001640805.2,尖吻鲈 (Lates calcarifer)
LOC108873231,LOC127140852,0.1808597608116209,0.2680475288003571,0.6747301928917464,GCF_001640805.2,尖吻鲈 (Lates calcarifer)
LOC108873231,LOC127140815,0.1843650836790188,0.2622719149329016,0.7029539694564166,GCF_001640805.2,尖吻鲈 (Lates calcarifer)
LOC108889330,LOC108901155,0.1606510681754893,0.3690721384918994,0.4352836516783434,GCF_001640805.2,尖吻鲈 (Lates calcarifer)
LOC108889330,LOC108901127,0.0086394043857522,0.004048592827168,2.133927701441764,GCF_001640805.2,尖吻鲈 (Lates calcarifer)
LOC108889330,LOC108884781,0.1723782548562513,0.4037482739140078,0.4269448713308067,GCF_001640805.2,尖吻鲈 (Lates calcarifer)
LOC108889330,LOC108884780,0.1766610682778465,0.4177675942494065,0.4228692476620869,GCF_001640805.2,尖吻鲈 (Lates calcarifer)
LOC108880937,LOC108884781,0.0467857672481625,0.0659927159423036,0.7089535046423387,GCF_001640805.2,尖吻鲈 (Lates calcarifer)
LOC108880937,LOC108884779,0.0494308871489775,0.0712498962943551,0.693767846970098,GCF_001640805.2,尖吻鲈 (Lates calcarifer)
LOC108884773,LOC108884771,0.0484866031375209,0.0717269743243737,0.6759884073493477,GCF_001640805.2,尖吻鲈 (Lates calcarifer)
LOC108884773,LOC108884772,0.0491785472788278,0.0660513949426239,0.7445497149840246,GCF_001640805.2,尖吻鲈 (Lates calcarifer)
LOC108891078,LOC108874159,0.0120422113134583,0.0219635021588816,0.5482828387907484,GCF_001640805.2,尖吻鲈 (Lates calcarifer)
LOC108902792,LOC108902793,0.2064443249118907,0.4546450318135895,0.4540780399345386,GCF_001640805.2,尖吻鲈 (Lates calcarifer)
LOC108885847,LOC108902364,0.0033342650080921,0.0097509499180302,0.3419425836581128,GCF_001640805.2,尖吻鲈 (Lates calcarifer)
LOC108885847,LOC108902361,0.4005955026741802,0.6630339075472919,0.6041855448329498,GCF_001640805.2,尖吻鲈 (Lates calcarifer)
LOC108885847,LOC108885838,0.3945038153218821,0.6793645740051459,0.5806953003099834,GCF_001640805.2,尖吻鲈 (Lates calcarifer)
LOC108882293,LOC108888725,0.0446213288653544,0.0541963382760254,0.8233273738549478,GCF_001640805.2,尖吻鲈 (Lates calcarifer)
LOC108882293,LOC108874669,0.0467030345423277,0.0565485131131588,0.8258932369958261,GCF_001640805.2,尖吻鲈 (Lates calcarifer)
LOC108882293,LOC108888731,0.0509934164233702,0.0465526022742233,1.095393467436852,GCF_001640805.2,尖吻鲈 (Lates calcarifer)
LOC108882293,LOC108873958,0.0483587367486566,0.0475435190162241,1.017146768882512,GCF_001640805.2,尖吻鲈 (Lates calcarifer)
LOC108874331,LOC108892649,0.0007808433813079,0.0053144597921143,0.146928081470591,GCF_001640805.2,尖吻鲈 (Lates calcarifer)
LOC108888731,LOC108888717,0.0575721451707018,0.0709807010275166,0.8110957533144565,GCF_001640805.2,尖吻鲈 (Lates calcarifer)
LOC108888731,LOC108888737,0.0652142658898188,0.079085139603328,0.8246083425649596,GCF_001640805.2,尖吻鲈 (Lates calcarifer)
LOC108874629,LOC108891218,0.2236532905743675,0.3304279418372533,0.6768594972047619,GCF_001640805.2,尖吻鲈 (Lates calcarifer)
LOC127140852,LOC108873232,0.0023177973636136,0.0227721477975884,0.1017821148982304,GCF_001640805.2,尖吻鲈 (Lates calcarifer)
LOC127140852,LOC127140815,0.2541669696122852,0.3526209345596552,0.7207937609537645,GCF_001640805.2,尖吻鲈 (Lates calcarifer)
LOC127140852,LOC127140850,0.1564486002193811,0.2378917162209141,0.6576462716091287,GCF_001640805.2,尖吻鲈 (Lates calcarifer)
LOC108873232,LOC127140815,0.2551062587425093,0.3534744549148091,0.7217105937796623,GCF_001640805.2,尖吻鲈 (Lates calcarifer)
LOC108873232,LOC127140850,0.1575367307714441,0.2482669738902355,0.6345456598713554,GCF_001640805.2,尖吻鲈 (Lates calcarifer)
LOC108882284,atp5fa1,0.0146167841906132,0.7040414726631679,0.0207612544972991,GCF_001640805.2,尖吻鲈 (Lates calcarifer)
LOC108874669,LOC108873958,0.004655388023707,0.0084468279039584,0.5511403898172682,GCF_001640805.2,尖吻鲈 (Lates calcarifer)
LOC108874669,LOC108888736,0.0445920343861085,0.0474581398329105,0.9396077162549372,GCF_001640805.2,尖吻鲈 (Lates calcarifer)
LOC108874669,LOC108874670,0.047813750702281,0.0782805305010294,0.6108000341368698,GCF_001640805.2,尖吻鲈 (Lates calcarifer)
LOC108874669,LOC108873959,0.0503409526245252,0.078088130563672,0.6446684311833779,GCF_001640805.2,尖吻鲈 (Lates calcarifer)
LOC108873958,LOC108888736,0.0470784703601144,0.038494657678636,1.2229871155924643,GCF_001640805.2,尖吻鲈 (Lates calcarifer)
LOC108873958,LOC108874670,0.0511470274103451,0.0689635057821446,0.7416535286346717,GCF_001640805.2,尖吻鲈 (Lates calcarifer)
LOC108890137,LOC108880937,0.1710069119774674,0.4154068808491478,0.4116612407283823,GCF_001640805.2,尖吻鲈 (Lates calcarifer)
LOC108890137,LOC108880936,0.1753689072299087,0.4052980411427757,0.4326912282512882,GCF_001640805.2,尖吻鲈 (Lates calcarifer)
LOC108890137,LOC108880941,0.1731573408922942,0.3850462486893582,0.4497053054839432,GCF_001640805.2,尖吻鲈 (Lates calcarifer)
LOC108890137,LOC108884781,0.1705451298558292,0.4031558889508407,0.4230252726796331,GCF_001640805.2,尖吻鲈 (Lates calcarifer)
LOC108887413,LOC108900338,0.2088019099905076,0.3720367478047146,0.5612400151936325,GCF_001640805.2,尖吻鲈 (Lates calcarifer)
LOC108899493,LOC108899403,0.3174044774343946,0.3698494575356401,0.8581991157951294,GCF_001640805.2,尖吻鲈 (Lates calcarifer)
LOC108885216,LOC108902386,0.2958797218700971,0.3206884481568952,0.9226391644931952,GCF_001640805.2,尖吻鲈 (Lates calcarifer)
LOC108885216,LOC127142284,0.1880065879675369,0.1996800588731861,0.9415391252810936,GCF_001640805.2,尖吻鲈 (Lates calcarifer)
LOC108901465,LOC108886552,0.0020576144593131,0.0034965098293584,0.5884766695166552,GCF_001640805.2,尖吻鲈 (Lates calcarifer)
LOC108888717,LOC108874669,0.0665327189854597,0.0955160405495952,0.6965606886825845,GCF_001640805.2,尖吻鲈 (Lates calcarifer)
LOC108888717,LOC108873958,0.067392523945861,0.0860329938943504,0.7833334735348145,GCF_001640805.2,尖吻鲈 (Lates calcarifer)
LOC108874670,LOC108873959,0.0054780470487149,0.0055996527037538,0.9782833576522704,GCF_001640805.2,尖吻鲈 (Lates calcarifer)
LOC108874670,LOC108890922,0.0371630154089323,0.0685942012434518,0.5417807152099463,GCF_001640805.2,尖吻鲈 (Lates calcarifer)
LOC108874670,LOC108888736,0.0453225283044633,0.0477960922973323,0.9482475684940672,GCF_001640805.2,尖吻鲈 (Lates calcarifer)
LOC108874670,LOC108888737,0.0472111139360352,0.0710763352650847,0.6642311222146963,GCF_001640805.2,尖吻鲈 (Lates calcarifer)
LOC108873959,LOC108890922,0.0363683393706975,0.0684276408125168,0.5314860915684965,GCF_001640805.2,尖吻鲈 (Lates calcarifer)
LOC108873959,LOC108888736,0.0445258388010938,0.0536719996122099,0.8295915770383292,GCF_001640805.2,尖吻鲈 (Lates calcarifer)
LOC108873959,LOC108888737,0.0497404956530257,0.0770407136538776,0.6456390821675907,GCF_001640805.2,尖吻鲈 (Lates calcarifer)
LOC108873960,LOC108888736,0.0404227748910483,0.0446806318283831,0.9047046390550352,GCF_001640805.2,尖吻鲈 (Lates calcarifer)
LOC108873960,LOC108888737,0.0518141398801449,0.0820435335151014,0.6315444698710804,GCF_001640805.2,尖吻鲈 (Lates calcarifer)
LOC108873960,LOC108874670,0.0507942018500456,0.0611386083999958,0.8308040235022601,GCF_001640805.2,尖吻鲈 (Lates calcarifer)
LOC108873960,LOC108890925,0.0512034429451434,0.0626996766264699,0.8166460450854522,GCF_001640805.2,尖吻鲈 (Lates calcarifer)
LOC108890925,LOC108890921,0.0322031711203365,0.0478191866838585,0.6734361948319526,GCF_001640805.2,尖吻鲈 (Lates calcarifer)
LOC108890925,LOC108888736,0.0494618425402417,0.0478191866838585,1.0343513967990094,GCF_001640805.2,尖吻鲈 (Lates calcarifer)
LOC108890925,LOC108874670,0.0528515415818836,0.0687951479745308,0.7682451908011038,GCF_001640805.2,尖吻鲈 (Lates calcarifer)
LOC108890921,LOC108890922,0.0257519024947912,0.0566855646913201,0.4542938336245323,GCF_001640805.2,尖吻鲈 (Lates calcarifer)
LOC108890921,LOC108888736,0.0494154591965988,0.0600907184972692,0.822347617608274,GCF_001640805.2,尖吻鲈 (Lates calcarifer)
LOC108890921,LOC108874670,0.0528018146641661,0.0721143320502903,0.7321958501583812,GCF_001640805.2,尖吻鲈 (Lates calcarifer)
LOC108890922,LOC108888737,0.0521070869438286,0.0962858749861552,0.5411706229114195,GCF_001640805.2,尖吻鲈 (Lates calcarifer)
LOC108895864,LOC108888736,0.1890763724222938,0.5564881711153142,0.3397671006076315,GCF_001640805.2,尖吻鲈 (Lates calcarifer)
LOC108895864,LOC108888725,0.1849508578716059,0.5573742539975834,0.3318252620122058,GCF_001640805.2,尖吻鲈 (Lates calcarifer)
LOC108895864,LOC108874670,0.1954651128066177,0.5658115761194793,0.3454597273303974,GCF_001640805.2,尖吻鲈 (Lates calcarifer)
LOC108895864,LOC108873960,0.1955363356434259,0.545018470082411,0.358770108495331,GCF_001640805.2,尖吻鲈 (Lates calcarifer)
LOC108888737,LOC108888736,0.0553637560731497,0.0657354802940668,0.8422203021181358,GCF_001640805.2,尖吻鲈 (Lates calcarifer)
LOC108877214,LOC108888736,0.1918419731653982,0.4471916871063527,0.4289927087123461,GCF_001640805.2,尖吻鲈 (Lates calcarifer)
LOC108877214,LOC108873960,0.1914146323823066,0.399826223532354,0.4787445673052942,GCF_001640805.2,尖吻鲈 (Lates calcarifer)
LOC108877214,LOC108888725,0.195164354568533,0.4239949814883781,0.4602987372242814,GCF_001640805.2,尖吻鲈 (Lates calcarifer)
LOC108877214,LOC108888737,0.1998225525727216,0.4616686441746804,0.432826779756598,GCF_001640805.2,尖吻鲈 (Lates calcarifer)
ehd4,LOC108889465,0.0,0.0064102954338438,0.0,GCF_001640805.2,尖吻鲈 (Lates calcarifer)
LOC108882294,LOC108888736,0.0893864497747779,0.1249079754938394,0.7156184336618802,GCF_001640805.2,尖吻鲈 (Lates calcarifer)
LOC108882294,LOC108874670,0.092424480317961,0.1299223062633803,0.7113826945974685,GCF_001640805.2,尖吻鲈 (Lates calcarifer)
LOC108882294,LOC108888737,0.095763991545824,0.1439517519072838,0.6652506154110822,GCF_001640805.2,尖吻鲈 (Lates calcarifer)
LOC108882294,LOC108890922,0.0924885449634983,0.1531680121537745,0.6038372089770516,GCF_001640805.2,尖吻鲈 (Lates calcarifer)
LOC108884765,LOC108884766,0.1851733494308297,0.3507182814065767,0.5279831683942476,GCF_001640805.2,尖吻鲈 (Lates calcarifer)
LOC108888725,LOC108888736,0.0492838800879293,0.0462959548220272,1.064539661777977,GCF_001640805.2,尖吻鲈 (Lates calcarifer)
LOC108888725,LOC108874670,0.0543559747596059,0.0705416058715713,0.7705519896806274,GCF_001640805.2,尖吻鲈 (Lates calcarifer)
LOC108888725,LOC108873960,0.0529766324358505,0.0602594817889959,0.8791418522541086,GCF_001640805.2,尖吻鲈 (Lates calcarifer)
LOC108873903,LOC108901430,0.0264368980631435,0.0189226720900034,1.397101737925785,GCF_001640805.2,尖吻鲈 (Lates calcarifer)
LOC108873903,LOC108892726,0.2543572624419337,0.2631132698864886,0.9667215285328165,GCF_001640805.2,尖吻鲈 (Lates calcarifer)
LOC108882292,LOC108888731,0.0564329168188498,0.0831420695881384,0.678752851575647,GCF_001640805.2,尖吻鲈 (Lates calcarifer)
LOC108882292,LOC108874669,0.0546140168540302,0.1060229836839678,0.5151148831730966,GCF_001640805.2,尖吻鲈 (Lates calcarifer)
LOC108882292,LOC108888736,0.0575792847664016,0.0851660246601468,0.6760828041014063,GCF_001640805.2,尖吻鲈 (Lates calcarifer)
LOC108882292,LOC108873958,0.058861734752039,0.0962762054272159,0.6113840329585701,GCF_001640805.2,尖吻鲈 (Lates calcarifer)
LOC108890931,LOC108894770,0.3248459322594924,0.5250201109301117,0.6187304552658068,GCF_001640805.2,尖吻鲈 (Lates calcarifer)
LOC108890931,LOC108881755,0.2821516308673041,0.5183074436886556,0.5443711725598738,GCF_001640805.2,尖吻鲈 (Lates calcarifer)
LOC108890931,LOC108891827,0.301147073182662,0.5730555411191036,0.5255111443378779,GCF_001640805.2,尖吻鲈 (Lates calcarifer)
ugt5g1,LOC108877155,0.0138116366170762,0.0129492965511566,1.066593583868654,GCF_001640805.2,尖吻鲈 (Lates calcarifer)
LOC108892266,LOC108874812,0.1515323972210531,0.2896160816479796,0.5232181733790481,GCF_001640805.2,尖吻鲈 (Lates calcarifer)
LOC108892266,LOC108874673,0.1702291610483868,0.3035351331966384,0.560821936016572,GCF_001640805.2,尖吻鲈 (Lates calcarifer)
LOC108874226,LOC108874237,0.2765331176225303,0.3397450818428809,0.8139429601821765,GCF_001640805.2,尖吻鲈 (Lates calcarifer)
LOC108874226,LOC108892739,0.3004539353074187,0.3093178083494926,0.9713437997981068,GCF_001640805.2,尖吻鲈 (Lates calcarifer)
LOC108891905,xylb,0.0815393938160877,0.1097446711625421,0.74299182777923,GCF_001640805.2,尖吻鲈 (Lates calcarifer)
LOC108891492,LOC108891620,0.0285001471325586,0.0387881412190834,0.7347644469886794,GCF_001640805.2,尖吻鲈 (Lates calcarifer)
LOC108887958,LOC108887959,0.0767900293865405,0.1394135015177103,0.5508076947395625,GCF_001640805.2,尖吻鲈 (Lates calcarifer)
LOC108874335,LOC108892652,0.0,0.0050718705542228,0.0,GCF_001640805.2,尖吻鲈 (Lates calcarifer)
LOC108890072,oit3,0.0,0.0054496152574671,0.0,GCF_001640805.2,尖吻鲈 (Lates calcarifer)
LOC108883912,LOC108883914,0.1729205348835404,0.545037263039267,0.3172636929799833,GCF_001640805.2,尖吻鲈 (Lates calcarifer)
LOC108897538,LOC108895807,0.0023752988975257,0.0086456288783005,0.2747398634571838,GCF_001640805.2,尖吻鲈 (Lates calcarifer)
mutyh,LOC108893055,0.0557716196506126,0.0885489318869124,0.6298395526875427,GCF_001640805.2,尖吻鲈 (Lates calcarifer)
LOC108879030,LOC108879031,0.0097562351347505,0.0165295946747185,0.5902283344958473,GCF_001640805.2,尖吻鲈 (Lates calcarifer)
LOC108902166,LOC108903031,0.0659110340381892,0.067683567449504,0.973811465942051,GCF_001640805.2,尖吻鲈 (Lates calcarifer)
LOC108883154,LOC108902142,0.3053660380615142,0.5299534566767052,0.5762129375972744,GCF_001640805.2,尖吻鲈 (Lates calcarifer)
LOC108876938,LOC108876940,0.2539581534200699,0.6334078254238,0.4009393999042431,GCF_001640805.2,尖吻鲈 (Lates calcarifer)
LOC108886183,LOC108895906,0.0496084195821277,0.1416941955029013,0.3501090457944123,GCF_001640805.2,尖吻鲈 (Lates calcarifer)
LOC108886183,LOC108878034,0.2212491529342871,0.7094380688121245,0.3118653518336622,GCF_001640805.2,尖吻鲈 (Lates calcarifer)
LOC108877741,LOC108877753,0.0903846234195133,0.1720476064532161,0.525346590300232,GCF_001640805.2,尖吻鲈 (Lates calcarifer)
LOC108892294,LOC108876738,0.0,0.0056232690793506,0.0,GCF_001640805.2,尖吻鲈 (Lates calcarifer)
LOC108881603,LOC108873863,0.1613246022067244,0.1969312428143791,0.8191925257831416,GCF_001640805.2,尖吻鲈 (Lates calcarifer)
LOC108891967,LOC108892805,0.1372396721003594,0.1970119812421348,0.696605715221385,GCF_001640805.2,尖吻鲈 (Lates calcarifer)
LOC108891967,LOC108874226,0.339283148005557,0.4488788265391459,0.7558457381949352,GCF_001640805.2,尖吻鲈 (Lates calcarifer)
LOC108891967,LOC108874237,0.3897071460560559,0.4647521450533801,0.8385268367320721,GCF_001640805.2,尖吻鲈 (Lates calcarifer)
LOC108881720,LOC108882726,0.1409223485974841,0.3984258715478992,0.3536977858641449,GCF_001640805.2,尖吻鲈 (Lates calcarifer)
tead1b,LOC108890764,0.0352700739873253,0.0496490727384539,0.710387365603469,GCF_001640805.2,尖吻鲈 (Lates calcarifer)
LOC108879771,LOC108876298,0.0007938608838569,0.0122326870775303,0.0648966885873486,GCF_001640805.2,尖吻鲈 (Lates calcarifer)
LOC108879771,LOC108876316,0.2933424537536109,0.6895221981833426,0.4254285859490367,GCF_001640805.2,尖吻鲈 (Lates calcarifer)
LOC108879771,LOC108876308,0.2791638132954626,0.5491220899080085,0.5083820491399816,GCF_001640805.2,尖吻鲈 (Lates calcarifer)
LOC108879771,LOC108879768,0.2726326971345576,0.5072761975731255,0.5374442925547611,GCF_001640805.2,尖吻鲈 (Lates calcarifer)
LOC108876298,LOC108876316,0.2933424537536109,0.7082147545226851,0.4141998622314988,GCF_001640805.2,尖吻鲈 (Lates calcarifer)
LOC108876298,LOC108876308,0.2791638132954626,0.5344993683859288,0.5222902585244885,GCF_001640805.2,尖吻鲈 (Lates calcarifer)
LOC108876298,LOC108879768,0.2726326971345576,0.5072761975731255,0.5374442925547611,GCF_001640805.2,尖吻鲈 (Lates calcarifer)
LOC108902832,LOC108902892,0.0649811966446938,0.1345189437474733,0.4830635361416479,GCF_001640805.2,尖吻鲈 (Lates calcarifer)
LOC108902832,LOC108873960,0.148291176149197,0.243925480207221,0.6079363911602013,GCF_001640805.2,尖吻鲈 (Lates calcarifer)
LOC108902832,LOC108888725,0.147176925968027,0.2421734664895253,0.6077334899708877,GCF_001640805.2,尖吻鲈 (Lates calcarifer)
LOC108902832,LOC108888736,0.1568576660194074,0.256804213341791,0.6108064349031503,GCF_001640805.2,尖吻鲈 (Lates calcarifer)
LOC108879950,LOC108877952,0.0292775022888835,0.0453565248702048,0.6454970342782197,GCF_001640805.2,尖吻鲈 (Lates calcarifer)
LOC108879950,LOC108879947,0.1355906199881963,0.2442166654478599,0.5552062540021246,GCF_001640805.2,尖吻鲈 (Lates calcarifer)
LOC108889675,LOC108893554,0.0,0.0105264885872876,0.0,GCF_001640805.2,尖吻鲈 (Lates calcarifer)
septin4b,LOC108886431,0.0027202689637243,0.0034188093387797,0.7956772941000804,GCF_001640805.2,尖吻鲈 (Lates calcarifer)
LOC108901122,LOC108889469,0.0,0.0029821112847295,0.0,GCF_001640805.2,尖吻鲈 (Lates calcarifer)
LOC108902146,nags,0.0008350731551655,0.0025962812599356,0.3216420224002395,GCF_001640805.2,尖吻鲈 (Lates calcarifer)
LOC108892999,clk2a,0.0068984660570231,0.0133468673018814,0.516860316431758,GCF_001640805.2,尖吻鲈 (Lates calcarifer)
alpi.2,LOC108894370,0.0258166200416281,0.025156075335423,1.0262578600754555,GCF_001640805.2,尖吻鲈 (Lates calcarifer)
LOC108881642,LOC108881641,0.0198659703746954,0.040648553947953,0.488725143830014,GCF_001640805.2,尖吻鲈 (Lates calcarifer)
LOC108902892,LOC108888725,0.1717992539513603,0.2798649725749134,0.6138647947641024,GCF_001640805.2,尖吻鲈 (Lates calcarifer)
LOC108902892,LOC108873960,0.1737715626456228,0.2867263610904316,0.6060536672831989,GCF_001640805.2,尖吻鲈 (Lates calcarifer)
LOC108902892,LOC108888736,0.1790238901594798,0.3031789241830182,0.5904892321981114,GCF_001640805.2,尖吻鲈 (Lates calcarifer)
LOC108875536,LOC108892314,0.0086706168008069,0.0226603339473724,0.3826341139077683,GCF_001640805.2,尖吻鲈 (Lates calcarifer)
LOC108899938,pde1ca,0.0,0.0059288846303349,0.0,GCF_001640805.2,尖吻鲈 (Lates calcarifer)
LOC108889931,LOC108891967,0.4000732567052674,0.5930707998816314,0.6745792522328133,GCF_001640805.2,尖吻鲈 (Lates calcarifer)
LOC108894785,LOC108898520,0.0024617089934391,0.0115720714236463,0.2127284652261024,GCF_001640805.2,尖吻鲈 (Lates calcarifer)
LOC108894785,LOC108894783,0.0041169308809364,0.0145002099882495,0.2839221559048192,GCF_001640805.2,尖吻鲈 (Lates calcarifer)
LOC108898520,LOC108894783,0.0016445121019402,0.0028749436257461,0.5720154256984414,GCF_001640805.2,尖吻鲈 (Lates calcarifer)
LOC108882647,LOC108888815,0.3150180943714146,0.6772330114824903,0.4651546646874572,GCF_001640805.2,尖吻鲈 (Lates calcarifer)
LOC108892977,LOC108892978,0.1787477451541033,0.3296665243000212,0.5422077523146679,GCF_001640805.2,尖吻鲈 (Lates calcarifer)
LOC108892977,LOC127142453,0.1813807248855248,0.3400945580366206,0.5333243964050556,GCF_001640805.2,尖吻鲈 (Lates calcarifer)
LOC108892977,LOC108899361,0.2535329094121602,0.4707159258660618,0.5386112843870526,GCF_001640805.2,尖吻鲈 (Lates calcarifer)
LOC108892977,LOC108899362,0.2292391512185562,0.2782229496745837,0.8239404818570137,GCF_001640805.2,尖吻鲈 (Lates calcarifer)
LOC108900253,LOC108885034,0.0,0.0198311836738403,0.0,GCF_001640805.2,尖吻鲈 (Lates calcarifer)
LOC108899715,si_dkey-191g9.7,0.0016832662417069,0.0053739594004398,0.3132264530262724,GCF_001640805.2,尖吻鲈 (Lates calcarifer)
LOC108896860,LOC108888639,0.0046555600356754,0.0043771782096115,1.063598467490464,GCF_001640805.2,尖吻鲈 (Lates calcarifer)
LOC108892978,LOC127142453,0.0025199519716857,0.0054620177685625,0.4613591677035016,GCF_001640805.2,尖吻鲈 (Lates calcarifer)
LOC108892978,LOC108899361,0.2117690823033458,0.5091680911981558,0.4159119276406707,GCF_001640805.2,尖吻鲈 (Lates calcarifer)
LOC108892978,LOC108899362,0.3132981522389971,0.5518751713435189,0.5676974948452289,GCF_001640805.2,尖吻鲈 (Lates calcarifer)
uap1,LOC108894376,0.0031982990898431,0.0117059232494932,0.273220575744132,GCF_001640805.2,尖吻鲈 (Lates calcarifer)
LOC127142453,LOC108899361,0.2125071392711183,0.5102183793438095,0.4165023211128207,GCF_001640805.2,尖吻鲈 (Lates calcarifer)
LOC127142453,LOC108899362,0.3134346391112297,0.5436766060349741,0.5765093359398047,GCF_001640805.2,尖吻鲈 (Lates calcarifer)
LOC108873256,LOC108873252,0.0183769877520027,0.0212679657224445,0.8640689002337955,GCF_001640805.2,尖吻鲈 (Lates calcarifer)
LOC108873256,psmd3,0.020515162186198,0.0098426609473555,2.084310563568683,GCF_001640805.2,尖吻鲈 (Lates calcarifer)
LOC108890298,LOC108873252,0.0183769877520027,0.0212679657224445,0.8640689002337955,GCF_001640805.2,尖吻鲈 (Lates calcarifer)
LOC108890298,psmd3,0.020515162186198,0.0098426609473555,2.084310563568683,GCF_001640805.2,尖吻鲈 (Lates calcarifer)
LOC108895328,LOC108892951,0.0,0.0050167411130974,0.0,GCF_001640805.2,尖吻鲈 (Lates calcarifer)
LOC108880875,mgat4c,0.0505749107214785,0.463780072065184,0.1090493399086158,GCF_001640805.2,尖吻鲈 (Lates calcarifer)
LOC108877074,LOC108877075,0.0024841314457292,0.0029097999641917,0.8537121026528371,GCF_001640805.2,尖吻鲈 (Lates calcarifer)
LOC108893044,LOC108875454,0.0,0.0085067074529508,0.0,GCF_001640805.2,尖吻鲈 (Lates calcarifer)
LOC108888382,LOC127143641,0.0212164044394047,0.0455851468912737,0.4654236277884223,GCF_001640805.2,尖吻鲈 (Lates calcarifer)
fdxr,LOC108891381,0.0172299501858273,0.0213446391812806,0.807226116098421,GCF_001640805.2,尖吻鲈 (Lates calcarifer)
LOC108877952,LOC108879947,0.132832873185902,0.2406807900600753,0.5519047579690352,GCF_001640805.2,尖吻鲈 (Lates calcarifer)
LOC108902361,LOC108885838,0.0167768773599681,0.0182103027802909,0.9212849210901553,GCF_001640805.2,尖吻鲈 (Lates calcarifer)
LOC108902361,LOC108885850,0.4213637282477663,0.6141488314117397,0.6860938370251075,GCF_001640805.2,尖吻鲈 (Lates calcarifer)
LOC108902361,LOC108902363,0.4144296207988887,0.6158108819534229,0.6729819705106059,GCF_001640805.2,尖吻鲈 (Lates calcarifer)
LOC108885838,LOC108885850,0.4048594921834347,0.6240851889779983,0.6487247243384073,GCF_001640805.2,尖吻鲈 (Lates calcarifer)
LOC108885838,LOC108902363,0.3980677196050828,0.625749083171267,0.6361459094557427,GCF_001640805.2,尖吻鲈 (Lates calcarifer)
lman1,LOC108891474,0.0,0.0073801333511333,0.0,GCF_001640805.2,尖吻鲈 (Lates calcarifer)
LOC108873989,LOC108873991,0.0556820605090198,0.2435623725522203,0.2286151999816043,GCF_001640805.2,尖吻鲈 (Lates calcarifer)
LOC108873252,psmd3,0.0652866726915737,0.0466366430136273,1.3999007748584469,GCF_001640805.2,尖吻鲈 (Lates calcarifer)
LOC108880494,LOC108897342,0.0017128183293675,0.0056075027572651,0.3054511791632124,GCF_001640805.2,尖吻鲈 (Lates calcarifer)
LOC108892704,aldh5a1,0.000868684040939,0.0077889060054207,0.1115283764285373,GCF_001640805.2,尖吻鲈 (Lates calcarifer)
LOC108899361,LOC108899362,0.3595182810532418,0.6728155114698853,0.5343489781735414,GCF_001640805.2,尖吻鲈 (Lates calcarifer)
LOC108880475,LOC108880487,0.0254077042630424,0.0431610371516304,0.5886722363455217,GCF_001640805.2,尖吻鲈 (Lates calcarifer)
LOC108884212,LOC108884213,0.0492190257300019,0.2695715763148678,0.1825824013156067,GCF_001640805.2,尖吻鲈 (Lates calcarifer)
LOC108902410,LOC108885859,0.0025181892711345,0.0029498563101278,0.8536650624265221,GCF_001640805.2,尖吻鲈 (Lates calcarifer)
LOC108902410,LOC108902384,0.3688574193542173,0.6826799852579991,0.5403079441604228,GCF_001640805.2,尖吻鲈 (Lates calcarifer)
LOC108902410,LOC108886000,0.4139890632046323,0.7028835567175251,0.5889866952329436,GCF_001640805.2,尖吻鲈 (Lates calcarifer)
LOC108885859,LOC108902384,0.3560673237377113,0.6266613591573981,0.5681973501868306,GCF_001640805.2,尖吻鲈 (Lates calcarifer)
LOC108885859,LOC108886000,0.4113940680589238,0.7018750707131343,0.5861357458399689,GCF_001640805.2,尖吻鲈 (Lates calcarifer)
LOC108893535,LOC108883349,0.1490897094202486,0.6667099355584762,0.2236200504427193,GCF_001640805.2,尖吻鲈 (Lates calcarifer)
LOC108898102,LOC108889724,0.0505041281425537,0.0536297225842864,0.9417189891888712,GCF_001640805.2,尖吻鲈 (Lates calcarifer)
LOC108884087,LOC108892344,0.0,0.007450392393218,0.0,GCF_001640805.2,尖吻鲈 (Lates calcarifer)
mfsd13a,LOC108890201,0.0067022271071585,0.0079576343340116,0.8422386384999577,GCF_001640805.2,尖吻鲈 (Lates calcarifer)
LOC108895906,LOC108878034,0.2321147432814859,0.6889986161316239,0.3368870965005588,GCF_001640805.2,尖吻鲈 (Lates calcarifer)
LOC108895906,LOC108885464,0.1797339339004128,0.58658731616263,0.3064061034872122,GCF_001640805.2,尖吻鲈 (Lates calcarifer)
ugp2b,LOC108877094,0.0,0.0095847949847991,0.0,GCF_001640805.2,尖吻鲈 (Lates calcarifer)
katnal2,LOC108880326,0.0254224052908165,0.0278685237395288,0.91222647917863,GCF_001640805.2,尖吻鲈 (Lates calcarifer)
LOC108893378,LOC108876334,0.0688057567596661,0.0940062379727323,0.7319275639944662,GCF_001640805.2,尖吻鲈 (Lates calcarifer)
LOC108893378,LOC108876336,0.1767668327833693,0.1694579168883961,1.04313115627278,GCF_001640805.2,尖吻鲈 (Lates calcarifer)
LOC108897942,LOC108873925,0.1738421185318405,0.201434350003116,0.8630212202097174,GCF_001640805.2,尖吻鲈 (Lates calcarifer)
LOC108897942,LOC127140274,0.1738421185318405,0.201434350003116,0.8630212202097174,GCF_001640805.2,尖吻鲈 (Lates calcarifer)
LOC108888501,LOC108892311,0.0410459037288777,0.0525609061898876,0.7809207775183813,GCF_001640805.2,尖吻鲈 (Lates calcarifer)
LOC108887477,LOC108887475,0.0529709717357971,0.1811042811715549,0.2924887881894919,GCF_001640805.2,尖吻鲈 (Lates calcarifer)
LOC108887477,LOC108887476,0.0771519194960949,0.2889029422262572,0.2670513456926744,GCF_001640805.2,尖吻鲈 (Lates calcarifer)
LOC108887475,LOC108887476,0.042085546668496,0.1375453004275072,0.3059758969422378,GCF_001640805.2,尖吻鲈 (Lates calcarifer)
LOC108892660,srp54,0.0016797319451285,0.009434086655145,0.1780492385251227,GCF_001640805.2,尖吻鲈 (Lates calcarifer)
srms,LOC108888742,0.0632558613253132,0.0717269743243734,0.881897806524628,GCF_001640805.2,尖吻鲈 (Lates calcarifer)
LOC108878034,LOC108897586,0.185536776832267,0.6540442480183395,0.2836761845921233,GCF_001640805.2,尖吻鲈 (Lates calcarifer)
LOC108875859,LOC108875888,0.0653401362116161,0.1907117306657816,0.3426120458532429,GCF_001640805.2,尖吻鲈 (Lates calcarifer)
LOC108879766,htr2aa,0.0542433777024726,0.091549273086288,0.592504734050117,GCF_001640805.2,尖吻鲈 (Lates calcarifer)
LOC108888274,LOC108888275,0.1578988825531469,0.5961623929641089,0.2648588445307268,GCF_001640805.2,尖吻鲈 (Lates calcarifer)
LOC127142795,LOC108887028,0.0950805400171605,0.1099309051968756,0.8649118266321967,GCF_001640805.2,尖吻鲈 (Lates calcarifer)
LOC127142795,LOC108887055,0.4267715908736715,0.5474967563468347,0.7794961082898457,GCF_001640805.2,尖吻鲈 (Lates calcarifer)
LOC127142795,LOC108887013,0.4204202083248802,0.5610538685360212,0.7493401826493031,GCF_001640805.2,尖吻鲈 (Lates calcarifer)
LOC127142795,LOC108892263,0.3722911479498619,0.5252160796971521,0.7088342538265981,GCF_001640805.2,尖吻鲈 (Lates calcarifer)
hhat,LOC108880541,0.0060772300759641,0.0127098270928082,0.478152065452012,GCF_001640805.2,尖吻鲈 (Lates calcarifer)
hhat,LOC108896245,0.0235136816968465,0.0289973581047545,0.8108904822260713,GCF_001640805.2,尖吻鲈 (Lates calcarifer)
LOC108880025,mfsd4aa,0.0008817047304959,0.0027662548648795,0.3187358987380658,GCF_001640805.2,尖吻鲈 (Lates calcarifer)
prkn,LOC108891574,0.000915751029521,0.0089198276354641,0.1026646552989607,GCF_001640805.2,尖吻鲈 (Lates calcarifer)
LOC108879068,LOC108879066,0.0758654949925774,0.1395508706739733,0.5436404275098989,GCF_001640805.2,尖吻鲈 (Lates calcarifer)
LOC108879068,LOC108879067,0.0804368478164992,0.1626910378185871,0.4944147440143102,GCF_001640805.2,尖吻鲈 (Lates calcarifer)
LOC108879066,LOC108879067,0.0218133741023426,0.0435129781104793,0.5013073121991009,GCF_001640805.2,尖吻鲈 (Lates calcarifer)
slc7a10a,LOC108894740,0.0,0.0029527597195046,0.0,GCF_001640805.2,尖吻鲈 (Lates calcarifer)
LOC108877491,LOC108877487,0.1067957222044566,0.6216544875446,0.17179273108166,GCF_001640805.2,尖吻鲈 (Lates calcarifer)
LOC108889077,si_zfos-169g10.2,0.0,0.0028490062749118,0.0,GCF_001640805.2,尖吻鲈 (Lates calcarifer)
glrbb,LOC108879498,0.0077467192986833,0.0123990259825224,0.6247845040088655,GCF_001640805.2,尖吻鲈 (Lates calcarifer)
rubcnl,LOC108879792,0.2226565149303027,0.2477879533154683,0.8985768353590221,GCF_001640805.2,尖吻鲈 (Lates calcarifer)
LOC108890437,zcchc4,0.0017184598668141,0.0254396407246233,0.0675504770454871,GCF_001640805.2,尖吻鲈 (Lates calcarifer)
LOC108896335,LOC108894869,0.0065151705490989,0.0172331341482547,0.3780606878034848,GCF_001640805.2,尖吻鲈 (Lates calcarifer)
LOC108874387,LOC108898508,0.0,0.0031578994022576,0.0,GCF_001640805.2,尖吻鲈 (Lates calcarifer)
LOC108888947,nucb2a,0.0,0.0034642093922208,0.0,GCF_001640805.2,尖吻鲈 (Lates calcarifer)
LOC108872868,LOC108876838,0.034475683826424,0.2199858828814438,0.1567177101314444,GCF_001640805.2,尖吻鲈 (Lates calcarifer)
LOC108872868,LOC108895163,0.0555559394691829,0.1706022843647633,0.3256459295140457,GCF_001640805.2,尖吻鲈 (Lates calcarifer)
LOC108872868,LOC108883261,0.056436872189856,0.2067253004517046,0.2730041851023499,GCF_001640805.2,尖吻鲈 (Lates calcarifer)
LOC108902178,LOC108902180,0.0212187319658183,0.0428044078209935,0.4957137137500953,GCF_001640805.2,尖吻鲈 (Lates calcarifer)
LOC108890067,si_ch211-217a12.1,0.0,0.0059465128166304,0.0,GCF_001640805.2,尖吻鲈 (Lates calcarifer)
agfg2,LOC108888062,0.0039031652750543,0.003650911242778,1.0690934442121205,GCF_001640805.2,尖吻鲈 (Lates calcarifer)
dync1li1,LOC108901794,0.0,0.008875843235252,0.0,GCF_001640805.2,尖吻鲈 (Lates calcarifer)
LOC108894770,LOC108891827,0.1931549624148749,0.3646398176927268,0.5297144004652888,GCF_001640805.2,尖吻鲈 (Lates calcarifer)
LOC108894770,LOC108874666,0.5107788290982185,0.7246078377410408,0.704903814856002,GCF_001640805.2,尖吻鲈 (Lates calcarifer)
LOC108897018,LOC108897016,0.0144637382143069,0.0247528221809989,0.5843268338674419,GCF_001640805.2,尖吻鲈 (Lates calcarifer)
LOC108891044,LOC108886868,0.0160508209314869,0.0249435604400216,0.6434855589314189,GCF_001640805.2,尖吻鲈 (Lates calcarifer)
LOC108876158,LOC108876156,0.0043936856762759,0.0278957775060366,0.15750361054913,GCF_001640805.2,尖吻鲈 (Lates calcarifer)
LOC108897084,LOC108897016,0.0146346106676863,0.024195646663666,0.6048447834900299,GCF_001640805.2,尖吻鲈 (Lates calcarifer)
LOC108886593,LOC108886523,0.2020812034729224,0.4669252227833217,0.4327913627546715,GCF_001640805.2,尖吻鲈 (Lates calcarifer)
glra4a,LOC108879911,0.0046350089581009,0.004103977408495,1.129394364722059,GCF_001640805.2,尖吻鲈 (Lates calcarifer)
arhgap15,LOC127139658,0.0195995857032,0.0184161038304052,1.0642634231264916,GCF_001640805.2,尖吻鲈 (Lates calcarifer)
LOC108874361,LOC108891616,0.0,0.0185004241513472,0.0,GCF_001640805.2,尖吻鲈 (Lates calcarifer)
LOC108890828,LOC108890834,0.2366222147657178,0.3670396979747836,0.6446774451682724,GCF_001640805.2,尖吻鲈 (Lates calcarifer)
LOC108890828,LOC108890846,0.3216421697066115,0.7201199351965653,0.4466508340986498,GCF_001640805.2,尖吻鲈 (Lates calcarifer)
LOC108890828,LOC108890845,0.3442185604697081,0.7478483377875254,0.4602785659563846,GCF_001640805.2,尖吻鲈 (Lates calcarifer)
LOC108890828,LOC127139606,0.3932626717124657,0.7369715892142459,0.5336198538287749,GCF_001640805.2,尖吻鲈 (Lates calcarifer)
LOC108886947,LOC108887002,0.0048546313618819,0.0079352699248184,0.611778982678148,GCF_001640805.2,尖吻鲈 (Lates calcarifer)
LOC108897398,LOC108897220,0.0613710495840334,0.0648468487483528,0.9463998755312286,GCF_001640805.2,尖吻鲈 (Lates calcarifer)
LOC108897398,LOC108895776,0.0662891774007703,0.0705764467737246,0.9392535389788084,GCF_001640805.2,尖吻鲈 (Lates calcarifer)
LOC108897398,LOC108895777,0.0700982173401617,0.1029973426342366,0.6805827757041649,GCF_001640805.2,尖吻鲈 (Lates calcarifer)
LOC108897398,LOC108895778,0.0771010225561071,0.1082363182174649,0.7123396640414014,GCF_001640805.2,尖吻鲈 (Lates calcarifer)
LOC108880330,LOC108897892,0.0,0.0028901769869924,0.0,GCF_001640805.2,尖吻鲈 (Lates calcarifer)
LOC108895919,LOC108874394,0.2604531783528867,0.6209705565426655,0.4194291913017482,GCF_001640805.2,尖吻鲈 (Lates calcarifer)
LOC108895919,LOC108890801,0.261649345218426,0.6273122701497522,0.4170958510917776,GCF_001640805.2,尖吻鲈 (Lates calcarifer)
LOC108895919,LOC108874391,0.2519453838511383,0.6568511785793871,0.3835653981713731,GCF_001640805.2,尖吻鲈 (Lates calcarifer)
LOC108895919,LOC108888977,0.2537369604416448,0.605184566747171,0.4192720277145615,GCF_001640805.2,尖吻鲈 (Lates calcarifer)
LOC108875741,LOC108875744,0.062821913487204,0.0587877753414227,1.0686220582825634,GCF_001640805.2,尖吻鲈 (Lates calcarifer)
LOC108875741,LOC108885452,0.0184553717898194,0.0204930782059156,0.9005661133178136,GCF_001640805.2,尖吻鲈 (Lates calcarifer)
LOC108875741,LOC108885455,0.0669296277861328,0.0966742586972182,0.6923210861720189,GCF_001640805.2,尖吻鲈 (Lates calcarifer)
LOC108902386,LOC127142284,0.0075339659138868,0.0196732591116523,0.3829546427020092,GCF_001640805.2,尖吻鲈 (Lates calcarifer)
LOC108902386,LOC108902384,0.3152345047331374,0.4630729976029006,0.6807447343398346,GCF_001640805.2,尖吻鲈 (Lates calcarifer)
LOC108902386,LOC108885831,0.4007053793677039,0.7070779912789646,0.5667060554987816,GCF_001640805.2,尖吻鲈 (Lates calcarifer)
LOC108892101,steap4,0.1666955493513091,0.5950378485146923,0.2801427669977755,GCF_001640805.2,尖吻鲈 (Lates calcarifer)
LOC108878531,LOC108878533,0.0715974414475636,0.1196771793473806,0.5982547536464032,GCF_001640805.2,尖吻鲈 (Lates calcarifer)
LOC108878531,LOC108878025,0.0734983666701497,0.120038900901751,0.6122879009889167,GCF_001640805.2,尖吻鲈 (Lates calcarifer)
LOC108878531,LOC108878535,0.0766988987011977,0.1350651892444037,0.5678657774832658,GCF_001640805.2,尖吻鲈 (Lates calcarifer)
LOC108878531,LOC108878534,0.0780226776316377,0.1256717772902724,0.6208448652032956,GCF_001640805.2,尖吻鲈 (Lates calcarifer)
LOC108901474,LOC127138966,0.1541661083485797,0.193605295013479,0.7962907643504611,GCF_001640805.2,尖吻鲈 (Lates calcarifer)
LOC108901474,LOC108901477,0.1676129984411576,0.2106947117456625,0.7955254170948985,GCF_001640805.2,尖吻鲈 (Lates calcarifer)
LOC108874791,LOC108874794,0.0535518735529506,0.0953950286160296,0.5613696471385308,GCF_001640805.2,尖吻鲈 (Lates calcarifer)
LOC108874791,LOC108874793,0.0731935617919121,0.1311630767219129,0.5580348038579059,GCF_001640805.2,尖吻鲈 (Lates calcarifer)
LOC108874791,LOC108874394,0.1220257274043341,0.2088911364934046,0.584159430853529,GCF_001640805.2,尖吻鲈 (Lates calcarifer)
LOC108874791,LOC108890801,0.1248613472437485,0.2101531923178541,0.5941444232495753,GCF_001640805.2,尖吻鲈 (Lates calcarifer)
LOC108874790,LOC127143104,0.0442852707924788,0.0412703929687346,1.0730518322427467,GCF_001640805.2,尖吻鲈 (Lates calcarifer)
LOC108890800,LOC127138937,0.0105794421303111,0.005667890190355,1.866557356441725,GCF_001640805.2,尖吻鲈 (Lates calcarifer)
LOC108890800,LOC108874394,0.1387511578349232,0.2181568395095374,0.6360156213615173,GCF_001640805.2,尖吻鲈 (Lates calcarifer)
LOC108901019,LOC108879902,0.0054364478445096,0.0113102991683023,0.4806634876419184,GCF_001640805.2,尖吻鲈 (Lates calcarifer)
LOC108888647,LOC108890957,0.0028809254373577,0.1037323663165102,0.0277726763560705,GCF_001640805.2,尖吻鲈 (Lates calcarifer)
LOC108888647,LOC108890986,0.0038436983551914,0.1074498460464565,0.0357720229169019,GCF_001640805.2,尖吻鲈 (Lates calcarifer)
LOC108888647,LOC108895642,0.0086761893008906,0.3366857548620853,0.0257693982462805,GCF_001640805.2,尖吻鲈 (Lates calcarifer)
LOC108889028,LOC108890957,0.0028809254373577,0.1037323663165102,0.0277726763560705,GCF_001640805.2,尖吻鲈 (Lates calcarifer)
LOC108889028,LOC108890986,0.0038436983551914,0.1074498460464565,0.0357720229169019,GCF_001640805.2,尖吻鲈 (Lates calcarifer)
LOC108889028,LOC108895642,0.0086761893008906,0.3366857548620853,0.0257693982462805,GCF_001640805.2,尖吻鲈 (Lates calcarifer)
LOC108876246,LOC127143390,0.1183115773751028,0.1551119746485547,0.7627494759393496,GCF_001640805.2,尖吻鲈 (Lates calcarifer)
LOC108894681,map3k8,0.0,0.0031185076114977,0.0,GCF_001640805.2,尖吻鲈 (Lates calcarifer)
zgc_158258,LOC108890521,0.0418444783280344,0.0433972140102792,0.964220383320528,GCF_001640805.2,尖吻鲈 (Lates calcarifer)
LOC108875744,LOC108885452,0.1071737405878728,0.1326658809135421,0.8078470504237458,GCF_001640805.2,尖吻鲈 (Lates calcarifer)
LOC108875744,LOC108885455,0.0400858758325597,0.0529360756290669,0.7572506151277453,GCF_001640805.2,尖吻鲈 (Lates calcarifer)
LOC108879392,LOC108900355,0.008404920740148,0.0156765994721973,0.5361443822720747,GCF_001640805.2,尖吻鲈 (Lates calcarifer)
LOC108879392,LOC108879391,0.1641807553802289,0.2129214102902123,0.7710861728580994,GCF_001640805.2,尖吻鲈 (Lates calcarifer)
LOC108879392,LOC108900337,0.1589947621895913,0.2071531384553201,0.7675228257470216,GCF_001640805.2,尖吻鲈 (Lates calcarifer)
LOC108879392,LOC127140507,0.0388616064122935,0.0540165882431452,0.7194383739558963,GCF_001640805.2,尖吻鲈 (Lates calcarifer)
LOC108878533,LOC108878025,0.0382074423474012,0.0521949688493964,0.732013893094662,GCF_001640805.2,尖吻鲈 (Lates calcarifer)
LOC108878533,LOC108878534,0.0459902504848106,0.0583952413292042,0.7875684634222124,GCF_001640805.2,尖吻鲈 (Lates calcarifer)
LOC108878533,LOC108878535,0.0545109998414516,0.0843952935267903,0.6459009449875034,GCF_001640805.2,尖吻鲈 (Lates calcarifer)
LOC108878535,LOC108878025,0.0513020451633003,0.0935342147390822,0.5484842664944551,GCF_001640805.2,尖吻鲈 (Lates calcarifer)
LOC108878535,LOC108878534,0.0707787917942,0.0887083408202527,0.797882038371309,GCF_001640805.2,尖吻鲈 (Lates calcarifer)
LOC108878534,LOC108878025,0.0400155513675818,0.0488829170374413,0.8185999075491421,GCF_001640805.2,尖吻鲈 (Lates calcarifer)
LOC108891242,LOC108891243,0.2424629790575882,0.2390747937290689,1.0141720725789227,GCF_001640805.2,尖吻鲈 (Lates calcarifer)
LOC108891242,LOC108891229,0.1291998904492302,0.1957235130848005,0.660114303145847,GCF_001640805.2,尖吻鲈 (Lates calcarifer)
LOC108891132,LOC108873728,0.0009111618432755,0.0062015857223052,0.1469240100960659,GCF_001640805.2,尖吻鲈 (Lates calcarifer)
LOC108893138,mmp13a,0.1022969615936889,0.173309943724875,0.5902544273863635,GCF_001640805.2,尖吻鲈 (Lates calcarifer)
LOC108896144,zmp_0000001267,0.0037371612672375,0.0115497951401827,0.3235694851621785,GCF_001640805.2,尖吻鲈 (Lates calcarifer)
LOC108896144,LOC108896143,0.0103223399790121,0.0115497951401827,0.8937249408952591,GCF_001640805.2,尖吻鲈 (Lates calcarifer)
LOC108896143,zmp_0000001267,0.0122144885701262,0.0115497951401827,1.057550235469637,GCF_001640805.2,尖吻鲈 (Lates calcarifer)
LOC108881498,LOC108889853,0.0208067426069427,0.0237758183158456,0.8751220391466344,GCF_001640805.2,尖吻鲈 (Lates calcarifer)
LOC108879314,LOC108876796,0.0009089533001661,0.0031496109279888,0.2885922486770577,GCF_001640805.2,尖吻鲈 (Lates calcarifer)
LOC108881755,LOC108890114,0.3102548163944963,0.5440701482692429,0.5702478207662317,GCF_001640805.2,尖吻鲈 (Lates calcarifer)
LOC108881755,LOC108874666,0.3754512451069327,0.6068826064335965,0.6186554716295262,GCF_001640805.2,尖吻鲈 (Lates calcarifer)
LOC108881755,LOC108894770,0.3733296405827528,0.6783669495709939,0.5503358334583521,GCF_001640805.2,尖吻鲈 (Lates calcarifer)
afg1la,LOC108888418,0.0171212695228394,0.0256709551422773,0.6669510124554145,GCF_001640805.2,尖吻鲈 (Lates calcarifer)
LOC108900688,LOC108901781,0.0009136593181088,0.0094094281750916,0.0971004083465428,GCF_001640805.2,尖吻鲈 (Lates calcarifer)
LOC108897275,LOC108897293,0.114953535378361,0.3464781492103194,0.3317771572041673,GCF_001640805.2,尖吻鲈 (Lates calcarifer)
LOC108881648,LOC108881649,0.1231969083114216,0.2027746892924639,0.6075556507633628,GCF_001640805.2,尖吻鲈 (Lates calcarifer)
LOC108900464,LOC108880349,0.081181394689354,0.0977375788527299,0.8306057469632782,GCF_001640805.2,尖吻鲈 (Lates calcarifer)
LOC108902357,LOC108901788,0.5424300727945389,0.6341715941390904,0.8553364386036657,GCF_001640805.2,尖吻鲈 (Lates calcarifer)
LOC108902357,LOC127140537,0.4173182786642861,0.5459881494433241,0.7643357810783503,GCF_001640805.2,尖吻鲈 (Lates calcarifer)
LOC108902357,LOC127139283,0.4198798294679637,0.5459881494433241,0.7690273678944548,GCF_001640805.2,尖吻鲈 (Lates calcarifer)
LOC108888383,LOC108902031,0.0479642491804006,0.0626262913839952,0.7658804013526237,GCF_001640805.2,尖吻鲈 (Lates calcarifer)
LOC108900110,LOC108901179,0.00091324212197,0.0031881025688959,0.2864531809233308,GCF_001640805.2,尖吻鲈 (Lates calcarifer)
LOC108888707,LOC108878536,0.1040924819925048,0.1476657304953704,0.7049196969622437,GCF_001640805.2,尖吻鲈 (Lates calcarifer)
LOC108891514,LOC108891332,0.2704494158463316,0.3571512443999564,0.7572405810896978,GCF_001640805.2,尖吻鲈 (Lates calcarifer)
LOC108889143,LOC108888994,0.070793456707707,0.0846909913919384,0.8359030345988567,GCF_001640805.2,尖吻鲈 (Lates calcarifer)
LOC108889143,LOC108888993,0.0766429603959848,0.0892748693899722,0.8585054329364692,GCF_001640805.2,尖吻鲈 (Lates calcarifer)
LOC108889143,LOC108888992,0.0377662302517117,0.0537689463420873,0.7023799575955328,GCF_001640805.2,尖吻鲈 (Lates calcarifer)
LOC108886070,LOC108884816,0.0009107469243014,0.0032502759428387,0.2802060318318782,GCF_001640805.2,尖吻鲈 (Lates calcarifer)
LOC108874394,LOC108890801,0.0187336999269654,0.0154587732560747,1.2118490656820855,GCF_001640805.2,尖吻鲈 (Lates calcarifer)
LOC108874394,LOC108874794,0.1185654557715688,0.2224599094524167,0.5329744854406202,GCF_001640805.2,尖吻鲈 (Lates calcarifer)
LOC108874394,LOC108874793,0.1224190213639684,0.2010279195077746,0.6089652704147596,GCF_001640805.2,尖吻鲈 (Lates calcarifer)
LOC108874394,LOC108874391,0.1095617598447711,0.1790824287075292,0.6117951416869792,GCF_001640805.2,尖吻鲈 (Lates calcarifer)
LOC127140885,LOC127138937,0.0079749807718508,0.0058196218281833,1.370360653544441,GCF_001640805.2,尖吻鲈 (Lates calcarifer)
LOC127140885,LOC108874394,0.1398965638537107,0.2178777306799132,0.6420874837329495,GCF_001640805.2,尖吻鲈 (Lates calcarifer)
LOC108902363,LOC108885850,0.0156183870903946,0.0166211788521393,0.9396678315861098,GCF_001640805.2,尖吻鲈 (Lates calcarifer)
LOC108902363,LOC108885831,0.0226964773867891,0.0275260251378209,0.8245461258263556,GCF_001640805.2,尖吻鲈 (Lates calcarifer)
LOC108902363,LOC108885876,0.4586054480937907,0.699873109751576,0.6552694219907597,GCF_001640805.2,尖吻鲈 (Lates calcarifer)
LOC108888976,LOC108888977,0.0468976002611267,0.037830368334643,1.239681301706502,GCF_001640805.2,尖吻鲈 (Lates calcarifer)
LOC108888976,LOC108888980,0.0487824302040698,0.0451002907527023,1.081643363932126,GCF_001640805.2,尖吻鲈 (Lates calcarifer)
LOC108888976,LOC108891404,0.0467289947539792,0.0491126521901509,0.9514655118411692,GCF_001640805.2,尖吻鲈 (Lates calcarifer)
LOC108888976,LOC108888986,0.0471201880320991,0.0506770377765732,0.9298133849070732,GCF_001640805.2,尖吻鲈 (Lates calcarifer)
LOC108885850,LOC108885831,0.0018123246837214,0.0062937432271863,0.2879565654812469,GCF_001640805.2,尖吻鲈 (Lates calcarifer)
LOC108885850,LOC108901788,0.4653365165235275,0.7084164675328363,0.6568685763956474,GCF_001640805.2,尖吻鲈 (Lates calcarifer)
LOC108895201,LOC108874394,0.2200420388483042,0.5506164032154915,0.3996285573101383,GCF_001640805.2,尖吻鲈 (Lates calcarifer)
LOC108895201,LOC108890801,0.2242148337020889,0.5394297734165712,0.4156515727376073,GCF_001640805.2,尖吻鲈 (Lates calcarifer)
LOC108895201,LOC108874794,0.221829826509171,0.5728132551643683,0.3872637801398592,GCF_001640805.2,尖吻鲈 (Lates calcarifer)
LOC108895201,LOC108874791,0.226214284981635,0.5262181516638537,0.4298868905726003,GCF_001640805.2,尖吻鲈 (Lates calcarifer)
LOC108890801,LOC108874391,0.1089818459625757,0.1768833798815807,0.6161225889935877,GCF_001640805.2,尖吻鲈 (Lates calcarifer)
LOC108890801,LOC108874794,0.123555014058116,0.2058863116875027,0.6001128149094714,GCF_001640805.2,尖吻鲈 (Lates calcarifer)
LOC108890801,LOC108874793,0.1290938808997706,0.2175993401150497,0.5932641194201957,GCF_001640805.2,尖吻鲈 (Lates calcarifer)
LOC127143075,LOC127138937,0.0079749807718508,0.0058196218281833,1.370360653544441,GCF_001640805.2,尖吻鲈 (Lates calcarifer)
LOC127143075,LOC108874394,0.1398965638537107,0.2178777306799132,0.6420874837329495,GCF_001640805.2,尖吻鲈 (Lates calcarifer)
LOC108879689,LOC108895247,0.0023349956594035,0.0109263118712178,0.2137039182960211,GCF_001640805.2,尖吻鲈 (Lates calcarifer)
LOC108876822,LOC108895543,0.0,0.0061412830345185,0.0,GCF_001640805.2,尖吻鲈 (Lates calcarifer)
LOC108874391,LOC108891974,0.1265320115848451,0.3303418294901767,0.3830335739803963,GCF_001640805.2,尖吻鲈 (Lates calcarifer)
LOC108874391,LOC108890800,0.139659459215191,0.2658376866874659,0.5253561334942806,GCF_001640805.2,尖吻鲈 (Lates calcarifer)
LOC108891974,LOC108874751,0.0,0.0075282940751334,0.0,GCF_001640805.2,尖吻鲈 (Lates calcarifer)
LOC108891974,LOC108874794,0.1322204130212818,0.3005037304429153,0.4399959122850185,GCF_001640805.2,尖吻鲈 (Lates calcarifer)
LOC108891974,LOC108874394,0.132384911398656,0.2690190276187381,0.4921024084076161,GCF_001640805.2,尖吻鲈 (Lates calcarifer)
LOC108891974,LOC108874793,0.1323637232621277,0.3024265895856715,0.4376722411989891,GCF_001640805.2,尖吻鲈 (Lates calcarifer)
LOC108887046,maneal,0.0,0.0195027240215464,0.0,GCF_001640805.2,尖吻鲈 (Lates calcarifer)
LOC108873354,LOC108873345,0.028662964274775,0.0033898362792146,8.455560066581054,GCF_001640805.2,尖吻鲈 (Lates calcarifer)
LOC108873354,LOC108881168,0.0353061005024452,0.0101984574250626,3.461905956059663,GCF_001640805.2,尖吻鲈 (Lates calcarifer)
LOC108873354,LOC108892380,0.0378648880632078,0.0113209696668637,3.344668272898708,GCF_001640805.2,尖吻鲈 (Lates calcarifer)
LOC108873354,LOC108888977,0.042488409683081,0.0257315117122393,1.6512208904877963,GCF_001640805.2,尖吻鲈 (Lates calcarifer)
LOC108889787,LOC108874794,0.1465114913381686,0.3648256279813737,0.4015931998769803,GCF_001640805.2,尖吻鲈 (Lates calcarifer)
LOC108889787,LOC108874793,0.1483119000191312,0.3534923855923085,0.4195617955691498,GCF_001640805.2,尖吻鲈 (Lates calcarifer)
LOC108889787,LOC108874394,0.1544325760147214,0.315486213397166,0.4895065757447413,GCF_001640805.2,尖吻鲈 (Lates calcarifer)
LOC108889787,LOC108874791,0.1527359968225748,0.340173677176932,0.4489941670093814,GCF_001640805.2,尖吻鲈 (Lates calcarifer)
LOC108892380,LOC108873345,0.0326356966080124,0.009606460210128,3.397265579011592,GCF_001640805.2,尖吻鲈 (Lates calcarifer)
LOC108892380,LOC108881168,0.0417206534367863,0.0147174533881045,2.8347739474077245,GCF_001640805.2,尖吻鲈 (Lates calcarifer)
LOC108892380,LOC108888980,0.0539360950315054,0.0368879568580018,1.4621600008677496,GCF_001640805.2,尖吻鲈 (Lates calcarifer)
LOC108888975,LOC108888980,0.0277552485815226,0.0274316291149154,1.0117973112443155,GCF_001640805.2,尖吻鲈 (Lates calcarifer)
LOC108888975,LOC108901644,0.0353006331434893,0.0381144362971596,0.9261748715963573,GCF_001640805.2,尖吻鲈 (Lates calcarifer)
LOC108888975,LOC108888977,0.0444817502096493,0.0395961137058696,1.123386768208403,GCF_001640805.2,尖吻鲈 (Lates calcarifer)
LOC108888975,LOC108888986,0.0479517812501667,0.0512264978227547,0.9360737760383572,GCF_001640805.2,尖吻鲈 (Lates calcarifer)
LOC108888977,LOC108888986,0.0380186102474437,0.0231857721843353,1.6397387995181656,GCF_001640805.2,尖吻鲈 (Lates calcarifer)
LOC108888977,LOC108901644,0.039084668668259,0.0346682166631899,1.1273919581147198,GCF_001640805.2,尖吻鲈 (Lates calcarifer)
LOC108888977,LOC108888980,0.0424751848800062,0.0327826768190921,1.2956594458225958,GCF_001640805.2,尖吻鲈 (Lates calcarifer)
LOC127139347,LOC108888977,0.0402374507888193,0.0269267032858836,1.494332609588858,GCF_001640805.2,尖吻鲈 (Lates calcarifer)
LOC127139347,LOC108888980,0.0400343247982005,0.0241122948076123,1.6603282730916864,GCF_001640805.2,尖吻鲈 (Lates calcarifer)
LOC127139347,LOC108901644,0.0414315694418881,0.0330296710581256,1.2543742675782892,GCF_001640805.2,尖吻鲈 (Lates calcarifer)
LOC127139347,LOC108888986,0.0521136371413923,0.0503644262550198,1.0347310793835989,GCF_001640805.2,尖吻鲈 (Lates calcarifer)
LOC108888980,LOC108901644,0.0361851251545391,0.0348090313233484,1.0395326666349287,GCF_001640805.2,尖吻鲈 (Lates calcarifer)
LOC108888980,LOC108888986,0.0476977709254866,0.0485280654110503,0.982890426837939,GCF_001640805.2,尖吻鲈 (Lates calcarifer)
LOC108873345,LOC108881168,0.0258606502528599,0.0067758789509736,3.816575006722028,GCF_001640805.2,尖吻鲈 (Lates calcarifer)
LOC108873345,LOC108881170,0.0313050816059669,0.0231187635651954,1.3540984368686435,GCF_001640805.2,尖吻鲈 (Lates calcarifer)
LOC108881168,LOC108888986,0.0444925390938473,0.0422647024133488,1.0527115193834875,GCF_001640805.2,尖吻鲈 (Lates calcarifer)
LOC108901644,LOC108888986,0.0444014417720761,0.0425897972377611,1.042537054689444,GCF_001640805.2,尖吻鲈 (Lates calcarifer)
LOC108891404,LOC108901644,0.0528949978638024,0.0698178172995089,0.7576146019702977,GCF_001640805.2,尖吻鲈 (Lates calcarifer)
LOC108891404,LOC108888977,0.0684343338502651,0.0668280114315949,1.0240366634328848,GCF_001640805.2,尖吻鲈 (Lates calcarifer)
LOC108891404,LOC108901640,0.0668794852952739,0.0652201646644546,1.0254418344289096,GCF_001640805.2,尖吻鲈 (Lates calcarifer)
LOC108891404,LOC108888980,0.0614323086943968,0.0708072633533059,0.8675989691603948,GCF_001640805.2,尖吻鲈 (Lates calcarifer)
LOC108896229,LOC108896237,0.148876296453121,0.2735332707065888,0.544271254712617,GCF_001640805.2,尖吻鲈 (Lates calcarifer)
sh3bp5b,LOC108889962,0.0148576287356514,0.0186576785665534,0.7963278326750626,GCF_001640805.2,尖吻鲈 (Lates calcarifer)
LOC127143090,LOC108901644,0.1207134696155161,0.3130098269961879,0.3856539290601449,GCF_001640805.2,尖吻鲈 (Lates calcarifer)
LOC127143090,LOC108889771,0.1264576842797826,0.3020021006129229,0.4187311413501187,GCF_001640805.2,尖吻鲈 (Lates calcarifer)
LOC127143090,LOC108902044,0.1256244533192499,0.2896395564750189,0.4337268529482951,GCF_001640805.2,尖吻鲈 (Lates calcarifer)
LOC127143090,LOC108888977,0.1223868791093652,0.2741194772560325,0.4464727582821621,GCF_001640805.2,尖吻鲈 (Lates calcarifer)
LOC108888499,LOC108892312,0.0050406238460708,0.0256161505491714,0.1967752272690282,GCF_001640805.2,尖吻鲈 (Lates calcarifer)
LOC108891621,LOC108891493,0.0009490668776727,0.0058939399593909,0.1610241848766296,GCF_001640805.2,尖吻鲈 (Lates calcarifer)
LOC108891243,LOC108891229,0.1736749796481905,0.2436209628138552,0.7128901291671329,GCF_001640805.2,尖吻鲈 (Lates calcarifer)
LOC108896187,LOC108900256,0.0009587729014232,0.0144932046198021,0.0661532715900052,GCF_001640805.2,尖吻鲈 (Lates calcarifer)
LOC108891583,LOC108873196,0.0396002464598707,0.040682112462313,0.9734068381172564,GCF_001640805.2,尖吻鲈 (Lates calcarifer)
LOC108891583,LOC108888977,0.0754848912261914,0.0580897928021087,1.2994518930949122,GCF_001640805.2,尖吻鲈 (Lates calcarifer)
LOC108891583,LOC108901644,0.0748218659543151,0.0677195685846054,1.1048780657962471,GCF_001640805.2,尖吻鲈 (Lates calcarifer)
LOC108891583,LOC108888986,0.0764308953234886,0.0665783405461912,1.1479843849586764,GCF_001640805.2,尖吻鲈 (Lates calcarifer)
LOC108890524,dek,0.0,0.0034883783817981,0.0,GCF_001640805.2,尖吻鲈 (Lates calcarifer)
LOC127139265,LOC108881544,0.0387217941808928,0.043627974641151,0.8875450785737231,GCF_001640805.2,尖吻鲈 (Lates calcarifer)
LOC108873196,LOC108892380,0.060956903265392,0.0417015336239815,1.4617424820639502,GCF_001640805.2,尖吻鲈 (Lates calcarifer)
LOC108873196,LOC108873345,0.058928333806169,0.0454155021308151,1.2975378679383849,GCF_001640805.2,尖吻鲈 (Lates calcarifer)
LOC108873196,LOC108881168,0.0639191632395164,0.0381805974658093,1.6741268466727346,GCF_001640805.2,尖吻鲈 (Lates calcarifer)
LOC108888993,LOC108888994,0.0056013952600796,0.0159495643846338,0.3511942473787008,GCF_001640805.2,尖吻鲈 (Lates calcarifer)
LOC108888993,LOC108888992,0.0379624865215998,0.0455236804088044,0.8339063577613944,GCF_001640805.2,尖吻鲈 (Lates calcarifer)
LOC108888994,LOC108888992,0.0328435412181804,0.0406077763893296,0.808799302460959,GCF_001640805.2,尖吻鲈 (Lates calcarifer)
LOC108901628,LOC108890801,0.6125871245084671,0.7336653179907925,0.8349680835208229,GCF_001640805.2,尖吻鲈 (Lates calcarifer)
LOC108901628,LOC108874394,0.6053079306070405,0.7384630258225516,0.819686171738668,GCF_001640805.2,尖吻鲈 (Lates calcarifer)
LOC108889769,LOC108902042,0.032729619103205,0.0356098010054028,0.919118281459623,GCF_001640805.2,尖吻鲈 (Lates calcarifer)
LOC108889769,LOC108901644,0.0747978781234886,0.0647927424363905,1.1544175367622458,GCF_001640805.2,尖吻鲈 (Lates calcarifer)
LOC108889769,LOC108888977,0.0776721746686808,0.0691979825534855,1.122462993897913,GCF_001640805.2,尖吻鲈 (Lates calcarifer)
LOC108889769,LOC108888986,0.0806834872366205,0.0820489458053298,0.9833579998462249,GCF_001640805.2,尖吻鲈 (Lates calcarifer)
LOC108874794,LOC108874793,0.0923794859422447,0.1679850160943819,0.5499269404501027,GCF_001640805.2,尖吻鲈 (Lates calcarifer)
LOC108890686,LOC108892380,0.0560787440713909,0.0516845309649749,1.0850198894016043,GCF_001640805.2,尖吻鲈 (Lates calcarifer)
LOC108890686,LOC108881168,0.0691278448497429,0.0620478459512362,1.1141054744119705,GCF_001640805.2,尖吻鲈 (Lates calcarifer)
LOC108890686,LOC108873345,0.0641083608545494,0.0584977729489761,1.095911136830236,GCF_001640805.2,尖吻鲈 (Lates calcarifer)
LOC108890686,LOC108888980,0.0787923885655993,0.0859102609064442,0.9171475878929504,GCF_001640805.2,尖吻鲈 (Lates calcarifer)
LOC108902044,LOC108889771,0.0101446366836405,0.0135750312327134,0.747301167101092,GCF_001640805.2,尖吻鲈 (Lates calcarifer)
LOC108902044,LOC108888977,0.0599047762288277,0.0314451543260438,1.9050558826233133,GCF_001640805.2,尖吻鲈 (Lates calcarifer)
LOC108902044,LOC108888986,0.0587969543130109,0.053150923134135,1.1062263992034005,GCF_001640805.2,尖吻鲈 (Lates calcarifer)
LOC108902044,LOC108901644,0.0584618876317669,0.0471359277447477,1.2402829524933072,GCF_001640805.2,尖吻鲈 (Lates calcarifer)
LOC108891584,LOC108901644,0.065871536772996,0.0711011603755515,0.9264481258121096,GCF_001640805.2,尖吻鲈 (Lates calcarifer)
LOC108891584,LOC108888977,0.069181528721236,0.0625850054420448,1.1054010179051563,GCF_001640805.2,尖吻鲈 (Lates calcarifer)
LOC108891584,LOC108888986,0.0698743219234975,0.0718682279610487,0.9722560845853622,GCF_001640805.2,尖吻鲈 (Lates calcarifer)
LOC108891584,LOC108891583,0.0713517562210296,0.0865546824043339,0.8243546650395529,GCF_001640805.2,尖吻鲈 (Lates calcarifer)
LOC108881746,LOC108881747,0.0352166197684722,0.016278446942194,2.1633894126097566,GCF_001640805.2,尖吻鲈 (Lates calcarifer)
LOC108876838,LOC108883261,0.0456427060970707,0.1330915253570863,0.3429422419993363,GCF_001640805.2,尖吻鲈 (Lates calcarifer)
LOC108876838,LOC108895163,0.0719572375414595,0.2207130011639118,0.3260217439027104,GCF_001640805.2,尖吻鲈 (Lates calcarifer)
LOC108889771,LOC108901644,0.0534336505593798,0.0547623983438034,0.975736128719534,GCF_001640805.2,尖吻鲈 (Lates calcarifer)
LOC108889771,LOC108888986,0.055687758414525,0.0609654471793057,0.9134314762055552,GCF_001640805.2,尖吻鲈 (Lates calcarifer)
LOC108889771,LOC108888977,0.0588008264372623,0.0387518726921211,1.5173673516226576,GCF_001640805.2,尖吻鲈 (Lates calcarifer)
LOC108900297,LOC108879343,0.0550369094505178,0.0613839360781824,0.8966011788559697,GCF_001640805.2,尖吻鲈 (Lates calcarifer)
LOC108873610,LOC108884074,0.0226982362806481,0.0301090606343408,0.753867301152523,GCF_001640805.2,尖吻鲈 (Lates calcarifer)
cpm,LOC108885735,0.0218513683456558,0.019717056650243,1.1082469728252518,GCF_001640805.2,尖吻鲈 (Lates calcarifer)
LOC108874405,LOC108874406,0.1000657365054943,0.1327798165870208,0.7536215900698544,GCF_001640805.2,尖吻鲈 (Lates calcarifer)
LOC108874405,LOC108874394,0.1222237017305748,0.1882464340397995,0.6492749908066466,GCF_001640805.2,尖吻鲈 (Lates calcarifer)
LOC108874405,LOC108890801,0.1270896459184177,0.1989326759954078,0.6388575696903182,GCF_001640805.2,尖吻鲈 (Lates calcarifer)
LOC108874405,LOC108874391,0.1266315332637443,0.2263110534956467,0.559546391162817,GCF_001640805.2,尖吻鲈 (Lates calcarifer)
LOC108898906,LOC108898915,0.0566768019016931,0.2988520160566031,0.1896483840047392,GCF_001640805.2,尖吻鲈 (Lates calcarifer)
LOC108898906,LOC108898928,0.0775031312546229,0.3620938134874715,0.2140415780876204,GCF_001640805.2,尖吻鲈 (Lates calcarifer)
LOC108880485,LOC108880447,0.0,0.0063694650342401,0.0,GCF_001640805.2,尖吻鲈 (Lates calcarifer)
LOC108874174,wipf2a,0.0,0.0079576343340116,0.0,GCF_001640805.2,尖吻鲈 (Lates calcarifer)
LOC108891382,LOC108872650,0.0,0.0097193584818789,0.0,GCF_001640805.2,尖吻鲈 (Lates calcarifer)
LOC108901977,LOC108901954,0.0180618089080977,0.0231308291419314,0.7808543652832345,GCF_001640805.2,尖吻鲈 (Lates calcarifer)
LOC108886941,LOC108886990,0.1064926078392389,0.1309827945881739,0.8130274527586985,GCF_001640805.2,尖吻鲈 (Lates calcarifer)
LOC108886941,LOC108886992,0.1128615303177949,0.1492762783257712,0.7560580393858228,GCF_001640805.2,尖吻鲈 (Lates calcarifer)
LOC108886941,LOC108901538,0.1616972592591202,0.1697348445566163,0.952646227010771,GCF_001640805.2,尖吻鲈 (Lates calcarifer)
LOC108886941,LOC127140857,0.1722392367624616,0.1889389934299049,0.9116129690103448,GCF_001640805.2,尖吻鲈 (Lates calcarifer)
LOC108898928,LOC108898922,0.0214402403609523,0.1096841252401089,0.1954725929027344,GCF_001640805.2,尖吻鲈 (Lates calcarifer)
LOC108898928,LOC108898915,0.0400545481660486,0.1390959575989668,0.2879634236498198,GCF_001640805.2,尖吻鲈 (Lates calcarifer)
LOC108898922,LOC108898915,0.0385999314727247,0.1146365743725447,0.3367156745916282,GCF_001640805.2,尖吻鲈 (Lates calcarifer)
LOC108898922,LOC108898906,0.0780889421011818,0.3287172403171561,0.2375565760586191,GCF_001640805.2,尖吻鲈 (Lates calcarifer)
LOC108902042,LOC108888977,0.0932663546763547,0.095202313232153,0.9796647950026444,GCF_001640805.2,尖吻鲈 (Lates calcarifer)
LOC108902042,LOC108888986,0.0992521843627365,0.1110136151282248,0.894054159465905,GCF_001640805.2,尖吻鲈 (Lates calcarifer)
LOC108902042,LOC108881168,0.0787592260455583,0.0760067820407598,1.036213136918787,GCF_001640805.2,尖吻鲈 (Lates calcarifer)
LOC108881170,LOC108888977,0.0553686448525605,0.0384699707906629,1.4392692199807735,GCF_001640805.2,尖吻鲈 (Lates calcarifer)
LOC108881170,LOC108888986,0.0636200658359382,0.0520855556685611,1.2214531460655849,GCF_001640805.2,尖吻鲈 (Lates calcarifer)
LOC108881170,LOC108901644,0.0597163922999916,0.0442084349673122,1.350791819347281,GCF_001640805.2,尖吻鲈 (Lates calcarifer)
LOC108882450,LOC108901644,0.1206193939417885,0.211668125379367,0.5698514772859904,GCF_001640805.2,尖吻鲈 (Lates calcarifer)
LOC108882450,LOC108896042,0.1259522682041424,0.2156671850401896,0.5840122046414765,GCF_001640805.2,尖吻鲈 (Lates calcarifer)
LOC108882450,LOC127142136,0.1270731415815428,0.2200655232683404,0.5774332103197924,GCF_001640805.2,尖吻鲈 (Lates calcarifer)
LOC108882450,LOC108902044,0.1320971899095254,0.2101266668257483,0.6286550484288109,GCF_001640805.2,尖吻鲈 (Lates calcarifer)
LOC127142136,LOC108896042,0.0009243569187334,0.0171730456297633,0.0538260328809342,GCF_001640805.2,尖吻鲈 (Lates calcarifer)
LOC127142136,LOC108888977,0.1004177821440443,0.1305487442477104,0.7691976106143623,GCF_001640805.2,尖吻鲈 (Lates calcarifer)
LOC127142136,LOC108901644,0.0986744690809094,0.1375125521557807,0.7175669968595033,GCF_001640805.2,尖吻鲈 (Lates calcarifer)
LOC127142136,LOC108902044,0.0993594801999942,0.1314360312331308,0.7559531375666564,GCF_001640805.2,尖吻鲈 (Lates calcarifer)
LOC108874327,LOC108892646,0.0066193829526732,0.0119122846297522,0.555677030763734,GCF_001640805.2,尖吻鲈 (Lates calcarifer)
LOC108892151,LOC108891012,0.0028404641810466,0.0158484502471232,0.1792266206951236,GCF_001640805.2,尖吻鲈 (Lates calcarifer)
LOC108892151,LOC108891015,0.4004491449005469,0.73741721620656,0.5430428475219868,GCF_001640805.2,尖吻鲈 (Lates calcarifer)
LOC108891512,LOC108891576,0.0,0.0104349509377387,0.0,GCF_001640805.2,尖吻鲈 (Lates calcarifer)
LOC108896042,LOC108888977,0.0993470218652974,0.1185543761554802,0.83798696502782,GCF_001640805.2,尖吻鲈 (Lates calcarifer)
LOC108896042,LOC108901644,0.0976080993599682,0.1253425133484725,0.7787309888114488,GCF_001640805.2,尖吻鲈 (Lates calcarifer)
LOC108896042,LOC108902044,0.0982851072892904,0.123499120620115,0.7958364949951074,GCF_001640805.2,尖吻鲈 (Lates calcarifer)
LOC108895163,LOC108883261,0.0791809691227437,0.2191023171008707,0.3613880956187707,GCF_001640805.2,尖吻鲈 (Lates calcarifer)
LOC108902184,LOC108886365,0.0054434350996877,0.01097915306109,0.495797359723418,GCF_001640805.2,尖吻鲈 (Lates calcarifer)
LOC108894940,LOC108879426,0.0,0.0029354244908522,0.0,GCF_001640805.2,尖吻鲈 (Lates calcarifer)
LOC108885707,LOC108873218,0.0009407338956803,0.0130014090011593,0.0723563035049845,GCF_001640805.2,尖吻鲈 (Lates calcarifer)
LOC108874406,LOC108874394,0.1212282936940041,0.1642671927332868,0.7379945543407257,GCF_001640805.2,尖吻鲈 (Lates calcarifer)
LOC108874406,LOC108890801,0.1148309148191997,0.167743348728256,0.6845631477479658,GCF_001640805.2,尖吻鲈 (Lates calcarifer)
LOC108874406,LOC108874391,0.1201358317295356,0.2335523798414008,0.5143849607146656,GCF_001640805.2,尖吻鲈 (Lates calcarifer)
LOC127138937,LOC108874394,0.1266595735547232,0.2110051244448724,0.6002677607377945,GCF_001640805.2,尖吻鲈 (Lates calcarifer)
LOC108888106,LOC108884993,0.015817809493245,0.0127044780052232,1.2450578045585097,GCF_001640805.2,尖吻鲈 (Lates calcarifer)
LOC108899178,LOC108899126,0.1057934565081551,0.4373597140092106,0.2418911781754256,GCF_001640805.2,尖吻鲈 (Lates calcarifer)
LOC108873302,LOC108902143,0.083537260358187,0.1340046516588472,0.6233907504260265,GCF_001640805.2,尖吻鲈 (Lates calcarifer)
LOC108873302,LOC108902142,0.1510452792579918,0.157768185815244,0.957387438268923,GCF_001640805.2,尖吻鲈 (Lates calcarifer)
LOC108873302,LOC108902133,0.2004783575574995,0.2434571928795826,0.8234645080158258,GCF_001640805.2,尖吻鲈 (Lates calcarifer)
LOC108873302,LOC108902144,0.0907964023658367,0.0950497514918443,0.9552513388067876,GCF_001640805.2,尖吻鲈 (Lates calcarifer)
LOC108899956,LOC108885669,0.0020679794638575,0.0154617169462258,0.1337483716103273,GCF_001640805.2,尖吻鲈 (Lates calcarifer)
LOC108899956,LOC108885472,0.1941027987848209,0.742195163253986,0.2615252812128568,GCF_001640805.2,尖吻鲈 (Lates calcarifer)
LOC108899956,LOC108899964,0.1823438087829776,0.639517242630312,0.2851272751192821,GCF_001640805.2,尖吻鲈 (Lates calcarifer)
LOC108888151,LOC108889726,0.0043373614860685,0.009478799153792,0.4575855459848361,GCF_001640805.2,尖吻鲈 (Lates calcarifer)
cpe,LOC108902176,0.0,0.0122702123289051,0.0,GCF_001640805.2,尖吻鲈 (Lates calcarifer)
LOC108876308,LOC108876316,0.2208965244896638,0.4763367247408199,0.4637402766075955,GCF_001640805.2,尖吻鲈 (Lates calcarifer)
LOC108876308,LOC108879768,0.2512549833447027,0.4800280164344968,0.5234173313694249,GCF_001640805.2,尖吻鲈 (Lates calcarifer)
LOC108876308,LOC108876289,0.2981865643255295,0.5805757875207944,0.5136048914455451,GCF_001640805.2,尖吻鲈 (Lates calcarifer)
LOC108876308,LOC108879773,0.2053632210612188,0.5023555986914985,0.4088005022659943,GCF_001640805.2,尖吻鲈 (Lates calcarifer)
pip5kl1,LOC108880342,0.0175864441567143,0.0122702123289051,1.4332632301142545,GCF_001640805.2,尖吻鲈 (Lates calcarifer)
LOC108896951,eevs,0.0009548059850985,0.0065217802256654,0.14640266185927,GCF_001640805.2,尖吻鲈 (Lates calcarifer)
LOC108894122,LOC127143699,0.0,0.0034782671038132,0.0,GCF_001640805.2,尖吻鲈 (Lates calcarifer)
LOC108894122,LOC108894126,0.0009373536605227,0.0034742389862097,0.2698011461627607,GCF_001640805.2,尖吻鲈 (Lates calcarifer)
LOC108894122,LOC108893145,0.0009373536605227,0.0069646466821267,0.1345873959303993,GCF_001640805.2,尖吻鲈 (Lates calcarifer)
LOC108894126,LOC108893145,0.0,0.0034722284240565,0.0,GCF_001640805.2,尖吻鲈 (Lates calcarifer)
LOC108892674,LOC108892675,0.0823927277879722,0.0654463849661222,1.2589347422416386,GCF_001640805.2,尖吻鲈 (Lates calcarifer)
LOC108892674,LOC108892679,0.0350673628112023,0.0421327617862905,0.8323062938307744,GCF_001640805.2,尖吻鲈 (Lates calcarifer)
LOC108892674,LOC108887054,0.1027670551091554,0.1503581710336598,0.683481678465945,GCF_001640805.2,尖吻鲈 (Lates calcarifer)
LOC108892674,LOC108887006,0.0677394212580578,0.0596805945461072,1.1350326144241862,GCF_001640805.2,尖吻鲈 (Lates calcarifer)
LOC108892232,LOC108888493,0.0009438415592032,0.0033879221923648,0.2785900931639793,GCF_001640805.2,尖吻鲈 (Lates calcarifer)
LOC108893145,LOC127143699,0.0009372072447301,0.0034762518781113,0.269602801405546,GCF_001640805.2,尖吻鲈 (Lates calcarifer)
LOC108880471,LOC108880419,0.0332097214731064,0.3969762130023645,0.083656703815925,GCF_001640805.2,尖吻鲈 (Lates calcarifer)
si_ch211-114n24.6,LOC108890986,0.0169882687776726,0.7411322234826992,0.0229220485082163,GCF_001640805.2,尖吻鲈 (Lates calcarifer)
LOC108899879,LOC108895642,0.0125708019434048,0.3512946679818378,0.0357842093522888,GCF_001640805.2,尖吻鲈 (Lates calcarifer)
LOC108899879,LOC108890957,0.0159915604390768,0.2044290127136779,0.0782254936654933,GCF_001640805.2,尖吻鲈 (Lates calcarifer)
LOC108899879,LOC108890986,0.0169717925668489,0.2172407121468341,0.0781243644394686,GCF_001640805.2,尖吻鲈 (Lates calcarifer)
LOC108895642,LOC108890957,0.007712150216688,0.3510540681949314,0.0219685538935434,GCF_001640805.2,尖吻鲈 (Lates calcarifer)
LOC108895642,LOC108890986,0.0086817689684168,0.366652550715793,0.023678463306659,GCF_001640805.2,尖吻鲈 (Lates calcarifer)
LOC108890986,LOC108890957,0.0028827710059221,0.0363107212256157,0.0793917308337143,GCF_001640805.2,尖吻鲈 (Lates calcarifer)
LOC108892197,LOC108892107,0.0028841567348642,0.0065253266435469,0.4419942314637217,GCF_001640805.2,尖吻鲈 (Lates calcarifer)
LOC108876307,LOC108890675,0.0020979034657959,0.0107400403310614,0.1953347847054694,GCF_001640805.2,尖吻鲈 (Lates calcarifer)
LOC108901687,rnf26,0.0019956772127729,0.0029168729036441,0.684183808721906,GCF_001640805.2,尖吻鲈 (Lates calcarifer)
LOC108876316,LOC108879773,0.0201989906554759,0.0367326660739844,0.5498917670389747,GCF_001640805.2,尖吻鲈 (Lates calcarifer)
LOC108876316,LOC108879768,0.2384993904341085,0.550255973942374,0.4334335322619969,GCF_001640805.2,尖吻鲈 (Lates calcarifer)
LOC108876316,LOC108876289,0.3023541760938052,0.6668811024436982,0.4533854310549033,GCF_001640805.2,尖吻鲈 (Lates calcarifer)
LOC108873086,LOC108873085,0.0424088765016786,0.3550760878900986,0.1194360249761589,GCF_001640805.2,尖吻鲈 (Lates calcarifer)
LOC108873085,LOC108873135,0.0,0.0064725320806611,0.0,GCF_001640805.2,尖吻鲈 (Lates calcarifer)
LOC108873085,si_ch211-114n24.6,0.0141260873381138,0.1790093669280291,0.078912559608086,GCF_001640805.2,尖吻鲈 (Lates calcarifer)
LOC108873135,si_ch211-114n24.6,0.0141260873381138,0.1872230013807249,0.0754505975971826,GCF_001640805.2,尖吻鲈 (Lates calcarifer)
LOC108895310,LOC108892353,0.0215409697260449,0.0152289496205591,1.4144750795527288,GCF_001640805.2,尖吻鲈 (Lates calcarifer)
LOC108890889,LOC108874416,0.0721710240709154,0.0744736657367102,0.9690811289733552,GCF_001640805.2,尖吻鲈 (Lates calcarifer)
LOC108879947,samhd1,0.2453614666236414,0.7077478819080382,0.3466791959336766,GCF_001640805.2,尖吻鲈 (Lates calcarifer)
LOC108879800,LOC108902229,0.0009980041392787,0.0029615043415622,0.3369922931641999,GCF_001640805.2,尖吻鲈 (Lates calcarifer)
LOC108902147,LOC108898568,0.002909329654306,0.0131079251252166,0.2219519585681181,GCF_001640805.2,尖吻鲈 (Lates calcarifer)
LOC108902147,LOC108898575,0.0087848734977399,0.0086145957866761,1.0197661869785186,GCF_001640805.2,尖吻鲈 (Lates calcarifer)
LOC108898568,LOC108898575,0.011311483785807,0.0217406526549391,0.5202918222069692,GCF_001640805.2,尖吻鲈 (Lates calcarifer)
LOC108891896,LOC108881968,0.0,0.0063966272606403,0.0,GCF_001640805.2,尖吻鲈 (Lates calcarifer)
septin7b,LOC108889316,0.0,0.0037902797030752,0.0,GCF_001640805.2,尖吻鲈 (Lates calcarifer)
tubb4bl,LOC108885438,0.0077370125209617,0.6728352054258129,0.0114991196337077,GCF_001640805.2,尖吻鲈 (Lates calcarifer)
LOC108874059,LOC108874060,0.0369802380963685,0.1497992681937701,0.2468652787310909,GCF_001640805.2,尖吻鲈 (Lates calcarifer)
LOC108881914,tubb4bl,0.0236317012806396,0.7393739660749072,0.0319617708560832,GCF_001640805.2,尖吻鲈 (Lates calcarifer)
gtf2e1,LOC108886989,0.0611696084656683,0.1036701333398263,0.5900408005182843,GCF_001640805.2,尖吻鲈 (Lates calcarifer)
LOC108875740,LOC108886002,0.0009810334950115,0.0098685634331333,0.099409959885116,GCF_001640805.2,尖吻鲈 (Lates calcarifer)
LOC108880100,LOC108899643,0.0,0.0068104894768098,0.0,GCF_001640805.2,尖吻鲈 (Lates calcarifer)
LOC108891332,LOC108891515,0.1369781718635152,0.1208555510358805,1.1334040570701474,GCF_001640805.2,尖吻鲈 (Lates calcarifer)
LOC108890254,LOC108884424,0.0090151335858936,0.0115535018962398,0.780294465423306,GCF_001640805.2,尖吻鲈 (Lates calcarifer)
LOC108880541,LOC108896245,0.0344418491792222,0.0378064120309388,0.9110054969256732,GCF_001640805.2,尖吻鲈 (Lates calcarifer)
zgc_85777,LOC108902048,0.0154877519036449,0.0089353253443866,1.7333170653237124,GCF_001640805.2,尖吻鲈 (Lates calcarifer)
gabpa,LOC108880488,0.0346847446181165,0.0586830703961353,0.5910519743425131,GCF_001640805.2,尖吻鲈 (Lates calcarifer)
LOC108873230,LOC108882527,0.521108750944178,0.7171614739912088,0.72662680559799,GCF_001640805.2,尖吻鲈 (Lates calcarifer)
LOC108894375,ubxn6,0.0019550353201296,0.0033898362792146,0.5767344376238182,GCF_001640805.2,尖吻鲈 (Lates calcarifer)
LOC108891815,LOC108873841,0.0009980041392787,0.0127121687353299,0.0785077794401137,GCF_001640805.2,尖吻鲈 (Lates calcarifer)
LOC108888426,LOC108881899,0.0030181127247941,0.0283052459871353,0.1066273271804754,GCF_001640805.2,尖吻鲈 (Lates calcarifer)
LOC108887028,LOC108887055,0.415742837057672,0.5716050390351722,0.7273253534633211,GCF_001640805.2,尖吻鲈 (Lates calcarifer)
LOC108887028,LOC108892263,0.4032852201898483,0.6455491135772478,0.6247165579007342,GCF_001640805.2,尖吻鲈 (Lates calcarifer)
LOC108887028,LOC108887013,0.4093070877467608,0.5860534977223664,0.6984124987522277,GCF_001640805.2,尖吻鲈 (Lates calcarifer)
LOC108887006,LOC108887054,0.0625917602023323,0.066025012113992,0.9480007378759404,GCF_001640805.2,尖吻鲈 (Lates calcarifer)
LOC108887006,LOC108887032,0.2469088133479908,0.2575739357886522,0.9585939376668436,GCF_001640805.2,尖吻鲈 (Lates calcarifer)
LOC108887006,LOC108892675,0.1422267670199066,0.1189802661297998,1.1953811471958415,GCF_001640805.2,尖吻鲈 (Lates calcarifer)
LOC108887189,LOC108887190,0.1010824375116286,0.1698755184209069,0.595038287160207,GCF_001640805.2,尖吻鲈 (Lates calcarifer)
LOC108892085,LOC108892086,0.0089907958832198,0.0064212721011082,1.4001580592836285,GCF_001640805.2,尖吻鲈 (Lates calcarifer)
LOC108892085,LOC108876352,0.1042200382309816,0.108899816700783,0.9570267553097932,GCF_001640805.2,尖吻鲈 (Lates calcarifer)
LOC108892085,LOC108892157,0.0705169085315903,0.0580676818758571,1.2143916590703303,GCF_001640805.2,尖吻鲈 (Lates calcarifer)
LOC108892085,LOC108892156,0.0659818790610039,0.0693900403023136,0.9508839996855276,GCF_001640805.2,尖吻鲈 (Lates calcarifer)
LOC108891133,LOC108873730,0.0009958507687182,0.006434355818537,0.154770857690103,GCF_001640805.2,尖吻鲈 (Lates calcarifer)
LOC108883428,LOC108891087,0.1780751705153025,0.5270916298685359,0.3378448080454569,GCF_001640805.2,尖吻鲈 (Lates calcarifer)
LOC108880452,LOC108880462,0.1181241906690583,0.2216403905890509,0.5329542614282584,GCF_001640805.2,尖吻鲈 (Lates calcarifer)
LOC108902668,LOC108902664,0.3174672697655382,0.5447419450052545,0.582784697738809,GCF_001640805.2,尖吻鲈 (Lates calcarifer)
LOC127141763,LOC108883357,0.0,0.004815425852192,0.0,GCF_001640805.2,尖吻鲈 (Lates calcarifer)
nptx2b,LOC108895305,0.0,0.0135443861537981,0.0,GCF_001640805.2,尖吻鲈 (Lates calcarifer)
LOC108895043,LOC108895154,0.0236699067594248,0.0281672388103726,0.8403346497246432,GCF_001640805.2,尖吻鲈 (Lates calcarifer)
e2f6,LOC108874323,0.0019255466289343,0.0020862322214076,0.9229780890044788,GCF_001640805.2,尖吻鲈 (Lates calcarifer)
e2f6,LOC108882228,0.2922374459587969,0.5217519374944902,0.5601080225253271,GCF_001640805.2,尖吻鲈 (Lates calcarifer)
LOC108879768,LOC108876289,0.1277503105234755,0.2536439456255541,0.5036600034288576,GCF_001640805.2,尖吻鲈 (Lates calcarifer)
LOC108879768,LOC108879773,0.2115617912189522,0.5748837327812941,0.3680079625760392,GCF_001640805.2,尖吻鲈 (Lates calcarifer)
LOC127140850,LOC127140815,0.1536013735510269,0.2442362038005911,0.6289050155579563,GCF_001640805.2,尖吻鲈 (Lates calcarifer)
LOC108898288,LOC108898280,0.1577756816970212,0.3958141722386538,0.398610491394662,GCF_001640805.2,尖吻鲈 (Lates calcarifer)
LOC108898288,LOC108879954,0.1610037943501422,0.3366069054032752,0.4783139970264428,GCF_001640805.2,尖吻鲈 (Lates calcarifer)
LOC108898288,LOC108898284,0.1626077475262414,0.3365001671781236,0.4832322934335016,GCF_001640805.2,尖吻鲈 (Lates calcarifer)
LOC108898288,LOC108879953,0.0138210299340443,0.017046188308167,0.8107988533379366,GCF_001640805.2,尖吻鲈 (Lates calcarifer)
LOC108895239,LOC108901207,0.0839468645453855,0.1227620129783659,0.6838179214296468,GCF_001640805.2,尖吻鲈 (Lates calcarifer)
LOC108891943,LOC108874757,0.0046360037723333,0.0109376938493191,0.4238556898922456,GCF_001640805.2,尖吻鲈 (Lates calcarifer)
LOC108895411,LOC108879916,0.0179639527771796,0.0251859972392579,0.7132515979624935,GCF_001640805.2,尖吻鲈 (Lates calcarifer)
LOC108876365,trmt9b,0.0,0.0034883783817981,0.0,GCF_001640805.2,尖吻鲈 (Lates calcarifer)
LOC108892086,LOC108892157,0.0597755766579365,0.0542404961847195,1.1020470103069673,GCF_001640805.2,尖吻鲈 (Lates calcarifer)
LOC108892086,LOC108876352,0.1123655205144062,0.1247105170647497,0.9010107820823646,GCF_001640805.2,尖吻鲈 (Lates calcarifer)
LOC108892086,LOC108892156,0.0551454570988222,0.0655259600939592,0.8415818252757812,GCF_001640805.2,尖吻鲈 (Lates calcarifer)
LOC108887045,ap1m3,0.0143625904198037,0.0104445677299402,1.3751254040540213,GCF_001640805.2,尖吻鲈 (Lates calcarifer)
eno3,LOC108892773,0.0126569575340565,0.0335684254811201,0.3770494848254103,GCF_001640805.2,尖吻鲈 (Lates calcarifer)
LOC108892233,chrm4b,0.0010323470315424,0.0060362498871212,0.1710245683739841,GCF_001640805.2,尖吻鲈 (Lates calcarifer)
LOC108891564,LOC108882220,0.0066262164861037,0.0040349794701047,1.6421933581564874,GCF_001640805.2,尖吻鲈 (Lates calcarifer)
LOC108891564,LOC108888319,0.0071582504737368,0.0106479162026833,0.672267731777694,GCF_001640805.2,尖吻鲈 (Lates calcarifer)
LOC108891564,LOC108890024,0.1133340360787666,0.2567822346091184,0.4413624495919162,GCF_001640805.2,尖吻鲈 (Lates calcarifer)
LOC108882462,LOC108887446,0.2314405552629611,0.5576362580979437,0.415038570218493,GCF_001640805.2,尖吻鲈 (Lates calcarifer)
LOC108882462,LOC127138926,0.2409075452889842,0.5056130099019662,0.4764662707862165,GCF_001640805.2,尖吻鲈 (Lates calcarifer)
LOC108882462,LOC108881305,0.2905718475117088,0.6367585224040162,0.4563297345667,GCF_001640805.2,尖吻鲈 (Lates calcarifer)
LOC108890438,LOC108882068,0.0010062050813272,0.009917499881017,0.1014575339953541,GCF_001640805.2,尖吻鲈 (Lates calcarifer)
LOC108901964,LOC108901720,0.0061287368619895,0.012889683529058,0.4754761316034729,GCF_001640805.2,尖吻鲈 (Lates calcarifer)
LOC108886931,LOC108896091,0.00197954585391,0.0035252708852488,0.5615301400505707,GCF_001640805.2,尖吻鲈 (Lates calcarifer)
LOC108889830,LOC108902181,0.0,0.0111803312618536,0.0,GCF_001640805.2,尖吻鲈 (Lates calcarifer)
LOC108890834,LOC108890846,0.3315968193598165,0.6671403681071624,0.4970420547337533,GCF_001640805.2,尖吻鲈 (Lates calcarifer)
fgg,LOC108886654,0.0578693104099637,0.1374391667151804,0.4210539964192897,GCF_001640805.2,尖吻鲈 (Lates calcarifer)
si_ch211-214p13.3,LOC108898753,0.0011509689579009,0.0075998117030908,0.1514470361723306,GCF_001640805.2,尖吻鲈 (Lates calcarifer)
LOC108875542,LOC108892301,0.0,0.0035377424086041,0.0,GCF_001640805.2,尖吻鲈 (Lates calcarifer)
nadka,LOC108890944,0.0561560125051009,0.0373742803109067,1.5025309394041555,GCF_001640805.2,尖吻鲈 (Lates calcarifer)
LOC108890257,LOC108890285,0.2198278466102733,0.2642971049834518,0.8317451930623199,GCF_001640805.2,尖吻鲈 (Lates calcarifer)
LOC108890257,LOC127143299,0.1292359543721276,0.1834991007117408,0.7042865816282373,GCF_001640805.2,尖吻鲈 (Lates calcarifer)
LOC108890257,LOC108890276,0.140995457731196,0.1683302343095108,0.8376121990773563,GCF_001640805.2,尖吻鲈 (Lates calcarifer)
LOC108894938,anks4b,0.000987979724625,0.0074120430315475,0.1332938463012079,GCF_001640805.2,尖吻鲈 (Lates calcarifer)
LOC108891020,LOC108891015,0.3985253601031767,0.6864958533755697,0.580521146841,GCF_001640805.2,尖吻鲈 (Lates calcarifer)
LOC127139851,LOC127142858,0.0010018368495838,0.0107080938534751,0.0935588409377533,GCF_001640805.2,尖吻鲈 (Lates calcarifer)
LOC127143180,LOC108881801,0.278218127011928,0.5162138292457353,0.5389590732554488,GCF_001640805.2,尖吻鲈 (Lates calcarifer)
LOC108883778,LOC108883779,0.3107537105914889,0.4712239003642643,0.6594608430329422,GCF_001640805.2,尖吻鲈 (Lates calcarifer)
LOC108898280,LOC108898284,0.1170607381060783,0.1916437206129366,0.6108248041296708,GCF_001640805.2,尖吻鲈 (Lates calcarifer)
LOC108898280,LOC108879954,0.1198230539361218,0.1906274560182806,0.6285718565358767,GCF_001640805.2,尖吻鲈 (Lates calcarifer)
LOC108898280,LOC108879953,0.1548410364018064,0.4287753953628709,0.3611238846174116,GCF_001640805.2,尖吻鲈 (Lates calcarifer)
LOC108892775,LOC108892779,0.1542768208517179,0.2944375381455977,0.5239713041461068,GCF_001640805.2,尖吻鲈 (Lates calcarifer)
LOC108900307,LOC108879346,0.0040424554662104,0.0110363732697246,0.3662847719458608,GCF_001640805.2,尖吻鲈 (Lates calcarifer)
LOC108879742,LOC108883155,0.5079890239475788,0.5538853922083912,0.9171374278750712,GCF_001640805.2,尖吻鲈 (Lates calcarifer)
LOC108879742,LOC108873270,0.361922937772983,0.3827735160437699,0.945527636064553,GCF_001640805.2,尖吻鲈 (Lates calcarifer)
LOC108894304,LOC108894337,0.2999783943904117,0.3925830657939012,0.7641144525268311,GCF_001640805.2,尖吻鲈 (Lates calcarifer)
LOC108888393,LOC108903127,0.0051706512969579,0.0066593112308475,0.7764543685848798,GCF_001640805.2,尖吻鲈 (Lates calcarifer)
LOC108888393,LOC108888392,0.0062069319778947,0.0100224208591253,0.619304663527815,GCF_001640805.2,尖吻鲈 (Lates calcarifer)
LOC108888393,LOC108872389,0.0648607354379184,0.1369072989506695,0.4737565924902883,GCF_001640805.2,尖吻鲈 (Lates calcarifer)
LOC108888392,LOC108903127,0.0030991779636828,0.0033185894852667,0.9338841027014638,GCF_001640805.2,尖吻鲈 (Lates calcarifer)
LOC108888392,LOC108872389,0.0656332517107969,0.1460912441693133,0.4492620490981023,GCF_001640805.2,尖吻鲈 (Lates calcarifer)
LOC108872389,LOC108903127,0.0634104633116374,0.1459130439902748,0.4345770712306142,GCF_001640805.2,尖吻鲈 (Lates calcarifer)
LOC127140274,LOC127140863,0.0182650963707114,0.0405293405448962,0.4506635470784036,GCF_001640805.2,尖吻鲈 (Lates calcarifer)
LOC127140274,LOC108873924,0.0213016884985867,0.017669757130419,1.2055450644488632,GCF_001640805.2,尖吻鲈 (Lates calcarifer)
LOC108887727,LOC108887501,0.0310298417834783,0.0220979157798215,1.4041976669950431,GCF_001640805.2,尖吻鲈 (Lates calcarifer)
LOC108887727,LOC127142644,0.0325905974145682,0.0368926831430788,0.8833891882619094,GCF_001640805.2,尖吻鲈 (Lates calcarifer)
LOC108887727,LOC127142636,0.3442385613740985,0.446344610542623,0.7712394263159272,GCF_001640805.2,尖吻鲈 (Lates calcarifer)
LOC108887727,LOC108887466,0.0575099141887263,0.036185125154539,1.5893247278574718,GCF_001640805.2,尖吻鲈 (Lates calcarifer)
snx7,LOC108879500,0.0409573569682641,0.0596666227089471,0.6864366560187848,GCF_001640805.2,尖吻鲈 (Lates calcarifer)
snx7,LOC108888563,0.0841216928217368,0.1170115615200536,0.7189177866609349,GCF_001640805.2,尖吻鲈 (Lates calcarifer)
LOC108887501,LOC127142644,0.0254306544923734,0.0102682721994061,2.476624499089951,GCF_001640805.2,尖吻鲈 (Lates calcarifer)
LOC108887501,LOC127142636,0.3296804845987929,0.4679838708061836,0.704469758820664,GCF_001640805.2,尖吻鲈 (Lates calcarifer)
LOC108887501,LOC108887466,0.0577910417542975,0.0353006331434893,1.637110629698615,GCF_001640805.2,尖吻鲈 (Lates calcarifer)
LOC127142636,LOC108887506,0.1100773957506311,0.1165562875699324,0.9444140513190766,GCF_001640805.2,尖吻鲈 (Lates calcarifer)
LOC127142636,LOC108887450,0.1852546244415703,0.122624851915025,1.5107429003865032,GCF_001640805.2,尖吻鲈 (Lates calcarifer)
LOC127142636,LOC108887455,0.2227878282026928,0.2049609482535207,1.086976958786908,GCF_001640805.2,尖吻鲈 (Lates calcarifer)
LOC127142636,LOC127142644,0.3396314131277237,0.3930121889639545,0.8641752664797715,GCF_001640805.2,尖吻鲈 (Lates calcarifer)
LOC108876873,LOC108897653,0.0555398008683764,0.1635069646777694,0.339678502245034,GCF_001640805.2,尖吻鲈 (Lates calcarifer)
LOC108892210,meis3,0.0,0.0066519283055848,0.0,GCF_001640805.2,尖吻鲈 (Lates calcarifer)
LOC108895415,LOC108879930,0.0389541967796038,0.0320449787485806,1.2156100050879035,GCF_001640805.2,尖吻鲈 (Lates calcarifer)
LOC127142350,LOC108884331,0.0893411412301493,0.235489151432761,0.3793853801187051,GCF_001640805.2,尖吻鲈 (Lates calcarifer)
LOC127142350,LOC108884332,0.1140393353660295,0.2864509580234774,0.3981112025350004,GCF_001640805.2,尖吻鲈 (Lates calcarifer)
LOC108896369,LOC108879440,0.0,0.0045317358419719,0.0,GCF_001640805.2,尖吻鲈 (Lates calcarifer)
LOC108874751,LOC108874406,0.110649640970702,0.2412035943035118,0.4587396024931086,GCF_001640805.2,尖吻鲈 (Lates calcarifer)
LOC108874751,LOC108874793,0.1251304488241632,0.266777698911825,0.469043886856229,GCF_001640805.2,尖吻鲈 (Lates calcarifer)
LOC108874751,LOC108874794,0.1238462965357487,0.2792651706295376,0.4434720457856108,GCF_001640805.2,尖吻鲈 (Lates calcarifer)
LOC108884332,LOC108884331,0.1364808864892621,0.4239969443625747,0.3218912030001625,GCF_001640805.2,尖吻鲈 (Lates calcarifer)
LOC108891269,LOC108896764,0.0,0.0037406561332792,0.0,GCF_001640805.2,尖吻鲈 (Lates calcarifer)
LOC108890285,LOC127143299,0.0501818450639307,0.032658220532316,1.5365762201977509,GCF_001640805.2,尖吻鲈 (Lates calcarifer)
LOC108890285,LOC108890276,0.0560077676012125,0.0510473376196897,1.0971731379700698,GCF_001640805.2,尖吻鲈 (Lates calcarifer)
LOC108890285,LOC108890270,0.0682082730347337,0.0762076323080867,0.8950320455959878,GCF_001640805.2,尖吻鲈 (Lates calcarifer)
LOC108890845,LOC108890846,0.2201898171672661,0.2917170151679431,0.7548062187613626,GCF_001640805.2,尖吻鲈 (Lates calcarifer)
LOC108885076,LOC108887518,0.035469698380427,0.0600440523941026,0.5907279233523354,GCF_001640805.2,尖吻鲈 (Lates calcarifer)
LOC108880938,LOC108884781,0.0898439860682959,0.1440691586116193,0.6236170665124567,GCF_001640805.2,尖吻鲈 (Lates calcarifer)
LOC108880938,LOC108880941,0.09056213746611,0.1589139412562372,0.5698816400260638,GCF_001640805.2,尖吻鲈 (Lates calcarifer)
LOC108880938,LOC108880936,0.0986088933981649,0.1294393661292097,0.7618153298103374,GCF_001640805.2,尖吻鲈 (Lates calcarifer)
LOC108880938,LOC108884773,0.09392895244644,0.1532583516610437,0.612879829571569,GCF_001640805.2,尖吻鲈 (Lates calcarifer)
LOC108892732,LOC108891439,0.1124676705021583,0.1613744356234462,0.6969361043318675,GCF_001640805.2,尖吻鲈 (Lates calcarifer)
LOC108892732,LOC108874250,0.1781281912534618,0.2657972923756082,0.67016555985733,GCF_001640805.2,尖吻鲈 (Lates calcarifer)
LOC108892732,LOC127139640,0.2612373797387967,0.443898552289122,0.5885069423894997,GCF_001640805.2,尖吻鲈 (Lates calcarifer)
LOC108892732,LOC108892074,0.180892567211448,0.2902862859914497,0.6231523015068519,GCF_001640805.2,尖吻鲈 (Lates calcarifer)
LOC108899930,LOC108880164,0.0028693632388167,0.0122006115136064,0.2351819198256357,GCF_001640805.2,尖吻鲈 (Lates calcarifer)
LOC108901629,LOC108901644,0.0703475131365194,0.0863251237165387,0.8149135513262148,GCF_001640805.2,尖吻鲈 (Lates calcarifer)
LOC108901629,LOC108892380,0.0734536933805194,0.0956111362407278,0.7682545806754049,GCF_001640805.2,尖吻鲈 (Lates calcarifer)
LOC108901629,LOC108888977,0.0764484479445924,0.101269654426319,0.7548998599596699,GCF_001640805.2,尖吻鲈 (Lates calcarifer)
LOC108901629,LOC108888975,0.0714236152530852,0.0948349152406017,0.753136279732832,GCF_001640805.2,尖吻鲈 (Lates calcarifer)
LOC108897927,LOC108897930,0.085076947247529,0.2245449989045112,0.3788859589952764,GCF_001640805.2,尖吻鲈 (Lates calcarifer)
LOC108897927,LOC108897929,0.1056527041195231,0.3182640193216221,0.3319655936750916,GCF_001640805.2,尖吻鲈 (Lates calcarifer)
LOC127142644,LOC108887466,0.0608796947167552,0.0351664034537608,1.7311891105612758,GCF_001640805.2,尖吻鲈 (Lates calcarifer)
LOC108901990,cdca7b,0.0010090818878418,0.0039113517593311,0.2579880179363862,GCF_001640805.2,尖吻鲈 (Lates calcarifer)
LOC108874484,bcl2l12,0.0,0.0038885375506401,0.0,GCF_001640805.2,尖吻鲈 (Lates calcarifer)
LOC108884665,LOC108889326,0.0300215507040489,0.0507968151719317,0.591012460179544,GCF_001640805.2,尖吻鲈 (Lates calcarifer)
LOC108887032,LOC108887054,0.1664677312224466,0.1709649347235452,0.9736951702501416,GCF_001640805.2,尖吻鲈 (Lates calcarifer)
LOC108887032,LOC108892675,0.2484388422212239,0.2451607151135323,1.0133713393117387,GCF_001640805.2,尖吻鲈 (Lates calcarifer)
LOC108887032,LOC108892674,0.3304945171724684,0.338175746457056,0.9772862797966412,GCF_001640805.2,尖吻鲈 (Lates calcarifer)
LOC108890176,LOC108890249,0.0036496422383796,0.0257315117122393,0.1418355158917342,GCF_001640805.2,尖吻鲈 (Lates calcarifer)
rhbdl3,LOC108879317,0.0926205550889234,0.1511115408997726,0.6129284006861899,GCF_001640805.2,尖吻鲈 (Lates calcarifer)
LOC108883801,LOC108874178,0.1800922317996054,0.1733965548549668,1.038614821097449,GCF_001640805.2,尖吻鲈 (Lates calcarifer)
LOC108883801,LOC108874176,0.1863999845840341,0.1360939649089639,1.3696418111465931,GCF_001640805.2,尖吻鲈 (Lates calcarifer)
LOC108883801,LOC108874186,0.2995613568119649,0.3193945948008257,0.9379036517470536,GCF_001640805.2,尖吻鲈 (Lates calcarifer)
LOC108880420,LOC108880419,0.0041921506525332,0.1174416546540518,0.0356956027644709,GCF_001640805.2,尖吻鲈 (Lates calcarifer)
adrb2a,LOC108880788,0.0,0.0147697080732807,0.0,GCF_001640805.2,尖吻鲈 (Lates calcarifer)
LOC108877211,LOC108890173,0.0011011196692505,0.0092261542753569,0.1193476324357221,GCF_001640805.2,尖吻鲈 (Lates calcarifer)
LOC108877205,LOC108890173,0.0011011196692505,0.0092261542753569,0.1193476324357221,GCF_001640805.2,尖吻鲈 (Lates calcarifer)
tacr3a,tacr3l,0.1246688762084098,0.6280365470486546,0.1985057665740456,GCF_001640805.2,尖吻鲈 (Lates calcarifer)
LOC108892964,LOC108881429,0.005902373514398,0.0052724294461936,1.1194788995534506,GCF_001640805.2,尖吻鲈 (Lates calcarifer)
rxfp3,LOC108891041,0.0442320699326101,0.0672908310306881,0.6573268490686053,GCF_001640805.2,尖吻鲈 (Lates calcarifer)
LOC127142281,LOC108889895,0.2670377994866542,0.6290171143879498,0.4245318503718123,GCF_001640805.2,尖吻鲈 (Lates calcarifer)
LOC108895834,LOC108895847,0.1557803734545443,0.5002169757727474,0.3114256032872356,GCF_001640805.2,尖吻鲈 (Lates calcarifer)
LOC108892315,LOC108875545,0.0134277988504647,0.0205070875230458,0.6547881962943098,GCF_001640805.2,尖吻鲈 (Lates calcarifer)
LOC108892315,LOC108892316,0.2968092298798117,0.4000135937603255,0.7419978583469081,GCF_001640805.2,尖吻鲈 (Lates calcarifer)
LOC108892315,LOC108875544,0.2988378557321069,0.3991940621263031,0.7486029580208436,GCF_001640805.2,尖吻鲈 (Lates calcarifer)
gabra2a,LOC108873881,0.0171517717788431,0.0408264049162627,0.4201146736780369,GCF_001640805.2,尖吻鲈 (Lates calcarifer)
gabra2a,LOC108888320,0.0171517717788431,0.0408264049162627,0.4201146736780369,GCF_001640805.2,尖吻鲈 (Lates calcarifer)
LOC108881432,LOC108881450,0.0806105365684351,0.1976337836429758,0.4078783246596016,GCF_001640805.2,尖吻鲈 (Lates calcarifer)
LOC108875545,LOC108892316,0.3042560802692457,0.4172705914815164,0.7291577371628001,GCF_001640805.2,尖吻鲈 (Lates calcarifer)
LOC108875545,LOC108875544,0.3063042516999086,0.4163988564817247,0.7356030088265911,GCF_001640805.2,尖吻鲈 (Lates calcarifer)
LOC108885200,LOC108902391,0.0085334253911758,0.010863195346772,0.7855354818517036,GCF_001640805.2,尖吻鲈 (Lates calcarifer)
LOC108885200,LOC108902365,0.0085334253911758,0.010863195346772,0.7855354818517036,GCF_001640805.2,尖吻鲈 (Lates calcarifer)
LOC108885200,LOC108902395,0.009854381143436,0.0125089765555135,0.7877847639815531,GCF_001640805.2,尖吻鲈 (Lates calcarifer)
dipk1c,LOC108890352,0.0060964680777308,0.0172311344208842,0.3538053809354475,GCF_001640805.2,尖吻鲈 (Lates calcarifer)
LOC108902391,LOC108902354,0.4847824131895725,0.6624508617065805,0.7318013172187513,GCF_001640805.2,尖吻鲈 (Lates calcarifer)
LOC108902365,LOC108902354,0.4847824131895725,0.6624508617065805,0.7318013172187513,GCF_001640805.2,尖吻鲈 (Lates calcarifer)
LOC108891619,LOC108874359,0.0021540133276763,0.0141597126109894,0.1521226727444033,GCF_001640805.2,尖吻鲈 (Lates calcarifer)
LOC108891619,LOC108874345,0.0,0.0141180639342266,0.0,GCF_001640805.2,尖吻鲈 (Lates calcarifer)
LOC108891619,LOC108879181,0.0146296314641596,0.0113795286474987,1.2856096168249675,GCF_001640805.2,尖吻鲈 (Lates calcarifer)
LOC108874359,LOC108874345,0.0021602175150439,0.0070547257368416,0.3062085750212437,GCF_001640805.2,尖吻鲈 (Lates calcarifer)
LOC108874359,LOC108879181,0.0188344562551594,0.0241702177628702,0.7792423072038899,GCF_001640805.2,尖吻鲈 (Lates calcarifer)
LOC108874345,LOC108879181,0.0146296314641596,0.0176600957053972,0.8284004632935572,GCF_001640805.2,尖吻鲈 (Lates calcarifer)
LOC108891579,LOC108891508,0.0010681860449067,0.0072246193806081,0.1478536084231513,GCF_001640805.2,尖吻鲈 (Lates calcarifer)
LOC108891579,LOC108891577,0.0571705240409133,0.0810035059705953,0.7057783901559337,GCF_001640805.2,尖吻鲈 (Lates calcarifer)
LOC108891579,LOC108891509,0.0571705240409133,0.0810035059705953,0.7057783901559337,GCF_001640805.2,尖吻鲈 (Lates calcarifer)
LOC108891508,LOC108891577,0.0583253409953797,0.072947479068905,0.7995525238135579,GCF_001640805.2,尖吻鲈 (Lates calcarifer)
LOC108891508,LOC108891509,0.0583253409953797,0.072947479068905,0.7995525238135579,GCF_001640805.2,尖吻鲈 (Lates calcarifer)
LOC108876289,LOC108879773,0.1918227194007915,0.537417457247439,0.3569342916087523,GCF_001640805.2,尖吻鲈 (Lates calcarifer)
LOC127138926,LOC108887446,0.1874346647667137,0.3496989803513454,0.5359885938998066,GCF_001640805.2,尖吻鲈 (Lates calcarifer)
LOC127138926,LOC108887451,0.1884414109785492,0.407275235939743,0.462688114448553,GCF_001640805.2,尖吻鲈 (Lates calcarifer)
LOC127138926,LOC108881305,0.2945872137183255,0.7383801614619535,0.3989641503030884,GCF_001640805.2,尖吻鲈 (Lates calcarifer)
LOC108900355,LOC108879391,0.1624330450465785,0.2068569705161221,0.785243275299339,GCF_001640805.2,尖吻鲈 (Lates calcarifer)
LOC108900355,LOC108900337,0.1572606103264678,0.2011354534663597,0.7818641995543066,GCF_001640805.2,尖吻鲈 (Lates calcarifer)
LOC108900355,LOC127140507,0.0388616064122935,0.0470478969925705,0.8260009245138056,GCF_001640805.2,尖吻鲈 (Lates calcarifer)
LOC108886442,LOC108901471,0.1046235999903964,0.1177005651686928,0.8888963263723159,GCF_001640805.2,尖吻鲈 (Lates calcarifer)
LOC108881544,LOC108876838,0.1718167809063835,0.669548387456822,0.2566159281766079,GCF_001640805.2,尖吻鲈 (Lates calcarifer)
LOC108881544,LOC108883261,0.2118228347122296,0.7303147448887564,0.290043212456973,GCF_001640805.2,尖吻鲈 (Lates calcarifer)
LOC108880208,LOC108887067,0.0347581714108197,0.0237549548286939,1.4631966956567206,GCF_001640805.2,尖吻鲈 (Lates calcarifer)
LOC108899261,LOC108899262,0.0408378273377148,0.0506442348272019,0.8063667558025803,GCF_001640805.2,尖吻鲈 (Lates calcarifer)
LOC108887446,LOC108887451,0.2511321812688927,0.5044204102136667,0.4978628465143114,GCF_001640805.2,尖吻鲈 (Lates calcarifer)
LOC108880131,LOC108877485,0.0,0.003671977959155,0.0,GCF_001640805.2,尖吻鲈 (Lates calcarifer)
LOC127142137,LOC127139113,0.15454988212268,0.2389434407443438,0.6468052926719166,GCF_001640805.2,尖吻鲈 (Lates calcarifer)
LOC108900972,LOC108875919,0.0090154877331916,0.0101284456224756,0.8901156277312406,GCF_001640805.2,尖吻鲈 (Lates calcarifer)
LOC108900972,LOC108900974,0.1082646615044665,0.1542889372127409,0.7017007405734219,GCF_001640805.2,尖吻鲈 (Lates calcarifer)
LOC108900972,LOC108875921,0.1082646615044665,0.1594717968822009,0.6788953509092254,GCF_001640805.2,尖吻鲈 (Lates calcarifer)
LOC108900972,LOC108875920,0.1131279539341423,0.1259256723506372,0.898370854984519,GCF_001640805.2,尖吻鲈 (Lates calcarifer)
LOC108891900,LOC108891447,0.0010956904797561,0.0035714353201827,0.3067927546004328,GCF_001640805.2,尖吻鲈 (Lates calcarifer)
LOC108877151,LOC108896008,0.0951500406590925,0.1832543478751473,0.5192239188994251,GCF_001640805.2,尖吻鲈 (Lates calcarifer)
LOC108877151,LOC108877162,0.0993023003999628,0.1832543478751473,0.5418823703305431,GCF_001640805.2,尖吻鲈 (Lates calcarifer)
LOC108877151,LOC108881981,0.100398674915082,0.1766842625366479,0.5682377902460742,GCF_001640805.2,尖吻鲈 (Lates calcarifer)
LOC108877151,LOC108896014,0.1708060624314554,0.4109788499123408,0.4156079138084291,GCF_001640805.2,尖吻鲈 (Lates calcarifer)
LOC108891751,LOC108891556,0.0070870961656587,0.0090308135064492,0.7847683002863024,GCF_001640805.2,尖吻鲈 (Lates calcarifer)
LOC108891751,LOC108891561,0.0210130476027795,0.0512683119034248,0.4098642382133098,GCF_001640805.2,尖吻鲈 (Lates calcarifer)
LOC108891751,LOC108891554,0.1039516048618382,0.1657843302575508,0.6270291329726176,GCF_001640805.2,尖吻鲈 (Lates calcarifer)
LOC127139640,LOC108874250,0.3001163353478954,0.4809123726728975,0.6240561740590228,GCF_001640805.2,尖吻鲈 (Lates calcarifer)
LOC127139640,LOC108891439,0.1350215288198027,0.249200775288864,0.5418182534275464,GCF_001640805.2,尖吻鲈 (Lates calcarifer)
hs3st3b1b,si_ch211-216b21.2,0.2619292466361576,0.2866640837264502,0.9137149071179216,GCF_001640805.2,尖吻鲈 (Lates calcarifer)
LOC108891556,LOC108891561,0.0221935601655209,0.0513020451633002,0.4326057585984399,GCF_001640805.2,尖吻鲈 (Lates calcarifer)
LOC108891556,LOC108891554,0.1035021624266407,0.1674345431946065,0.6181649285257811,GCF_001640805.2,尖吻鲈 (Lates calcarifer)
LOC108891554,LOC108891561,0.0902223206208781,0.132396128085097,0.6814573955130175,GCF_001640805.2,尖吻鲈 (Lates calcarifer)
LOC108879944,LOC108902238,0.0021382765731293,0.0194563439835,0.109901252513975,GCF_001640805.2,尖吻鲈 (Lates calcarifer)
LOC108874325,LOC108872457,0.0400340795231184,0.0434783187434541,0.92078260337851,GCF_001640805.2,尖吻鲈 (Lates calcarifer)
LOC108872456,LOC108872457,0.0400340795231184,0.0434783187434541,0.92078260337851,GCF_001640805.2,尖吻鲈 (Lates calcarifer)
LOC108875919,LOC108900974,0.1048875972637967,0.1523023340273707,0.6886801698321121,GCF_001640805.2,尖吻鲈 (Lates calcarifer)
LOC108875919,LOC108875921,0.1048875972637967,0.1574896745910446,0.6659966600106303,GCF_001640805.2,尖吻鲈 (Lates calcarifer)
LOC108875919,LOC108875920,0.106530594838041,0.1246821870818268,0.8544171170828664,GCF_001640805.2,尖吻鲈 (Lates calcarifer)
LOC127142158,LOC127140267,0.0011061948908009,0.0034642093922208,0.3193210240942513,GCF_001640805.2,尖吻鲈 (Lates calcarifer)
LOC127142158,LOC127140273,0.002496881207533,0.0039062588303536,0.6392001441714374,GCF_001640805.2,尖吻鲈 (Lates calcarifer)
LOC108901430,LOC108892726,0.2227021219567658,0.2605325779408381,0.8547956793615926,GCF_001640805.2,尖吻鲈 (Lates calcarifer)
LOC108901430,LOC108892769,0.3051903754449502,0.5223009993537164,0.5843189575026392,GCF_001640805.2,尖吻鲈 (Lates calcarifer)
LOC108901430,LOC108873900,0.2825695223104979,0.4982009899366595,0.5671797688447454,GCF_001640805.2,尖吻鲈 (Lates calcarifer)
LOC108897899,nap1l1,0.0,0.0086084158835151,0.0,GCF_001640805.2,尖吻鲈 (Lates calcarifer)
LOC127140267,LOC127140273,0.0012474015349523,0.0078329693708124,0.1592501484303559,GCF_001640805.2,尖吻鲈 (Lates calcarifer)
LOC108900803,LOC108874054,0.2627036301776441,0.3714563033774796,0.7072262007374812,GCF_001640805.2,尖吻鲈 (Lates calcarifer)
LOC108894316,LOC108894246,0.0,0.0281392910819375,0.0,GCF_001640805.2,尖吻鲈 (Lates calcarifer)
LOC108887506,LOC108887455,0.1869289965727963,0.1858771229284357,1.0056589731312209,GCF_001640805.2,尖吻鲈 (Lates calcarifer)
LOC108887506,LOC108887450,0.2135022248340718,0.2273220565981606,0.9392059355308476,GCF_001640805.2,尖吻鲈 (Lates calcarifer)
LOC108887506,LOC127142638,0.3524511241220283,0.3914394299358702,0.9003976022031571,GCF_001640805.2,尖吻鲈 (Lates calcarifer)
LOC127139606,LOC127143249,0.0021842024902284,0.0114070639976465,0.1914780604964676,GCF_001640805.2,尖吻鲈 (Lates calcarifer)
LOC108881191,LOC108881192,0.0910570385943764,0.1688919292781268,0.5391438121618356,GCF_001640805.2,尖吻鲈 (Lates calcarifer)
LOC108881191,LOC108881193,0.1611593784862204,0.3882578240363182,0.4150834020826978,GCF_001640805.2,尖吻鲈 (Lates calcarifer)
LOC108881191,LOC108893170,0.1807255572107455,0.7170631985610707,0.2520357446504118,GCF_001640805.2,尖吻鲈 (Lates calcarifer)
LOC108881191,LOC108897285,0.1728375520496027,0.5654937154171709,0.305640093492637,GCF_001640805.2,尖吻鲈 (Lates calcarifer)
LOC108897178,LOC108900312,0.0,0.0036275766004604,0.0,GCF_001640805.2,尖吻鲈 (Lates calcarifer)
LOC108879494,LOC108885167,0.0242004076011265,0.0256098419979301,0.9449651271992404,GCF_001640805.2,尖吻鲈 (Lates calcarifer)
LOC108872785,LOC108872787,0.0113834541271447,0.0314364992994262,0.3621094708644146,GCF_001640805.2,尖吻鲈 (Lates calcarifer)
LOC108888427,LOC108881900,0.0097845200022614,0.0240823364957514,0.406294464159969,GCF_001640805.2,尖吻鲈 (Lates calcarifer)
LOC108888427,LOC108888428,0.1425122497292948,0.3346002152429468,0.4259179858142631,GCF_001640805.2,尖吻鲈 (Lates calcarifer)
LOC108888427,LOC108886935,0.2821948375603768,0.4868062416550499,0.5796861531622259,GCF_001640805.2,尖吻鲈 (Lates calcarifer)
LOC108888427,LOC108881901,0.2334389406197389,0.2888965416664205,0.8080364661799355,GCF_001640805.2,尖吻鲈 (Lates calcarifer)
LOC108901127,LOC108901155,0.1202569875563848,0.4193331486940884,0.2867814956458751,GCF_001640805.2,尖吻鲈 (Lates calcarifer)
LOC108901127,LOC108884773,0.1421688317452839,0.4656625545504168,0.3053044105780497,GCF_001640805.2,尖吻鲈 (Lates calcarifer)
LOC108901127,LOC108884781,0.14618376269723,0.4812399280555363,0.3037648253499865,GCF_001640805.2,尖吻鲈 (Lates calcarifer)
LOC108887504,LOC108887455,0.4156956491197109,0.3421905552469748,1.2148074888264642,GCF_001640805.2,尖吻鲈 (Lates calcarifer)
LOC108887504,LOC127142638,0.4024855439508542,0.4480039032548291,0.8983974046358173,GCF_001640805.2,尖吻鲈 (Lates calcarifer)
LOC108887504,LOC108887483,0.5385090620634244,0.662625681788373,0.8126896932368092,GCF_001640805.2,尖吻鲈 (Lates calcarifer)
LOC108881900,LOC108888428,0.1505544351259325,0.3478558462072426,0.4328069709549643,GCF_001640805.2,尖吻鲈 (Lates calcarifer)
LOC108881900,LOC108886935,0.2811500674976678,0.5166846573158668,0.5441424735896334,GCF_001640805.2,尖吻鲈 (Lates calcarifer)
LOC108881900,LOC108881901,0.2249880883349942,0.2968470081271037,0.7579260769866308,GCF_001640805.2,尖吻鲈 (Lates calcarifer)
LOC108902360,LOC108885834,0.0083706226031464,0.0091464548203636,0.9151767288578412,GCF_001640805.2,尖吻鲈 (Lates calcarifer)
LOC108902360,LOC108902366,0.4339479847585271,0.6026299929224194,0.7200902541443738,GCF_001640805.2,尖吻鲈 (Lates calcarifer)
LOC108902360,LOC108885846,0.4437609541121056,0.6306925026073257,0.7036090523948956,GCF_001640805.2,尖吻鲈 (Lates calcarifer)
LOC108885834,LOC108902366,0.432324900265734,0.6378753188805586,0.6777576862896091,GCF_001640805.2,尖吻鲈 (Lates calcarifer)
LOC108885834,LOC108885846,0.4355745894084079,0.6378753188805587,0.6828522385421981,GCF_001640805.2,尖吻鲈 (Lates calcarifer)
rragd,LOC108880332,0.0571549566079823,0.0851114653177445,0.6715306380239979,GCF_001640805.2,尖吻鲈 (Lates calcarifer)
LOC108894644,agxta,0.0011082381033849,0.0037128788698921,0.2984848529187542,GCF_001640805.2,尖吻鲈 (Lates calcarifer)
LOC108892687,LOC108892760,0.0100898382728389,0.0057989979624947,1.7399278872135198,GCF_001640805.2,尖吻鲈 (Lates calcarifer)
LOC108892687,LOC108874235,0.2898211399555694,0.3315791876509509,0.8740631220215797,GCF_001640805.2,尖吻鲈 (Lates calcarifer)
LOC108892687,LOC108892249,0.2898211399555694,0.3263083021206737,0.8881819373642207,GCF_001640805.2,尖吻鲈 (Lates calcarifer)
LOC108892687,LOC127138914,0.1409216485248078,0.1144912923341135,1.2308503612096895,GCF_001640805.2,尖吻鲈 (Lates calcarifer)
LOC108890494,LOC108890544,0.0409690667487086,0.0813037772423992,0.5039011487321601,GCF_001640805.2,尖吻鲈 (Lates calcarifer)
cers5,LOC108886075,0.0314631453893928,0.0571384826861998,0.5506471980046453,GCF_001640805.2,尖吻鲈 (Lates calcarifer)
LOC108887455,LOC108887450,0.2933832850861094,0.3051048674492738,0.9615817916601636,GCF_001640805.2,尖吻鲈 (Lates calcarifer)
LOC108887455,LOC108887480,0.5550521572525675,0.5704088665328093,0.9730777163868674,GCF_001640805.2,尖吻鲈 (Lates calcarifer)
LOC108875920,LOC108900973,0.0076046278893297,0.0123544317205085,0.6155384611261336,GCF_001640805.2,尖吻鲈 (Lates calcarifer)
LOC108875920,LOC108900974,0.1180013467584183,0.1386211295880172,0.8512507949482083,GCF_001640805.2,尖吻鲈 (Lates calcarifer)
LOC108875920,LOC108875921,0.1180013467584183,0.1436575223246206,0.8214073641878114,GCF_001640805.2,尖吻鲈 (Lates calcarifer)
LOC108885208,LOC108902385,0.0044759550974592,0.003663010944319,1.221933312648445,GCF_001640805.2,尖吻鲈 (Lates calcarifer)
LOC108885208,LOC108885217,0.3476654782176409,0.4552635201225045,0.7636576682535192,GCF_001640805.2,尖吻鲈 (Lates calcarifer)
LOC108885208,LOC108902393,0.3286659347568101,0.5557073961275756,0.5914370351143521,GCF_001640805.2,尖吻鲈 (Lates calcarifer)
LOC108879319,LOC108879318,0.0,0.0151711873316036,0.0,GCF_001640805.2,尖吻鲈 (Lates calcarifer)
LOC108879319,LOC108875805,0.0122601831020665,0.0328819783981322,0.3728541802935704,GCF_001640805.2,尖吻鲈 (Lates calcarifer)
LOC108879319,LOC127142437,0.1368815863558222,0.2479387758850756,0.5520781727956477,GCF_001640805.2,尖吻鲈 (Lates calcarifer)
LOC108879318,LOC108875805,0.0122601831020665,0.0286920233666524,0.427302841120505,GCF_001640805.2,尖吻鲈 (Lates calcarifer)
LOC108879318,LOC127142437,0.1369753596348393,0.2646852095863001,0.5175028852157256,GCF_001640805.2,尖吻鲈 (Lates calcarifer)
LOC108902385,LOC108885217,0.3560905609627787,0.4632493985893891,0.768680028613285,GCF_001640805.2,尖吻鲈 (Lates calcarifer)
LOC108902385,LOC108902393,0.3328544273181975,0.5557073961275756,0.5989742617026156,GCF_001640805.2,尖吻鲈 (Lates calcarifer)
LOC108900973,LOC108900974,0.114301511811083,0.1546686175632961,0.7390090737980936,GCF_001640805.2,尖吻鲈 (Lates calcarifer)
LOC108900973,LOC108875921,0.114301511811083,0.1598395659411078,0.7151014902855588,GCF_001640805.2,尖吻鲈 (Lates calcarifer)
LOC108900973,LOC108875919,0.1084442011705077,0.1222833934560061,0.8868268871645498,GCF_001640805.2,尖吻鲈 (Lates calcarifer)
LOC108891275,mat2al,0.0,0.0037359977626531,0.0,GCF_001640805.2,尖吻鲈 (Lates calcarifer)
LOC108888428,LOC108888429,0.2356931236204631,0.3770628236746051,0.6250765358503224,GCF_001640805.2,尖吻鲈 (Lates calcarifer)
LOC108888428,LOC108886935,0.2984134418636838,0.4994687494078631,0.597461687477871,GCF_001640805.2,尖吻鲈 (Lates calcarifer)
LOC108901788,LOC108885831,0.4096853598455978,0.5709912910467463,0.7174984387144663,GCF_001640805.2,尖吻鲈 (Lates calcarifer)
LOC108901788,LOC108902363,0.4603981111740685,0.7013849537595542,0.6564128710007945,GCF_001640805.2,尖吻鲈 (Lates calcarifer)
LOC108888571,oscp1a,0.0,0.0037267157423902,0.0,GCF_001640805.2,尖吻鲈 (Lates calcarifer)
LOC108885876,LOC108885831,0.412024930088082,0.5697679285024153,0.7231451780219591,GCF_001640805.2,尖吻鲈 (Lates calcarifer)
LOC108885876,LOC108885850,0.4676136168168806,0.7068741747547483,0.6615231303069181,GCF_001640805.2,尖吻鲈 (Lates calcarifer)
LOC108873624,LOC108873868,0.0653735193273461,0.1086511605250035,0.6016826604654807,GCF_001640805.2,尖吻鲈 (Lates calcarifer)
LOC108873624,LOC108873819,0.0731162117745148,0.1136428594838055,0.6433858854540189,GCF_001640805.2,尖吻鲈 (Lates calcarifer)
LOC108873624,LOC108874523,0.0737884623371704,0.1074087076087465,0.6869877124483867,GCF_001640805.2,尖吻鲈 (Lates calcarifer)
LOC108873624,LOC108891276,0.0744503354775929,0.1100759414020666,0.6763542925847297,GCF_001640805.2,尖吻鲈 (Lates calcarifer)
LOC127139974,LOC127139651,0.0291208495263727,0.0353334627251362,0.8241719684512046,GCF_001640805.2,尖吻鲈 (Lates calcarifer)
LOC127139670,LOC108890801,0.1458213839777911,0.3031304642584076,0.4810515641657309,GCF_001640805.2,尖吻鲈 (Lates calcarifer)
LOC127139670,LOC108874394,0.1396794128436788,0.3011899715846945,0.4637585113101982,GCF_001640805.2,尖吻鲈 (Lates calcarifer)
LOC127139670,LOC108874794,0.1461962427629003,0.3373927978912653,0.4333116879691557,GCF_001640805.2,尖吻鲈 (Lates calcarifer)
LOC127139670,LOC108874391,0.1499225262115968,0.4230258141038847,0.3544051478966709,GCF_001640805.2,尖吻鲈 (Lates calcarifer)
LOC108882585,LOC108890942,0.0057320556061285,0.0090023586460169,0.6367281988553849,GCF_001640805.2,尖吻鲈 (Lates calcarifer)
valopa,LOC108892944,0.0141502318666405,0.0141760002429401,0.9981822533960218,GCF_001640805.2,尖吻鲈 (Lates calcarifer)
LOC108879954,LOC108898284,0.0088709221207181,0.0080161083742252,1.1066369997243788,GCF_001640805.2,尖吻鲈 (Lates calcarifer)
LOC108892629,ppm1aa,0.0,0.0038759776188319,0.0,GCF_001640805.2,尖吻鲈 (Lates calcarifer)
LOC127139252,LOC127140505,0.0342720961263886,0.0287943232786757,1.1902379435938892,GCF_001640805.2,尖吻鲈 (Lates calcarifer)
LOC108882220,LOC108888319,0.0,0.0053191712321188,0.0,GCF_001640805.2,尖吻鲈 (Lates calcarifer)
LOC108882220,LOC108890024,0.1053815844486119,0.2667129767854477,0.3951123253121058,GCF_001640805.2,尖吻鲈 (Lates calcarifer)
LOC108877684,si_dkeyp-117b11.1,0.0022455106594535,0.0076433782546411,0.2937851019070107,GCF_001640805.2,尖吻鲈 (Lates calcarifer)
LOC108874197,trdmt1,0.0,0.0151711873316036,0.0,GCF_001640805.2,尖吻鲈 (Lates calcarifer)
LOC108886990,LOC108886992,0.1103810777074206,0.1534085201839984,0.7195237759612659,GCF_001640805.2,尖吻鲈 (Lates calcarifer)
LOC108886990,LOC108901538,0.140359588998565,0.1612074065662151,0.8706770488297202,GCF_001640805.2,尖吻鲈 (Lates calcarifer)
LOC108886990,LOC127140857,0.1372850619023692,0.2027661797094577,0.6770609482265931,GCF_001640805.2,尖吻鲈 (Lates calcarifer)
LOC108887450,LOC108887483,0.6030438264599153,0.6961806759336087,0.8662174164073244,GCF_001640805.2,尖吻鲈 (Lates calcarifer)
LOC108879500,LOC108888563,0.0311599315289512,0.0359823316524687,0.8659786650266555,GCF_001640805.2,尖吻鲈 (Lates calcarifer)
LOC108887520,gata5,0.0,0.0035461058969594,0.0,GCF_001640805.2,尖吻鲈 (Lates calcarifer)
LOC108877215,LOC108877207,0.0132436575423885,0.0176404604156316,0.7507546419056607,GCF_001640805.2,尖吻鲈 (Lates calcarifer)
LOC108877215,LOC108873612,0.1045166406828835,0.1199045439408759,0.8716653868799157,GCF_001640805.2,尖吻鲈 (Lates calcarifer)
LOC108877215,LOC127140831,0.2164538468650787,0.1188482057380826,1.8212630600591408,GCF_001640805.2,尖吻鲈 (Lates calcarifer)
LOC108887085,LOC108890676,0.0,0.004048592827168,0.0,GCF_001640805.2,尖吻鲈 (Lates calcarifer)
LOC108896001,LOC108877161,0.0436388034042477,0.0229761050381551,1.8993124958202996,GCF_001640805.2,尖吻鲈 (Lates calcarifer)
LOC108896001,LOC108877151,0.2285604195508275,0.3769301354412571,0.6063734312016761,GCF_001640805.2,尖吻鲈 (Lates calcarifer)
LOC108896001,LOC108877164,0.1651783741078934,0.2848704805764463,0.5798367516832513,GCF_001640805.2,尖吻鲈 (Lates calcarifer)
LOC108896001,LOC108877148,0.1758739039395881,0.2592068689962323,0.6785078829918837,GCF_001640805.2,尖吻鲈 (Lates calcarifer)
LOC108892065,LOC127143247,0.0700015793333076,0.1074015974829248,0.6517740980941813,GCF_001640805.2,尖吻鲈 (Lates calcarifer)
ckma,ckmb,0.0612826012734639,0.2920056958142071,0.2098678284428256,GCF_001640805.2,尖吻鲈 (Lates calcarifer)
LOC108900492,LOC108901528,0.1516122923425169,0.1750980418014311,0.8658708617338619,GCF_001640805.2,尖吻鲈 (Lates calcarifer)
LOC108900492,LOC108886943,0.171713186394468,0.182414804250413,0.941333611052455,GCF_001640805.2,尖吻鲈 (Lates calcarifer)
LOC108900492,LOC108886937,0.1528265192971076,0.1186781862427887,1.2877389193028204,GCF_001640805.2,尖吻鲈 (Lates calcarifer)
LOC108900492,LOC108886992,0.2080803612950058,0.2920471523767226,0.7124889237974668,GCF_001640805.2,尖吻鲈 (Lates calcarifer)
LOC108885452,LOC108885455,0.0699838241316194,0.0951392494086378,0.7355936121697584,GCF_001640805.2,尖吻鲈 (Lates calcarifer)
LOC108885452,LOC108892653,0.1907964428280636,0.2431557373072142,0.784667657613205,GCF_001640805.2,尖吻鲈 (Lates calcarifer)
LOC108886937,LOC108901528,0.1160253504953235,0.1178747727425687,0.9843102794243832,GCF_001640805.2,尖吻鲈 (Lates calcarifer)
LOC108886937,LOC108886992,0.1753546927936876,0.2520101407626289,0.695823954794169,GCF_001640805.2,尖吻鲈 (Lates calcarifer)
LOC108886937,LOC108886943,0.188227066679909,0.1894262602053745,0.9936693385375112,GCF_001640805.2,尖吻鲈 (Lates calcarifer)
LOC108882081,LOC108876787,0.0440329439495432,0.0281665753756651,1.5633048520192496,GCF_001640805.2,尖吻鲈 (Lates calcarifer)
LOC108885822,LOC108881884,0.1966297329517265,0.2678841145079786,0.7340104257875663,GCF_001640805.2,尖吻鲈 (Lates calcarifer)
LOC108885822,LOC108881882,0.1907119043100442,0.1813717416351111,1.0514973423683822,GCF_001640805.2,尖吻鲈 (Lates calcarifer)
LOC108885822,LOC127139009,0.2204406543248894,0.251363222956464,0.8769805372962995,GCF_001640805.2,尖吻鲈 (Lates calcarifer)
LOC108885822,LOC108902099,0.2268728686776913,0.3644042352674047,0.6225857076310022,GCF_001640805.2,尖吻鲈 (Lates calcarifer)
LOC108880653,LOC108897355,0.0025668474252945,0.0185337616386428,0.1384957611596079,GCF_001640805.2,尖吻鲈 (Lates calcarifer)
LOC108890503,LOC108885884,0.0253675219020847,0.0239064063978367,1.0611181571974069,GCF_001640805.2,尖吻鲈 (Lates calcarifer)
LOC108890503,LOC108885893,0.0348764888319093,0.0359111146749103,0.971189258468664,GCF_001640805.2,尖吻鲈 (Lates calcarifer)
LOC108890503,LOC108890619,0.0390151999353874,0.0422080553528322,0.9243543586466012,GCF_001640805.2,尖吻鲈 (Lates calcarifer)
LOC108890503,LOC108885695,0.0452200709941196,0.0290864190840634,1.554679895913895,GCF_001640805.2,尖吻鲈 (Lates calcarifer)
LOC108885884,LOC108885893,0.0289387749996535,0.0278177581571677,1.0402986048031662,GCF_001640805.2,尖吻鲈 (Lates calcarifer)
LOC108885884,LOC108890619,0.0354236537087029,0.0340285180654848,1.0409990126673554,GCF_001640805.2,尖吻鲈 (Lates calcarifer)
LOC108885884,LOC108885695,0.0493058115221231,0.0382105100819576,1.2903730260697184,GCF_001640805.2,尖吻鲈 (Lates calcarifer)
LOC108885893,LOC108890619,0.0126077467472904,0.0078176603583963,1.6127263361792707,GCF_001640805.2,尖吻鲈 (Lates calcarifer)
LOC108885893,LOC108885695,0.0575806368005912,0.0519394841137763,1.108610102373324,GCF_001640805.2,尖吻鲈 (Lates calcarifer)
LOC108890619,LOC108885695,0.0582046025508766,0.0544868870175463,1.0682313807381425,GCF_001640805.2,尖吻鲈 (Lates calcarifer)
LOC108881884,LOC108881882,0.1073753905756769,0.1295146836077115,0.8290595906554303,GCF_001640805.2,尖吻鲈 (Lates calcarifer)
LOC108881884,LOC108902099,0.06890394426917,0.1044567767734722,0.6596407279404857,GCF_001640805.2,尖吻鲈 (Lates calcarifer)
LOC108881884,LOC127139009,0.1841079139763841,0.2707600091529973,0.6799671581941445,GCF_001640805.2,尖吻鲈 (Lates calcarifer)
LOC108901471,LOC127138969,0.0836374822271175,0.0380861516657679,2.196007697524646,GCF_001640805.2,尖吻鲈 (Lates calcarifer)
LOC108901471,LOC108892727,0.078195757743307,0.0491979618643599,1.5894105117381654,GCF_001640805.2,尖吻鲈 (Lates calcarifer)
LOC108901471,LOC108901432,0.2824515803581678,0.3494204340259577,0.8083430528198161,GCF_001640805.2,尖吻鲈 (Lates calcarifer)
LOC108873276,LOC108883155,0.3684290309903769,0.3508820553572969,1.050008187552402,GCF_001640805.2,尖吻鲈 (Lates calcarifer)
LOC108897929,LOC108897930,0.0696922487527414,0.27875373525937,0.2500136856924821,GCF_001640805.2,尖吻鲈 (Lates calcarifer)
LOC127143185,LOC108893041,0.0072928751425791,0.0198979983071243,0.3665130044748294,GCF_001640805.2,尖吻鲈 (Lates calcarifer)
lrrc75bb,LOC108879908,0.0107915530890746,0.0138892858254281,0.7769696170639508,GCF_001640805.2,尖吻鲈 (Lates calcarifer)
LOC108877207,LOC108873612,0.0884534567440689,0.0983118483129838,0.8997232608471583,GCF_001640805.2,尖吻鲈 (Lates calcarifer)
LOC108877207,LOC127140831,0.17514094543345,0.0992465599940717,1.7647054511905669,GCF_001640805.2,尖吻鲈 (Lates calcarifer)
LOC108874235,LOC108892249,0.0,0.0034802846673766,0.0,GCF_001640805.2,尖吻鲈 (Lates calcarifer)
LOC108874235,LOC108892760,0.2982335347378643,0.3326348818092699,0.8965792556562632,GCF_001640805.2,尖吻鲈 (Lates calcarifer)
LOC108874235,LOC127140865,0.0523642323369426,0.0735970991802049,0.711498590572532,GCF_001640805.2,尖吻鲈 (Lates calcarifer)
LOC108892249,LOC108892760,0.2982335347378643,0.3264279498313752,0.9136274479312344,GCF_001640805.2,尖吻鲈 (Lates calcarifer)
LOC108892249,LOC127140865,0.0523642323369426,0.0792080979194214,0.661096954887275,GCF_001640805.2,尖吻鲈 (Lates calcarifer)
LOC108891483,actc1a,0.0185516704799551,0.7475127306877893,0.024817865593922,GCF_001640805.2,尖吻鲈 (Lates calcarifer)
LOC108891483,acta1a,0.0232576775569202,0.668532956032604,0.0347891264702079,GCF_001640805.2,尖吻鲈 (Lates calcarifer)
LOC108875000,actc1a,0.0074827942267856,0.5495085144874337,0.0136172489224582,GCF_001640805.2,尖吻鲈 (Lates calcarifer)
LOC108875000,acta1a,0.0092184759559874,0.6678358887602787,0.0138035048896517,GCF_001640805.2,尖吻鲈 (Lates calcarifer)
LOC108875000,acta1b,0.0167831077195014,0.7139182976395265,0.0235084431579811,GCF_001640805.2,尖吻鲈 (Lates calcarifer)
LOC108892514,actc1a,0.0011478862007342,0.3847286605021998,0.0029836253925972,GCF_001640805.2,尖吻鲈 (Lates calcarifer)
LOC108892514,acta1a,0.0074914184126294,0.7365878123971139,0.0101704349251309,GCF_001640805.2,尖吻鲈 (Lates calcarifer)
LOC108892514,acta1b,0.0138812522343057,0.4752742218746006,0.0292068275438011,GCF_001640805.2,尖吻鲈 (Lates calcarifer)
LOC108881192,LOC108881193,0.1320656069727287,0.3336396373677875,0.3958330851053715,GCF_001640805.2,尖吻鲈 (Lates calcarifer)
LOC108881192,LOC108897285,0.1614337083471576,0.6400675903604138,0.25221353303681,GCF_001640805.2,尖吻鲈 (Lates calcarifer)
spout1,LOC108891390,0.0099788592888341,0.0069963193909764,1.4263012780269106,GCF_001640805.2,尖吻鲈 (Lates calcarifer)
LOC108895861,LOC108895857,0.0241178337258985,0.0550486237161508,0.4381187411743152,GCF_001640805.2,尖吻鲈 (Lates calcarifer)
LOC108895861,LOC108895853,0.1311464194472999,0.5886530212669608,0.2227907013286585,GCF_001640805.2,尖吻鲈 (Lates calcarifer)
LOC108895861,LOC108895776,0.1727942699565678,0.6475756233785801,0.2668325732445774,GCF_001640805.2,尖吻鲈 (Lates calcarifer)
LOC108895861,LOC108897220,0.1762661795100054,0.6577509785277569,0.2679831505603258,GCF_001640805.2,尖吻鲈 (Lates calcarifer)
actc1a,acta1a,0.0075015051221224,0.4188715047291986,0.0179088456422267,GCF_001640805.2,尖吻鲈 (Lates calcarifer)
actc1a,acta1b,0.0127317872211763,0.3400899624765427,0.0374365274660363,GCF_001640805.2,尖吻鲈 (Lates calcarifer)
LOC108900116,LOC108894780,0.0237643643056056,0.0277167798918218,0.8573998999291241,GCF_001640805.2,尖吻鲈 (Lates calcarifer)
acta1a,acta1b,0.0080754481384616,0.4305068845963604,0.0187579999935033,GCF_001640805.2,尖吻鲈 (Lates calcarifer)
LOC108900366,LOC108893006,0.0748971040671097,0.117860181255566,0.6354741972159715,GCF_001640805.2,尖吻鲈 (Lates calcarifer)
LOC108900366,LOC127139071,0.2398008525324673,0.52179541639836,0.4595687217562553,GCF_001640805.2,尖吻鲈 (Lates calcarifer)
LOC108902491,zgc_113279,0.0657371543283444,0.0831943994476846,0.7901632172930351,GCF_001640805.2,尖吻鲈 (Lates calcarifer)
LOC108901528,LOC108886992,0.2412868130286869,0.3659559974493016,0.6593328561642552,GCF_001640805.2,尖吻鲈 (Lates calcarifer)
LOC108901528,LOC108886941,0.2664345951077199,0.3956957320263301,0.6733319910814479,GCF_001640805.2,尖吻鲈 (Lates calcarifer)
LOC108901807,LOC108891441,0.0,0.0091604192204534,0.0,GCF_001640805.2,尖吻鲈 (Lates calcarifer)
LOC108901807,LOC108901806,0.0099470954088078,0.030283616957548,0.3284645761684216,GCF_001640805.2,尖吻鲈 (Lates calcarifer)
LOC108901807,LOC108895780,0.1800634980022711,0.3892323438744328,0.4626118585365042,GCF_001640805.2,尖吻鲈 (Lates calcarifer)
LOC108901807,LOC108901804,0.1868360185216617,0.3943814507047153,0.4737444374927034,GCF_001640805.2,尖吻鲈 (Lates calcarifer)
LOC108900974,LOC108875921,0.0,0.0041436569489773,0.0,GCF_001640805.2,尖吻鲈 (Lates calcarifer)
LOC108875135,actb2,0.0269718336134363,0.731577058851151,0.0368680691761879,GCF_001640805.2,尖吻鲈 (Lates calcarifer)
LOC108875135,LOC108891483,0.0515598765102152,0.6562100103283783,0.0785722187999141,GCF_001640805.2,尖吻鲈 (Lates calcarifer)
actb2,actb1,0.0162891801338845,0.5431526438692755,0.0299900595490887,GCF_001640805.2,尖吻鲈 (Lates calcarifer)
actb2,LOC108892514,0.0475878124291397,0.6056534387386387,0.0785726776822207,GCF_001640805.2,尖吻鲈 (Lates calcarifer)
LOC108887364,LOC108901472,0.1929504565032018,0.3822736709480114,0.5047443001363354,GCF_001640805.2,尖吻鲈 (Lates calcarifer)
LOC108887364,LOC108879311,0.1718198203960798,0.3465865922975467,0.4957486071722343,GCF_001640805.2,尖吻鲈 (Lates calcarifer)
actb1,LOC108892514,0.0518063033624843,0.651928640702446,0.0794662178159003,GCF_001640805.2,尖吻鲈 (Lates calcarifer)
LOC108891812,aifm2,0.0,0.0145990010910774,0.0,GCF_001640805.2,尖吻鲈 (Lates calcarifer)
ubr7,LOC108890081,0.0023376642301898,0.0029411802398862,0.7948048196734205,GCF_001640805.2,尖吻鲈 (Lates calcarifer)
LOC108874178,LOC108874176,0.139396037624309,0.1127116522870033,1.2367491274935618,GCF_001640805.2,尖吻鲈 (Lates calcarifer)
LOC108874178,LOC127140876,0.1593081907315837,0.2120108923383475,0.7514151229425715,GCF_001640805.2,尖吻鲈 (Lates calcarifer)
LOC108874178,LOC108874186,0.1800405175968946,0.1972297267201977,0.912846762964445,GCF_001640805.2,尖吻鲈 (Lates calcarifer)
LOC108896012,LOC108881990,0.0034227098763713,0.0168192051907925,0.2035000963211437,GCF_001640805.2,尖吻鲈 (Lates calcarifer)
LOC108896012,LOC108877158,0.0036772290211823,0.0178979410609098,0.2054554213061749,GCF_001640805.2,尖吻鲈 (Lates calcarifer)
LOC108896012,LOC108896004,0.1572169578205813,0.3773348110748946,0.4166510833514814,GCF_001640805.2,尖吻鲈 (Lates calcarifer)
LOC108896012,LOC108877164,0.1558794707080919,0.3755260765469476,0.4150962621329552,GCF_001640805.2,尖吻鲈 (Lates calcarifer)
LOC108893006,LOC127139071,0.237703684496666,0.524085748708649,0.4535587641571434,GCF_001640805.2,尖吻鲈 (Lates calcarifer)
LOC108886648,g6pc1a.2,0.0496402440532055,0.0521091736709917,0.9526200581614558,GCF_001640805.2,尖吻鲈 (Lates calcarifer)
LOC108886648,LOC108886653,0.0212037282827969,0.0160569513177595,1.3205326380571938,GCF_001640805.2,尖吻鲈 (Lates calcarifer)
LOC108881193,LOC108897285,0.1866154960518778,0.6584556948744658,0.2834138993777796,GCF_001640805.2,尖吻鲈 (Lates calcarifer)
LOC108881990,LOC108877164,0.1513125751665573,0.3613873640104525,0.4186991307260562,GCF_001640805.2,尖吻鲈 (Lates calcarifer)
LOC108881990,LOC108896004,0.1556664745314838,0.3631115251747629,0.42870155238549,GCF_001640805.2,尖吻鲈 (Lates calcarifer)
LOC108876334,LOC108876336,0.1370652116705007,0.1362335533628901,1.006104651072231,GCF_001640805.2,尖吻鲈 (Lates calcarifer)
LOC108876334,LOC108893407,0.054553241082882,0.1099526056439065,0.4961523263901419,GCF_001640805.2,尖吻鲈 (Lates calcarifer)
LOC108876334,LOC108876335,0.2145744427286445,0.270990902712891,0.791814192212871,GCF_001640805.2,尖吻鲈 (Lates calcarifer)
LOC108900666,LOC108900667,0.058226260564133,0.0779439954045885,0.7470268910631861,GCF_001640805.2,尖吻鲈 (Lates calcarifer)
LOC108874250,LOC108891439,0.1236437623338559,0.1852362494026141,0.6674922577659957,GCF_001640805.2,尖吻鲈 (Lates calcarifer)
LOC108874250,LOC108892074,0.2079430218754458,0.3121804271966637,0.6660988446416864,GCF_001640805.2,尖吻鲈 (Lates calcarifer)
LOC108874250,LOC108874504,0.4084966787012735,0.4408399986765889,0.9266325195707948,GCF_001640805.2,尖吻鲈 (Lates calcarifer)
LOC108900337,LOC108879391,0.0183291543707274,0.0374703294882167,0.4891644835013112,GCF_001640805.2,尖吻鲈 (Lates calcarifer)
LOC108886992,LOC127140857,0.1580927518835486,0.1644211941711745,0.9615107874655286,GCF_001640805.2,尖吻鲈 (Lates calcarifer)
LOC108886935,LOC108887001,0.1461450339880649,0.2147442109021549,0.6805540106254777,GCF_001640805.2,尖吻鲈 (Lates calcarifer)
LOC108886935,LOC108886992,0.3308081009248171,0.5008455281331744,0.6604992604363545,GCF_001640805.2,尖吻鲈 (Lates calcarifer)
LOC108892975,LOC108892720,0.0011778565436192,0.0038510996040288,0.3058494104870771,GCF_001640805.2,尖吻鲈 (Lates calcarifer)
LOC108886062,LOC108885446,0.0034702201876094,0.0041180611353124,0.8426830184360873,GCF_001640805.2,尖吻鲈 (Lates calcarifer)
LOC108879347,LOC108900261,0.0011682245352628,0.0080322052847816,0.1454425645066865,GCF_001640805.2,尖吻鲈 (Lates calcarifer)
LOC108902142,LOC108902143,0.1950266905753533,0.2373007836005939,0.8218543892531215,GCF_001640805.2,尖吻鲈 (Lates calcarifer)
LOC108902142,LOC108902133,0.2911600397997559,0.3885373170102245,0.7493747113925069,GCF_001640805.2,尖吻鲈 (Lates calcarifer)
LOC108894934,LOC108877408,0.0024024044565619,0.0110635073153045,0.2171467318721411,GCF_001640805.2,尖吻鲈 (Lates calcarifer)
LOC108892675,LOC108887054,0.1607013724113346,0.1529911755374432,1.0503963502914868,GCF_001640805.2,尖吻鲈 (Lates calcarifer)
LOC108892675,LOC108892679,0.0716940022775349,0.0482252495470613,1.4866486529545335,GCF_001640805.2,尖吻鲈 (Lates calcarifer)
LOC108877408,LOC108894935,0.0024024044565619,0.0110635073153045,0.2171467318721411,GCF_001640805.2,尖吻鲈 (Lates calcarifer)
LOC108877166,LOC108877168,0.0447894260262166,0.0930832085082678,0.4811762158181126,GCF_001640805.2,尖吻鲈 (Lates calcarifer)
LOC108878885,LOC108877168,0.041200948755153,0.0932877897658016,0.4416542492708606,GCF_001640805.2,尖吻鲈 (Lates calcarifer)
LOC108881987,LOC108890389,0.0087428134066596,0.0204651169192458,0.4272056417345804,GCF_001640805.2,尖吻鲈 (Lates calcarifer)
LOC108881987,LOC108896013,0.2661188886806646,0.3419000546139242,0.7783528697623864,GCF_001640805.2,尖吻鲈 (Lates calcarifer)
LOC108881987,LOC108881989,0.2672931721185206,0.3440421481800521,0.7769198440728098,GCF_001640805.2,尖吻鲈 (Lates calcarifer)
LOC108881987,LOC108877159,0.3026027204712988,0.3815735084594752,0.7930391229018893,GCF_001640805.2,尖吻鲈 (Lates calcarifer)
LOC108878344,LOC108878347,0.0308322191567982,0.0262393527881773,1.175037334407515,GCF_001640805.2,尖吻鲈 (Lates calcarifer)
LOC108877143,LOC108886642,0.0,0.0075853996776965,0.0,GCF_001640805.2,尖吻鲈 (Lates calcarifer)
LOC108890809,LOC108874725,0.0035971291976197,0.0150758844908154,0.2386015361029888,GCF_001640805.2,尖吻鲈 (Lates calcarifer)
LOC127143299,LOC108890276,0.0590168641239534,0.0674127646322756,0.8754553302461286,GCF_001640805.2,尖吻鲈 (Lates calcarifer)
LOC127143299,LOC108890270,0.0604187654637172,0.0835899962209823,0.7227989974301643,GCF_001640805.2,尖吻鲈 (Lates calcarifer)
LOC108900331,LOC108879383,0.3632210906505707,0.7392829188496084,0.4913154103651899,GCF_001640805.2,尖吻鲈 (Lates calcarifer)
cers1,LOC108888330,0.0,0.011605647436948,0.0,GCF_001640805.2,尖吻鲈 (Lates calcarifer)
LOC108890276,LOC108890270,0.077815701332601,0.0677731196884162,1.1481794211385734,GCF_001640805.2,尖吻鲈 (Lates calcarifer)
LOC108873296,LOC108887407,0.3323439701411673,0.5214105065367047,0.6373940800476984,GCF_001640805.2,尖吻鲈 (Lates calcarifer)
LOC108893370,LOC108875750,0.1426857165497816,0.1455672711351066,0.9802046534028206,GCF_001640805.2,尖吻鲈 (Lates calcarifer)
LOC108893370,LOC108876335,0.1759982010331981,0.1677948538215576,1.0488891466264176,GCF_001640805.2,尖吻鲈 (Lates calcarifer)
LOC108893370,LOC127142451,0.17308556698795,0.1778676204428491,0.97311453628832,GCF_001640805.2,尖吻鲈 (Lates calcarifer)
LOC108893370,LOC108876334,0.5592315558467025,0.6368370320296951,0.8781391905937813,GCF_001640805.2,尖吻鲈 (Lates calcarifer)
LOC108876336,LOC108893407,0.1876559632657702,0.1676815676150708,1.1191209978222083,GCF_001640805.2,尖吻鲈 (Lates calcarifer)
LOC108876336,LOC127142451,0.239593688658405,0.1893057174388207,1.2656442282882248,GCF_001640805.2,尖吻鲈 (Lates calcarifer)
LOC108874674,LOC108891826,0.1696475799332608,0.1769005148043265,0.9589999221930572,GCF_001640805.2,尖吻鲈 (Lates calcarifer)
LOC108874674,LOC108874665,0.0302784731564651,0.0307341337227594,0.9851741203964072,GCF_001640805.2,尖吻鲈 (Lates calcarifer)
LOC108874674,LOC108891825,0.0497472715897246,0.0715774575349555,0.6950131131079941,GCF_001640805.2,尖吻鲈 (Lates calcarifer)
LOC108874674,LOC108882527,0.3278115172245217,0.5014450245385957,0.6537337119381276,GCF_001640805.2,尖吻鲈 (Lates calcarifer)
LOC108886224,ambp,0.0159569464487229,0.0134723546903995,1.1844214924131955,GCF_001640805.2,尖吻鲈 (Lates calcarifer)
LOC108886224,LOC108886131,0.0172182918225059,0.0134628083428822,1.278952458058962,GCF_001640805.2,尖吻鲈 (Lates calcarifer)
LOC108881278,LOC127138930,0.0662148992184923,0.1042839136134474,0.6349483532420281,GCF_001640805.2,尖吻鲈 (Lates calcarifer)
LOC108880932,hyls1,0.0011857709979891,0.0081081870781617,0.1462436653913456,GCF_001640805.2,尖吻鲈 (Lates calcarifer)
LOC108891495,LOC108891622,0.0035813836457375,0.0124312238206594,0.2880958220529905,GCF_001640805.2,尖吻鲈 (Lates calcarifer)
LOC108887064,drg2,0.0,0.0080754481384616,0.0,GCF_001640805.2,尖吻鲈 (Lates calcarifer)
LOC108875062,LOC108874852,0.1036437283969672,0.2109354655412533,0.4913527847534834,GCF_001640805.2,尖吻鲈 (Lates calcarifer)
si_ch211-245h14.1,LOC108888638,0.1859960334287154,0.1636310728601364,1.1366791782126584,GCF_001640805.2,尖吻鲈 (Lates calcarifer)
LOC108901566,LOC108901538,0.1138094832354926,0.0803370302139785,1.41665036574491,GCF_001640805.2,尖吻鲈 (Lates calcarifer)
LOC108901566,LOC127140857,0.1277431128897896,0.0891124706097495,1.433504334642627,GCF_001640805.2,尖吻鲈 (Lates calcarifer)
LOC108901566,LOC108886990,0.1474316357056156,0.2132266003200955,0.6914317232666628,GCF_001640805.2,尖吻鲈 (Lates calcarifer)
LOC108901566,LOC127138973,0.0811799340259097,0.0569947401371197,1.4243408046181876,GCF_001640805.2,尖吻鲈 (Lates calcarifer)
LOC108877159,LOC108896013,0.0857263585444411,0.0644455763709809,1.3302132337362838,GCF_001640805.2,尖吻鲈 (Lates calcarifer)
LOC108877159,LOC108881989,0.0857263585444411,0.05987122928101,1.4318456389475185,GCF_001640805.2,尖吻鲈 (Lates calcarifer)
LOC108877159,LOC108890389,0.2595207686567058,0.3059277816478229,0.8483072941556519,GCF_001640805.2,尖吻鲈 (Lates calcarifer)
LOC108902948,LOC108890264,0.3260330071534704,0.7215275652467662,0.4518649360845492,GCF_001640805.2,尖吻鲈 (Lates calcarifer)
LOC108880285,sult1st4,0.0024666003733209,0.0101267361282295,0.2435730863417129,GCF_001640805.2,尖吻鲈 (Lates calcarifer)
LOC108902143,LOC108902133,0.1993881080959101,0.2301023354239191,0.8665192716474436,GCF_001640805.2,尖吻鲈 (Lates calcarifer)
LOC108902143,LOC108902144,0.2437841296948744,0.2914186112894493,0.8365427610000434,GCF_001640805.2,尖吻鲈 (Lates calcarifer)
igbp1,LOC108890953,0.0509686576846312,0.0650088240667011,0.7840267596955112,GCF_001640805.2,尖吻鲈 (Lates calcarifer)
LOC108889094,vps37c,0.0024590185962737,0.0037783455224678,0.650818878700012,GCF_001640805.2,尖吻鲈 (Lates calcarifer)
aplnra,LOC108879894,0.1588094305207363,0.7207500556628723,0.2203391165536291,GCF_001640805.2,尖吻鲈 (Lates calcarifer)
LOC108890840,LOC127138970,0.1517227476460708,0.2055539687186552,0.7381163622957632,GCF_001640805.2,尖吻鲈 (Lates calcarifer)
LOC108890840,LOC108890842,0.2904419896816593,0.5676774716916411,0.5116320519399185,GCF_001640805.2,尖吻鲈 (Lates calcarifer)
LOC108896013,LOC108881989,0.0,0.0081744678435267,0.0,GCF_001640805.2,尖吻鲈 (Lates calcarifer)
LOC108896013,LOC108890389,0.2685928028932175,0.3461266321619061,0.7759957713036628,GCF_001640805.2,尖吻鲈 (Lates calcarifer)
LOC108881989,LOC108890389,0.2694749829596413,0.3364629336840106,0.8009054073478385,GCF_001640805.2,尖吻鲈 (Lates calcarifer)
LOC108889760,LOC108901164,0.0325534029957033,0.0461439247547167,0.7054753831353682,GCF_001640805.2,尖吻鲈 (Lates calcarifer)
LOC108889760,LOC108889759,0.0567738857527533,0.114707759307917,0.4949437256493848,GCF_001640805.2,尖吻鲈 (Lates calcarifer)
LOC108889760,LOC108901155,0.1324224530357523,0.2148130275904262,0.6164544791400449,GCF_001640805.2,尖吻鲈 (Lates calcarifer)
LOC108889760,LOC108880941,0.1617459787485573,0.3812204826331572,0.42428459675448,GCF_001640805.2,尖吻鲈 (Lates calcarifer)
LOC108895092,LOC108895081,0.1902530227823106,0.3468438995040305,0.5485263631690307,GCF_001640805.2,尖吻鲈 (Lates calcarifer)
LOC108895092,LOC108895089,0.2937153611708048,0.5511300621439605,0.5329329342482565,GCF_001640805.2,尖吻鲈 (Lates calcarifer)
LOC108895092,LOC108895082,0.2371862244112118,0.4217812706548363,0.5623441364358556,GCF_001640805.2,尖吻鲈 (Lates calcarifer)
LOC108875754,LOC108875755,0.248749621688553,0.3343395620133768,0.7440029537354024,GCF_001640805.2,尖吻鲈 (Lates calcarifer)
LOC108875754,LOC108886321,0.3527690098831313,0.3697341535825887,0.9541152919332136,GCF_001640805.2,尖吻鲈 (Lates calcarifer)
LOC108894179,LOC108894380,0.0,0.0064240221441922,0.0,GCF_001640805.2,尖吻鲈 (Lates calcarifer)
LOC108885201,LOC108902368,0.0085592940388085,0.0080917844931136,1.0577758275807758,GCF_001640805.2,尖吻鲈 (Lates calcarifer)
LOC108885201,LOC108901741,0.2794028030041599,0.3444642491295348,0.8111227905659704,GCF_001640805.2,尖吻鲈 (Lates calcarifer)
LOC108885201,LOC108886000,0.2709175979285874,0.3664195927702849,0.7393643879147876,GCF_001640805.2,尖吻鲈 (Lates calcarifer)
LOC108885201,LOC127139292,0.2048592674536051,0.3089219988288409,0.6631423732536056,GCF_001640805.2,尖吻鲈 (Lates calcarifer)
LOC108902368,LOC108901741,0.2699574408581144,0.3623536098197865,0.7450110431972112,GCF_001640805.2,尖吻鲈 (Lates calcarifer)
LOC108902368,LOC108886000,0.2615598937892086,0.3847390888645652,0.6798370671436564,GCF_001640805.2,尖吻鲈 (Lates calcarifer)
LOC108902368,LOC127139292,0.2013221497979633,0.3227989868077864,0.6236765232408936,GCF_001640805.2,尖吻鲈 (Lates calcarifer)
LOC108891971,LOC108874237,0.1918894345888319,0.201252741465388,0.9534748853189342,GCF_001640805.2,尖吻鲈 (Lates calcarifer)
LOC108891971,LOC108874226,0.2274094427213909,0.1740535346778575,1.306548833623436,GCF_001640805.2,尖吻鲈 (Lates calcarifer)
LOC108891971,LOC108892695,0.2496693060369978,0.2310682080622405,1.0805004640437028,GCF_001640805.2,尖吻鲈 (Lates calcarifer)
LOC108891971,LOC108890946,0.2322350087298849,0.1963272210525864,1.1828976516082836,GCF_001640805.2,尖吻鲈 (Lates calcarifer)
rpf1,LOC108888388,0.0,0.0112996487659831,0.0,GCF_001640805.2,尖吻鲈 (Lates calcarifer)
opn1lw1,LOC108885579,0.0182342854832296,0.0889931578509868,0.2048953641330693,GCF_001640805.2,尖吻鲈 (Lates calcarifer)
LOC108875805,LOC127142437,0.1856591846990076,0.3102428092670641,0.5984318706293944,GCF_001640805.2,尖吻鲈 (Lates calcarifer)
LOC127140856,LOC108881900,0.3495719321225912,0.4443544288882491,0.7866961807879386,GCF_001640805.2,尖吻鲈 (Lates calcarifer)
LOC127140856,LOC108888428,0.3466843218968612,0.5366646731514082,0.6459980305039603,GCF_001640805.2,尖吻鲈 (Lates calcarifer)
LOC127140856,LOC108888427,0.354721189641004,0.4545410278936304,0.780394217183876,GCF_001640805.2,尖吻鲈 (Lates calcarifer)
LOC127140856,LOC108886992,0.3879230773224387,0.6238000078845678,0.6218709080141959,GCF_001640805.2,尖吻鲈 (Lates calcarifer)
LOC108880558,LOC108883579,0.002433092158218,0.0123629172912669,0.196805664949065,GCF_001640805.2,尖吻鲈 (Lates calcarifer)
LOC108894509,opn5,0.0036349021068972,0.0168074260496881,0.2162676245697176,GCF_001640805.2,尖吻鲈 (Lates calcarifer)
LOC108891298,LOC108891311,0.0775777449866722,0.1077277775122576,0.7201275917703323,GCF_001640805.2,尖吻鲈 (Lates calcarifer)
LOC108891298,LOC108891301,0.1226525023884658,0.2379679008926239,0.5154161629715315,GCF_001640805.2,尖吻鲈 (Lates calcarifer)
LOC108891298,LOC108891299,0.1486976950140739,0.3051529422876741,0.4872890751087482,GCF_001640805.2,尖吻鲈 (Lates calcarifer)
LOC108891298,LOC108891297,0.1955299896673938,0.4455623955036056,0.4388386265101933,GCF_001640805.2,尖吻鲈 (Lates calcarifer)
LOC108873612,LOC127140831,0.1664090813676709,0.1386018809369028,1.2006264290412263,GCF_001640805.2,尖吻鲈 (Lates calcarifer)
LOC108893189,LOC108897706,0.1103560436469692,0.3232584004018954,0.3413864682550169,GCF_001640805.2,尖吻鲈 (Lates calcarifer)
LOC108893189,LOC108897652,0.1128108240526458,0.3320523771790468,0.3397380407604095,GCF_001640805.2,尖吻鲈 (Lates calcarifer)
LOC127140857,LOC108901538,0.0823417083672925,0.083193804176755,0.9897577010945172,GCF_001640805.2,尖吻鲈 (Lates calcarifer)
LOC108901538,LOC127138973,0.0786630372488102,0.0926247526895747,0.8492658275962559,GCF_001640805.2,尖吻鲈 (Lates calcarifer)
LOC108879421,LOC108900313,0.0012297604722845,0.0121871334246309,0.1009064584292765,GCF_001640805.2,尖吻鲈 (Lates calcarifer)
LOC108879172,LOC108900792,0.0,0.0044776252398778,0.0,GCF_001640805.2,尖吻鲈 (Lates calcarifer)
LOC108889037,trib3,0.0,0.0039577928256328,0.0,GCF_001640805.2,尖吻鲈 (Lates calcarifer)
LOC108885721,LOC108875780,0.0018709083602668,0.0068886821828044,0.2715916209542966,GCF_001640805.2,尖吻鲈 (Lates calcarifer)
LOC108885721,LOC108875778,0.2767124213497998,0.5751504464647101,0.4811131123181318,GCF_001640805.2,尖吻鲈 (Lates calcarifer)
g6pc1a.2,LOC108886653,0.008193305004642,0.003435448320031,2.38493036174329,GCF_001640805.2,尖吻鲈 (Lates calcarifer)
LOC108878041,LOC108878790,0.0389883939485752,0.0836700384886461,0.4659779612013198,GCF_001640805.2,尖吻鲈 (Lates calcarifer)
LOC108895080,LOC108895086,0.2785001135099905,0.526530300789247,0.5289346369858114,GCF_001640805.2,尖吻鲈 (Lates calcarifer)
LOC108895080,LOC108894467,0.2676350798953096,0.5287991286899378,0.506118609836511,GCF_001640805.2,尖吻鲈 (Lates calcarifer)
LOC108895080,LOC108894469,0.3485967430635616,0.6807218235112051,0.5120986738246148,GCF_001640805.2,尖吻鲈 (Lates calcarifer)
LOC108895080,LOC108894468,0.2962376732332094,0.5604646884254261,0.5285572478534942,GCF_001640805.2,尖吻鲈 (Lates calcarifer)
LOC108881117,LOC108892928,0.0452856309953395,0.0775317840595478,0.5840911768592632,GCF_001640805.2,尖吻鲈 (Lates calcarifer)
LOC108877148,LOC108877138,0.162625626508559,0.242427455410985,0.6708218185636661,GCF_001640805.2,尖吻鲈 (Lates calcarifer)
LOC108877148,LOC108877150,0.1881795737584868,0.404479489854766,0.4652388525956045,GCF_001640805.2,尖吻鲈 (Lates calcarifer)
LOC108877148,LOC108877158,0.1806846639831394,0.3517699421984308,0.5136444087687758,GCF_001640805.2,尖吻鲈 (Lates calcarifer)
LOC108877147,LOC108877163,0.1922391407895839,0.471805088577238,0.4074545727543863,GCF_001640805.2,尖吻鲈 (Lates calcarifer)
LOC108877147,LOC108877164,0.2025426928038382,0.4977306058728803,0.4069323654482427,GCF_001640805.2,尖吻鲈 (Lates calcarifer)
LOC108877147,LOC108877144,0.1873365311879392,0.5023961333694724,0.3728860927561481,GCF_001640805.2,尖吻鲈 (Lates calcarifer)
LOC108877147,LOC108896014,0.2111760338505646,0.5041472650131417,0.418877674254684,GCF_001640805.2,尖吻鲈 (Lates calcarifer)
LOC108902395,LOC108885212,0.1424404228671048,0.264865360155115,0.5377842643661913,GCF_001640805.2,尖吻鲈 (Lates calcarifer)
galm,LOC108880397,0.018330851369359,0.0264178254141043,0.6938819180617484,GCF_001640805.2,尖吻鲈 (Lates calcarifer)
LOC108895067,LOC108895065,0.0787629643965831,0.1323890217759881,0.594935768389133,GCF_001640805.2,尖吻鲈 (Lates calcarifer)
LOC108895067,LOC108895063,0.1531882351507251,0.2236828953771665,0.6848455483930692,GCF_001640805.2,尖吻鲈 (Lates calcarifer)
LOC108895067,LOC108895093,0.212812519344304,0.4212528318368141,0.5051895281424335,GCF_001640805.2,尖吻鲈 (Lates calcarifer)
LOC108895067,LOC108895094,0.2633510726723381,0.448639029092262,0.5869999166260238,GCF_001640805.2,尖吻鲈 (Lates calcarifer)
LOC108885444,LOC108886061,0.0076776102317149,0.0044477521011363,1.7261776414547432,GCF_001640805.2,尖吻鲈 (Lates calcarifer)
LOC108886943,LOC108886992,0.2178000985369491,0.2780846625902053,0.7832150702173263,GCF_001640805.2,尖吻鲈 (Lates calcarifer)
LOC108886943,LOC108886990,0.2417737517986545,0.3593454365840988,0.6728170923692013,GCF_001640805.2,尖吻鲈 (Lates calcarifer)
LOC108892805,LOC108874226,0.2486112260665408,0.425776390124319,0.5839009203726652,GCF_001640805.2,尖吻鲈 (Lates calcarifer)
LOC108892805,LOC108874237,0.2802824907761913,0.3552970365847301,0.788868079144112,GCF_001640805.2,尖吻鲈 (Lates calcarifer)
LOC108892726,LOC108901432,0.3341983456695216,0.4918197363662432,0.6795138969792264,GCF_001640805.2,尖吻鲈 (Lates calcarifer)
LOC108892726,LOC108873900,0.3049062129353339,0.4851099605171957,0.6285301019386632,GCF_001640805.2,尖吻鲈 (Lates calcarifer)
LOC108892069,LOC108891961,0.0,0.0081633458988174,0.0,GCF_001640805.2,尖吻鲈 (Lates calcarifer)
LOC108890078,asb1,0.0,0.0038265389129216,0.0,GCF_001640805.2,尖吻鲈 (Lates calcarifer)
LOC108893167,LOC108893243,0.009085513892403,0.0245253459832009,0.3704540559234626,GCF_001640805.2,尖吻鲈 (Lates calcarifer)
LOC108875091,LOC108874852,0.2373312038984964,0.7056944655064062,0.3363087221155795,GCF_001640805.2,尖吻鲈 (Lates calcarifer)
LOC108889869,LOC108889380,0.0977534847576389,0.5503458655005744,0.1776219117567567,GCF_001640805.2,尖吻鲈 (Lates calcarifer)
LOC108881901,LOC108888429,0.2010571757264891,0.3831192178244924,0.5247901080717746,GCF_001640805.2,尖吻鲈 (Lates calcarifer)
LOC108881901,LOC108888428,0.2619933197845432,0.424549367025678,0.6171091989137204,GCF_001640805.2,尖吻鲈 (Lates calcarifer)
LOC108879342,LOC108900305,0.0428045685860466,0.0444447876989237,0.9630953549831704,GCF_001640805.2,尖吻鲈 (Lates calcarifer)
LOC108877150,LOC108896001,0.1827943573209483,0.3591746462796954,0.5089288991144525,GCF_001640805.2,尖吻鲈 (Lates calcarifer)
LOC108877150,LOC108877151,0.1887051835989064,0.4063759311381245,0.4643611226442609,GCF_001640805.2,尖吻鲈 (Lates calcarifer)
LOC108877150,LOC108877138,0.1823708260635817,0.3414087088330613,0.5341715701597866,GCF_001640805.2,尖吻鲈 (Lates calcarifer)
LOC108875750,LOC108876335,0.1555259721898446,0.1648054400474545,0.9436944080551104,GCF_001640805.2,尖吻鲈 (Lates calcarifer)
LOC108875750,LOC127142451,0.1205013526166703,0.1919599418640754,0.6277421812411044,GCF_001640805.2,尖吻鲈 (Lates calcarifer)
LOC108875750,LOC108893407,0.2176373775114773,0.2491552182958272,0.8735011813120923,GCF_001640805.2,尖吻鲈 (Lates calcarifer)
LOC108899966,LOC108899956,0.1605142416754836,0.4519880156507004,0.3551294196249889,GCF_001640805.2,尖吻鲈 (Lates calcarifer)
LOC108899966,LOC127142293,0.0115679279044662,0.0279570198238189,0.4137754301912589,GCF_001640805.2,尖吻鲈 (Lates calcarifer)
LOC108899966,LOC127140495,0.1997242018375462,0.5768960662700895,0.3462048252969711,GCF_001640805.2,尖吻鲈 (Lates calcarifer)
LOC108889892,LOC108884732,0.0211808096257774,0.0212178223793223,0.9982555818932244,GCF_001640805.2,尖吻鲈 (Lates calcarifer)
LOC108889892,LOC108892935,0.155125399662706,0.2129324298977678,0.7285193699108403,GCF_001640805.2,尖吻鲈 (Lates calcarifer)
LOC108889892,LOC108892785,0.155125399662706,0.2061857577163344,0.7523574924904557,GCF_001640805.2,尖吻鲈 (Lates calcarifer)
LOC108889892,LOC108892784,0.1792169646675911,0.2233888595371671,0.8022645580397587,GCF_001640805.2,尖吻鲈 (Lates calcarifer)
polr1c,LOC108899713,0.0327599669119015,0.0564622953154112,0.5802096200463841,GCF_001640805.2,尖吻鲈 (Lates calcarifer)
LOC108884732,LOC108892935,0.1348076785122602,0.1979565638615307,0.6809962543427321,GCF_001640805.2,尖吻鲈 (Lates calcarifer)
LOC108884732,LOC108892785,0.1348076785122602,0.1913871787941196,0.7043715224898974,GCF_001640805.2,尖吻鲈 (Lates calcarifer)
LOC108884732,LOC108892784,0.1816050390036486,0.2216311802620229,0.819402029935258,GCF_001640805.2,尖吻鲈 (Lates calcarifer)
LOC108885586,LOC108885583,0.0752908002179914,0.4070146376460934,0.1849830282601732,GCF_001640805.2,尖吻鲈 (Lates calcarifer)
LOC108901575,LOC108886992,0.2306317399684113,0.3166199900102504,0.7284181266032658,GCF_001640805.2,尖吻鲈 (Lates calcarifer)
LOC108901575,LOC127140857,0.2318395976599153,0.3435377574346105,0.6748591461712736,GCF_001640805.2,尖吻鲈 (Lates calcarifer)
LOC108901575,LOC108901538,0.251824185325789,0.3040988310811229,0.8280998135721579,GCF_001640805.2,尖吻鲈 (Lates calcarifer)
LOC108901575,LOC108886941,0.2579588231129706,0.3142582395823867,0.8208498318318349,GCF_001640805.2,尖吻鲈 (Lates calcarifer)
LOC108877164,LOC108896004,0.0048790576622615,0.0044085358381432,1.106729726465486,GCF_001640805.2,尖吻鲈 (Lates calcarifer)
LOC108877164,LOC108896014,0.005915178880423,0.0007356547916939,8.040699180117436,GCF_001640805.2,尖吻鲈 (Lates calcarifer)
LOC108877164,LOC108877158,0.1513125751665573,0.3613873640104525,0.4186991307260562,GCF_001640805.2,尖吻鲈 (Lates calcarifer)
LOC108877161,LOC108877151,0.2087609074756931,0.3562611956511603,0.5859771146114525,GCF_001640805.2,尖吻鲈 (Lates calcarifer)
LOC108877161,LOC108877148,0.2197273410189612,0.3104071513217401,0.7078681663207288,GCF_001640805.2,尖吻鲈 (Lates calcarifer)
LOC108877161,LOC108877164,0.2041031139184055,0.3265555985424314,0.6250179596657109,GCF_001640805.2,尖吻鲈 (Lates calcarifer)
LOC108876366,hdac12,0.0012358396205148,0.0083741274725783,0.1475783148228494,GCF_001640805.2,尖吻鲈 (Lates calcarifer)
LOC108874200,LOC127139238,0.0028646489827693,0.0171927299264527,0.1666197860970205,GCF_001640805.2,尖吻鲈 (Lates calcarifer)
LOC108896004,LOC108896014,0.0071404823612345,0.0051762591466559,1.3794677118991483,GCF_001640805.2,尖吻鲈 (Lates calcarifer)
LOC108896004,LOC108881993,0.0053799827197204,0.0048270480381705,1.114549239447691,GCF_001640805.2,尖吻鲈 (Lates calcarifer)
LOC108896004,LOC108877158,0.1556664745314838,0.3631115251747629,0.42870155238549,GCF_001640805.2,尖吻鲈 (Lates calcarifer)
LOC108894776,LOC108894781,0.0355044644946849,0.0258894352811059,1.371388139956691,GCF_001640805.2,尖吻鲈 (Lates calcarifer)
LOC108894776,LOC108894777,0.1398840086947118,0.1559590428191862,0.8969278482741697,GCF_001640805.2,尖吻鲈 (Lates calcarifer)
LOC108894776,LOC108900097,0.1630214930756929,0.1711838221134713,0.9523183386315102,GCF_001640805.2,尖吻鲈 (Lates calcarifer)
LOC108894776,LOC108900095,0.176291205147383,0.2296360598564839,0.7676982668033935,GCF_001640805.2,尖吻鲈 (Lates calcarifer)
LOC108892633,yy1a,0.0036540876180003,0.0133336845159628,0.2740493532470868,GCF_001640805.2,尖吻鲈 (Lates calcarifer)
LOC108888987,snapc1b,0.0,0.0086957495856894,0.0,GCF_001640805.2,尖吻鲈 (Lates calcarifer)
LOC108886652,LOC108885149,0.0,0.0123290447573698,0.0,GCF_001640805.2,尖吻鲈 (Lates calcarifer)
LOC108886652,LOC108886653,0.2812866779202494,0.7278563743702309,0.3864590430545166,GCF_001640805.2,尖吻鲈 (Lates calcarifer)
LOC108885828,LOC127139286,0.4010381588930399,0.7284640308750152,0.5505256840359319,GCF_001640805.2,尖吻鲈 (Lates calcarifer)
LOC108885828,LOC108902367,0.3779021045997,0.6604109698398343,0.5722226338719819,GCF_001640805.2,尖吻鲈 (Lates calcarifer)
LOC108885149,LOC108886653,0.2811088938731054,0.7299377020236115,0.3851135420102088,GCF_001640805.2,尖吻鲈 (Lates calcarifer)
LOC108897247,LOC108897246,0.1882216436806498,0.4435233646875023,0.4243781921461274,GCF_001640805.2,尖吻鲈 (Lates calcarifer)
LOC108895081,LOC108895089,0.2755399496502455,0.534542162438137,0.5154690668243292,GCF_001640805.2,尖吻鲈 (Lates calcarifer)
LOC108895081,LOC108895082,0.2208451311229957,0.4344159765323966,0.5083724887050193,GCF_001640805.2,尖吻鲈 (Lates calcarifer)
LOC108895093,LOC127138962,0.0911458271550239,0.0667291748489337,1.365906702148893,GCF_001640805.2,尖吻鲈 (Lates calcarifer)
LOC108895093,LOC108895094,0.1081630869569333,0.172318797156181,0.6276917477487951,GCF_001640805.2,尖吻鲈 (Lates calcarifer)
LOC108895093,LOC108895065,0.2125494108660101,0.4771497570025661,0.4454563954956956,GCF_001640805.2,尖吻鲈 (Lates calcarifer)
LOC108895088,LOC127142720,0.0415151365506587,0.0758940795904847,0.5470141646709379,GCF_001640805.2,尖吻鲈 (Lates calcarifer)
LOC108895088,LOC108894469,0.0381780485575704,0.0521495847867525,0.732087296834408,GCF_001640805.2,尖吻鲈 (Lates calcarifer)
LOC108895088,LOC108894471,0.1077881899561905,0.170429985412344,0.632448507786961,GCF_001640805.2,尖吻鲈 (Lates calcarifer)
LOC108895088,LOC127142721,0.1092755850801425,0.1702856944069431,0.6417191148130116,GCF_001640805.2,尖吻鲈 (Lates calcarifer)
LOC108887480,LOC127142638,0.2960814475317524,0.3477601182888316,0.8513956372819107,GCF_001640805.2,尖吻鲈 (Lates calcarifer)
LOC108887480,LOC108887482,0.3520896125875863,0.4588574208917476,0.7673181179097687,GCF_001640805.2,尖吻鲈 (Lates calcarifer)
LOC108887480,LOC108887449,0.3498237168765765,0.5364998765995785,0.652048084509944,GCF_001640805.2,尖吻鲈 (Lates calcarifer)
LOC108877162,LOC108877164,0.1886601992630813,0.3394128710871382,0.5558427959988771,GCF_001640805.2,尖吻鲈 (Lates calcarifer)
LOC108877138,LOC108896006,0.0640867882789086,0.1104226777370131,0.580377052905203,GCF_001640805.2,尖吻鲈 (Lates calcarifer)
LOC108877138,LOC108877154,0.0652585327422224,0.1125888122244897,0.5796182715925993,GCF_001640805.2,尖吻鲈 (Lates calcarifer)
LOC108877138,LOC108877158,0.1646385032748666,0.3113777236005957,0.5287420736817015,GCF_001640805.2,尖吻鲈 (Lates calcarifer)
LOC108896014,LOC108881993,0.0065247149170435,0.0008055854695032,8.099345338324722,GCF_001640805.2,尖吻鲈 (Lates calcarifer)
LOC108896008,LOC108877164,0.1886601992630813,0.3394128710871382,0.5558427959988771,GCF_001640805.2,尖吻鲈 (Lates calcarifer)
LOC108891065,LOC108873695,0.0574087521409546,0.0714826348532434,0.8031146621667902,GCF_001640805.2,尖吻鲈 (Lates calcarifer)
LOC108888429,LOC108881900,0.2856391540304693,0.5269306436840268,0.5420811210246342,GCF_001640805.2,尖吻鲈 (Lates calcarifer)
LOC108888429,LOC108888427,0.2904261818198265,0.5202297525783715,0.5582652287386706,GCF_001640805.2,尖吻鲈 (Lates calcarifer)
LOC108885455,LOC108892653,0.1533259321663668,0.2236695612536626,0.6855020026282456,GCF_001640805.2,尖吻鲈 (Lates calcarifer)
LOC108892759,LOC108892685,0.0120560971637717,0.026497321018841,0.4549930596832502,GCF_001640805.2,尖吻鲈 (Lates calcarifer)
LOC108895065,LOC108895063,0.1038212899386977,0.1304540950804971,0.7958453881776147,GCF_001640805.2,尖吻鲈 (Lates calcarifer)
LOC108895065,LOC108895094,0.2546833718845248,0.5420653559645577,0.4698388655208155,GCF_001640805.2,尖吻鲈 (Lates calcarifer)
plppr2a,LOC108894462,0.0395202576621864,0.0629871989006799,0.6274331666106177,GCF_001640805.2,尖吻鲈 (Lates calcarifer)
LOC108895063,LOC108895093,0.2560547060953324,0.5636197056153348,0.4543040343413532,GCF_001640805.2,尖吻鲈 (Lates calcarifer)
LOC108895063,LOC127138962,0.2861010091838901,0.520861854389697,0.5492838586137581,GCF_001640805.2,尖吻鲈 (Lates calcarifer)
LOC108895086,LOC108894467,0.0320464627066232,0.0863605174812531,0.3710777058923928,GCF_001640805.2,尖吻鲈 (Lates calcarifer)
LOC108895086,LOC108895088,0.2446354129384991,0.2927226649762441,0.8357241929262722,GCF_001640805.2,尖吻鲈 (Lates calcarifer)
LOC108895086,LOC108894469,0.134330920179731,0.2395841042921753,0.5606837756477913,GCF_001640805.2,尖吻鲈 (Lates calcarifer)
LOC108895086,LOC127142720,0.2259030733378164,0.2578476198225608,0.8761107567844636,GCF_001640805.2,尖吻鲈 (Lates calcarifer)
LOC127142155,LOC108897633,0.0121843834991845,0.0041379415310659,2.9445518762672585,GCF_001640805.2,尖吻鲈 (Lates calcarifer)
LOC127142155,LOC108897628,0.051576284549516,0.0639591882766563,0.8063936697636336,GCF_001640805.2,尖吻鲈 (Lates calcarifer)
LOC127142155,LOC108897632,0.07017581996279,0.0592951713541411,1.1834997413813702,GCF_001640805.2,尖吻鲈 (Lates calcarifer)
LOC127142155,LOC108879794,0.0317938190806918,0.0295492763578704,1.0759593126964535,GCF_001640805.2,尖吻鲈 (Lates calcarifer)
LOC108879391,LOC127140507,0.2558328205482154,0.3662258352654851,0.698565737075203,GCF_001640805.2,尖吻鲈 (Lates calcarifer)
LOC108877144,LOC108881992,0.1869888147256437,0.4161915001369486,0.4492855204013409,GCF_001640805.2,尖吻鲈 (Lates calcarifer)
LOC108877144,LOC108896004,0.2053128779074518,0.4044878243894043,0.5075872882388548,GCF_001640805.2,尖吻鲈 (Lates calcarifer)
LOC108877144,LOC108877163,0.1871410118132515,0.3598538645021382,0.5200472477130772,GCF_001640805.2,尖吻鲈 (Lates calcarifer)
LOC108896006,LOC108877154,0.0025052215360274,0.0091325329314414,0.2743183687192036,GCF_001640805.2,尖吻鲈 (Lates calcarifer)
LOC108896006,LOC108877153,0.0871247917972409,0.1704126575263837,0.5112577496407625,GCF_001640805.2,尖吻鲈 (Lates calcarifer)
LOC108896006,LOC108896007,0.0921599459134015,0.1820501381572466,0.506233869670552,GCF_001640805.2,尖吻鲈 (Lates calcarifer)
htr5ab,LOC108889550,0.0,0.008281657646762,0.0,GCF_001640805.2,尖吻鲈 (Lates calcarifer)
LOC108881548,LOC108881547,0.0469506032012195,0.0595025566773907,0.7890518630279196,GCF_001640805.2,尖吻鲈 (Lates calcarifer)
LOC108881548,LOC108881550,0.0677367307168296,0.0818437296849516,0.8276349450052515,GCF_001640805.2,尖吻鲈 (Lates calcarifer)
LOC108881548,LOC108881549,0.086317178141959,0.1040125406504628,0.8298727980506737,GCF_001640805.2,尖吻鲈 (Lates calcarifer)
LOC108881547,LOC108881550,0.0587590360741231,0.0892903493948231,0.6580670416497427,GCF_001640805.2,尖吻鲈 (Lates calcarifer)
LOC108881547,LOC108881549,0.0773103642386556,0.0819616846825546,0.9432500629786456,GCF_001640805.2,尖吻鲈 (Lates calcarifer)
LOC108895094,LOC127138962,0.1356370083971398,0.1689775345257294,0.8026925518698879,GCF_001640805.2,尖吻鲈 (Lates calcarifer)
LOC108895089,LOC108895082,0.1662935432525746,0.3091516236035372,0.5379028624020203,GCF_001640805.2,尖吻鲈 (Lates calcarifer)
LOC108875812,LOC108875813,0.0282994407864495,0.044826617799404,0.6313088556689141,GCF_001640805.2,尖吻鲈 (Lates calcarifer)
LOC108875812,LOC108885725,0.0314085303607223,0.0475952654379192,0.6599087130145319,GCF_001640805.2,尖吻鲈 (Lates calcarifer)
LOC108875812,LOC108885736,0.0212045285819692,0.0432481410801155,0.4902991909568704,GCF_001640805.2,尖吻鲈 (Lates calcarifer)
LOC108897632,LOC108897628,0.0338455216433785,0.0481336692685581,0.7031568994779938,GCF_001640805.2,尖吻鲈 (Lates calcarifer)
LOC108897632,LOC108897633,0.0757361458265003,0.0573934307459665,1.3195960729673388,GCF_001640805.2,尖吻鲈 (Lates calcarifer)
LOC108897632,LOC108897626,0.0746000153240195,0.1074828489557949,0.6940643651407178,GCF_001640805.2,尖吻鲈 (Lates calcarifer)
LOC108877220,LOC108877231,0.0486837008411685,0.0767002815882634,0.6347264942586346,GCF_001640805.2,尖吻鲈 (Lates calcarifer)
LOC108877163,LOC108877164,0.157429328576248,0.3223615802062656,0.4883625662695772,GCF_001640805.2,尖吻鲈 (Lates calcarifer)
LOC108877163,LOC108896014,0.1657015660658915,0.3269948996683951,0.5067405217449238,GCF_001640805.2,尖吻鲈 (Lates calcarifer)
LOC108877163,LOC108896004,0.1633592943684714,0.3170253406484107,0.5152878127481965,GCF_001640805.2,尖吻鲈 (Lates calcarifer)
LOC108877163,LOC108896001,0.1543594274021652,0.2816600907128967,0.5480344304777905,GCF_001640805.2,尖吻鲈 (Lates calcarifer)
LOC108902133,LOC108902145,0.3784863236880869,0.509766020389455,0.7424706797815358,GCF_001640805.2,尖吻鲈 (Lates calcarifer)
LOC108894473,LOC108894472,0.1226317776721679,0.1754475450074712,0.6989654809187887,GCF_001640805.2,尖吻鲈 (Lates calcarifer)
LOC108894473,LOC108895088,0.2079479911005614,0.3436490519758172,0.6051173134480081,GCF_001640805.2,尖吻鲈 (Lates calcarifer)
LOC108894473,LOC127142720,0.1947370150219213,0.3809903134062444,0.5111337694674566,GCF_001640805.2,尖吻鲈 (Lates calcarifer)
LOC108894473,LOC108894471,0.2508007118203288,0.4633118723067991,0.5413215736769461,GCF_001640805.2,尖吻鲈 (Lates calcarifer)
LOC108885725,LOC108875813,0.0036312356591311,0.01464651916281,0.2479248221892497,GCF_001640805.2,尖吻鲈 (Lates calcarifer)
LOC108885725,LOC108885736,0.0234017054501412,0.0342301909728262,0.68365687672379,GCF_001640805.2,尖吻鲈 (Lates calcarifer)
LOC108881549,LOC108881550,0.0548666760515395,0.0841348131681141,0.6521281023339013,GCF_001640805.2,尖吻鲈 (Lates calcarifer)
LOC108889380,LOC108889378,0.0745028923992241,0.430738835888438,0.1729653474257902,GCF_001640805.2,尖吻鲈 (Lates calcarifer)
LOC108887407,LOC108875464,0.3827447794742299,0.4553662288953628,0.8405207834641151,GCF_001640805.2,尖吻鲈 (Lates calcarifer)
LOC108875813,LOC108885736,0.0263545529051506,0.0524101145331847,0.502852419611935,GCF_001640805.2,尖吻鲈 (Lates calcarifer)
LOC108873961,LOC108874676,0.0,0.0100841855320133,0.0,GCF_001640805.2,尖吻鲈 (Lates calcarifer)
LOC108891413,cdc123,0.0024534881826859,0.0047207079535405,0.519728864151779,GCF_001640805.2,尖吻鲈 (Lates calcarifer)
LOC108883155,LOC108873270,0.0046196635124918,0.0031479584515049,1.4675109546898115,GCF_001640805.2,尖吻鲈 (Lates calcarifer)
LOC108883155,LOC108902145,0.1199427527136186,0.1167399822838448,1.027435077229894,GCF_001640805.2,尖吻鲈 (Lates calcarifer)
LOC108895181,LOC108895225,0.1037787645551462,0.1884858212106793,0.5505918900878378,GCF_001640805.2,尖吻鲈 (Lates calcarifer)
LOC108895181,LOC108895216,0.1381332989398487,0.1596842855613453,0.8650400285429621,GCF_001640805.2,尖吻鲈 (Lates calcarifer)
LOC108895181,LOC127139597,0.1471297966562721,0.1949513784936096,0.7546999554101381,GCF_001640805.2,尖吻鲈 (Lates calcarifer)
LOC108895181,LOC127140512,0.1901602280501046,0.5284664652733227,0.3598340491704687,GCF_001640805.2,尖吻鲈 (Lates calcarifer)
LOC108873819,LOC108873868,0.0289735598553274,0.0514359481158972,0.563293978562293,GCF_001640805.2,尖吻鲈 (Lates calcarifer)
LOC108873819,LOC108874523,0.0486867851797864,0.0752338658983851,0.6471392184677237,GCF_001640805.2,尖吻鲈 (Lates calcarifer)
LOC108873819,LOC127140832,0.0784656891913831,0.1010000665330447,0.7768875000266565,GCF_001640805.2,尖吻鲈 (Lates calcarifer)
LOC108891578,LOC108891510,0.0064641641268559,0.0080700173354902,0.8010099431172057,GCF_001640805.2,尖吻鲈 (Lates calcarifer)
LOC108872685,rhbdd1,0.2553235211843212,0.6607709030729212,0.3864024883616043,GCF_001640805.2,尖吻鲈 (Lates calcarifer)
LOC108887009,LOC108887033,0.4421104676421631,0.6249532091181994,0.7074297102433879,GCF_001640805.2,尖吻鲈 (Lates calcarifer)
LOC108887009,LOC108887056,0.4200068172816281,0.3750283214960519,1.119933597564443,GCF_001640805.2,尖吻鲈 (Lates calcarifer)
LOC108884313,LOC108884316,0.1990123097979671,0.2944308737078153,0.6759220162334647,GCF_001640805.2,尖吻鲈 (Lates calcarifer)
LOC108884313,LOC108884315,0.3796337003428676,0.389021517686125,0.97586812832592,GCF_001640805.2,尖吻鲈 (Lates calcarifer)
LOC108874523,LOC108873868,0.0293797838768951,0.0317546813438828,0.9252111069461196,GCF_001640805.2,尖吻鲈 (Lates calcarifer)
LOC108891276,LOC108873868,0.0306800014867512,0.0318016582096126,0.9647296151833256,GCF_001640805.2,尖吻鲈 (Lates calcarifer)
LOC108891276,LOC108873819,0.0513520862155155,0.0753484824627856,0.6815278096792218,GCF_001640805.2,尖吻鲈 (Lates calcarifer)
LOC108899614,LOC108899608,0.0407478025940113,0.1009471979969639,0.403654617488609,GCF_001640805.2,尖吻鲈 (Lates calcarifer)
LOC108887007,LOC108887054,0.2689902722348956,0.3859687653253026,0.6969223844011962,GCF_001640805.2,尖吻鲈 (Lates calcarifer)
LOC108887007,LOC108887006,0.2349904068076981,0.3035515855260151,0.7741366476491649,GCF_001640805.2,尖吻鲈 (Lates calcarifer)
LOC108887007,LOC108887032,0.228312110700658,0.3426787644846944,0.6662569565522509,GCF_001640805.2,尖吻鲈 (Lates calcarifer)
LOC108887007,LOC108892714,0.2138905798193584,0.2655059643148007,0.8055961393234701,GCF_001640805.2,尖吻鲈 (Lates calcarifer)
LOC108882435,LOC127142402,0.0886895382677151,0.0969943686491743,0.91437822115738,GCF_001640805.2,尖吻鲈 (Lates calcarifer)
LOC108882435,LOC108882471,0.0982507332367739,0.1199734872695086,0.8189370457829849,GCF_001640805.2,尖吻鲈 (Lates calcarifer)
LOC108882435,LOC108882469,0.2032944692282186,0.2834467127246688,0.7172228856493829,GCF_001640805.2,尖吻鲈 (Lates calcarifer)
LOC108882435,LOC108882432,0.2020368575622986,0.2905613456444084,0.6953328809591665,GCF_001640805.2,尖吻鲈 (Lates calcarifer)
LOC108902202,LOC108902237,0.3042824071437214,0.7339540931197828,0.4145796174394547,GCF_001640805.2,尖吻鲈 (Lates calcarifer)
LOC108897771,LOC108892342,0.0082557988573715,0.0065982830276468,1.2512041121576103,GCF_001640805.2,尖吻鲈 (Lates calcarifer)
LOC108897771,LOC108873625,0.1368100096717914,0.1597453922452783,0.8564253888570937,GCF_001640805.2,尖吻鲈 (Lates calcarifer)
LOC108877154,LOC108877153,0.0916515374264268,0.185828599653421,0.4932046929125078,GCF_001640805.2,尖吻鲈 (Lates calcarifer)
LOC108877154,LOC108896007,0.0969541422010799,0.1859571606899168,0.5213789124407567,GCF_001640805.2,尖吻鲈 (Lates calcarifer)
LOC108877153,LOC108896007,0.0149387922175417,0.0164197332076775,0.9098072440395478,GCF_001640805.2,尖吻鲈 (Lates calcarifer)
LOC108877153,LOC108877138,0.1575617327880526,0.3173837375304254,0.4964392127146976,GCF_001640805.2,尖吻鲈 (Lates calcarifer)
LOC108892342,LOC108873625,0.1261463229200822,0.1627020320795826,0.7753211272639796,GCF_001640805.2,尖吻鲈 (Lates calcarifer)
LOC108889433,LOC108884653,0.0162845645844547,0.0094489438772412,1.723426956072614,GCF_001640805.2,尖吻鲈 (Lates calcarifer)
LOC108901456,LOC108901455,0.0354173451984128,0.0810382719520887,0.4370446746365991,GCF_001640805.2,尖吻鲈 (Lates calcarifer)
LOC108901456,LOC108901457,0.0607872766506895,0.0896025378636767,0.6784102113622335,GCF_001640805.2,尖吻鲈 (Lates calcarifer)
LOC108901456,LOC108901461,0.0707521322561264,0.0986151151875346,0.7174572794604389,GCF_001640805.2,尖吻鲈 (Lates calcarifer)
LOC108901456,LOC108901459,0.0581907793008157,0.087414199702688,0.6656902368120213,GCF_001640805.2,尖吻鲈 (Lates calcarifer)
LOC108894791,LOC108889800,0.0,0.009539079305831,0.0,GCF_001640805.2,尖吻鲈 (Lates calcarifer)
LOC108901163,LOC108889759,0.0696063710054668,0.14320775723308,0.4860516800928455,GCF_001640805.2,尖吻鲈 (Lates calcarifer)
LOC108901163,LOC108901155,0.1142102225915777,0.1857391941995825,0.614895650235541,GCF_001640805.2,尖吻鲈 (Lates calcarifer)
LOC108901163,LOC108880937,0.1340611857632919,0.3878193227321617,0.3456794901781574,GCF_001640805.2,尖吻鲈 (Lates calcarifer)
LOC108901163,LOC108884772,0.1494268637626769,0.3628299074771186,0.4118372291901002,GCF_001640805.2,尖吻鲈 (Lates calcarifer)
LOC108895097,LOC108895059,0.1623054329164528,0.1856789317069257,0.874118735089636,GCF_001640805.2,尖吻鲈 (Lates calcarifer)
LOC108895097,LOC108895065,0.2879966077431834,0.5712895152610604,0.5041167394986734,GCF_001640805.2,尖吻鲈 (Lates calcarifer)
LOC108895097,LOC108895067,0.3057003691656668,0.6095595655689762,0.5015102484370324,GCF_001640805.2,尖吻鲈 (Lates calcarifer)
LOC108895097,LOC108895093,0.3446893207695136,0.6532125814302805,0.5276832237596811,GCF_001640805.2,尖吻鲈 (Lates calcarifer)
LOC108890973,LOC127138965,0.077139819096997,0.2303486208043813,0.334882921493619,GCF_001640805.2,尖吻鲈 (Lates calcarifer)
LOC108890973,LOC108890970,0.1141738372261152,0.2481108846760151,0.4601726255387957,GCF_001640805.2,尖吻鲈 (Lates calcarifer)
LOC108890973,LOC127142583,0.1365416375982798,0.31686015983561,0.4309208127305084,GCF_001640805.2,尖吻鲈 (Lates calcarifer)
LOC108890973,LOC108890988,0.1701107373097551,0.3671611689890286,0.4633135300722346,GCF_001640805.2,尖吻鲈 (Lates calcarifer)
LOC108897163,LOC108894459,0.00727278426215,0.020566841442378,0.3536169752913281,GCF_001640805.2,尖吻鲈 (Lates calcarifer)
LOC108873925,LOC108873924,0.0213016884985867,0.017669757130419,1.2055450644488632,GCF_001640805.2,尖吻鲈 (Lates calcarifer)
LOC108902099,LOC127139009,0.2713240603202206,0.4099077797760518,0.661914883558578,GCF_001640805.2,尖吻鲈 (Lates calcarifer)
LOC108902099,LOC108881882,0.2696431739162342,0.3713772950200777,0.7260626256154311,GCF_001640805.2,尖吻鲈 (Lates calcarifer)
LOC108887129,LOC108873504,0.0025990929195129,0.0041237217289483,0.630278445140341,GCF_001640805.2,尖吻鲈 (Lates calcarifer)
LOC108887127,LOC108881936,0.0659326900909852,0.0732499042135827,0.9001061612140552,GCF_001640805.2,尖吻鲈 (Lates calcarifer)
LOC108887127,LOC108887128,0.1187418355259276,0.1370237066833806,0.8665787723893883,GCF_001640805.2,尖吻鲈 (Lates calcarifer)
LOC108887127,LOC108881893,0.1446777495933687,0.1364775935284409,1.060084266236853,GCF_001640805.2,尖吻鲈 (Lates calcarifer)
LOC108892849,LOC108892851,0.0935336503825964,0.0896816040425236,1.042952469251624,GCF_001640805.2,尖吻鲈 (Lates calcarifer)
LOC108892849,LOC108892855,0.0822474675081975,0.0841930376797955,0.9768915551069978,GCF_001640805.2,尖吻鲈 (Lates calcarifer)
LOC108892849,LOC108892870,0.1629209740215706,0.1754135948592166,0.9287819119853722,GCF_001640805.2,尖吻鲈 (Lates calcarifer)
LOC108892849,LOC108892854,0.2597380767041025,0.3714263306526545,0.6992990406676388,GCF_001640805.2,尖吻鲈 (Lates calcarifer)
LOC127139050,LOC127139070,0.076020840074565,0.3956536159755411,0.1921398844975161,GCF_001640805.2,尖吻鲈 (Lates calcarifer)
LOC127139050,LOC108900903,0.1349800964099607,0.4305878099905829,0.3134786756107026,GCF_001640805.2,尖吻鲈 (Lates calcarifer)
LOC108893197,LOC127138924,0.0468269088713536,0.0769502777835296,0.6085346306751923,GCF_001640805.2,尖吻鲈 (Lates calcarifer)
LOC108893197,LOC108893196,0.0467426963390773,0.0874931573509866,0.5342440226675654,GCF_001640805.2,尖吻鲈 (Lates calcarifer)
LOC108893197,LOC108893757,0.0544584877572468,0.084831614568229,0.6419598169199826,GCF_001640805.2,尖吻鲈 (Lates calcarifer)
LOC108893197,LOC108893194,0.0622047463794287,0.1132393924982235,0.5493207355417818,GCF_001640805.2,尖吻鲈 (Lates calcarifer)
LOC108892502,LOC108892503,0.2281909175431171,0.3064441535194496,0.7446411195070627,GCF_001640805.2,尖吻鲈 (Lates calcarifer)
LOC108881882,LOC127139009,0.1924520370836079,0.2218174494807334,0.8676145070377971,GCF_001640805.2,尖吻鲈 (Lates calcarifer)
LOC127142720,LOC108894469,0.0043175940779456,0.0050125499865505,0.8613568123071974,GCF_001640805.2,尖吻鲈 (Lates calcarifer)
LOC127142720,LOC108894471,0.0844054982418791,0.1588808802518385,0.5312501926480385,GCF_001640805.2,尖吻鲈 (Lates calcarifer)
LOC127142720,LOC127142721,0.0858595209852264,0.1587476363084771,0.5408554292952424,GCF_001640805.2,尖吻鲈 (Lates calcarifer)
LOC108887483,LOC127142638,0.3175455041637874,0.4392501729620403,0.7229263042116764,GCF_001640805.2,尖吻鲈 (Lates calcarifer)
LOC108887483,LOC108887506,0.4819281845578098,0.5551023868962368,0.8681789088539712,GCF_001640805.2,尖吻鲈 (Lates calcarifer)
LOC108887483,LOC108887455,0.5404244833555742,0.5990970493141627,0.9020650059522812,GCF_001640805.2,尖吻鲈 (Lates calcarifer)
LOC108887483,LOC108887480,0.5942988157370799,0.5970581710233587,0.9953784146667832,GCF_001640805.2,尖吻鲈 (Lates calcarifer)
LOC108879383,LOC108900335,0.0,0.0187803239697654,0.0,GCF_001640805.2,尖吻鲈 (Lates calcarifer)
LOC108879383,LOC108900336,0.0054570499959524,0.0102042390418339,0.534782649992845,GCF_001640805.2,尖吻鲈 (Lates calcarifer)
LOC108879383,LOC108900333,0.1784468740432913,0.2404425543635585,0.7421601160228598,GCF_001640805.2,尖吻鲈 (Lates calcarifer)
LOC108879383,LOC108879385,0.1802295699919118,0.2402047938520675,0.750316290951745,GCF_001640805.2,尖吻鲈 (Lates calcarifer)
LOC108901438,LOC108873901,0.0663334107323833,0.0690709626446361,0.9603660958609012,GCF_001640805.2,尖吻鲈 (Lates calcarifer)
LOC108901438,LOC108889747,0.2679366240347289,0.5578739120348684,0.4802816877695874,GCF_001640805.2,尖吻鲈 (Lates calcarifer)
LOC108900335,LOC108900336,0.0054570499959524,0.0310389121221406,0.1758131848976686,GCF_001640805.2,尖吻鲈 (Lates calcarifer)
LOC108900335,LOC108900333,0.1784468740432913,0.2544561967790895,0.7012872011060242,GCF_001640805.2,尖吻鲈 (Lates calcarifer)
LOC108900335,LOC108879385,0.1802295699919118,0.2542020897010125,0.7090011345063857,GCF_001640805.2,尖吻鲈 (Lates calcarifer)
LOC108896016,LOC108881987,0.164893702968686,0.3436490519758175,0.4798316829935253,GCF_001640805.2,尖吻鲈 (Lates calcarifer)
LOC108896016,LOC108890389,0.1800972058922805,0.3600200041127758,0.5002422194180779,GCF_001640805.2,尖吻鲈 (Lates calcarifer)
LOC108896016,LOC108877159,0.3616253365791999,0.6406998972774715,0.5644223420603872,GCF_001640805.2,尖吻鲈 (Lates calcarifer)
LOC108894471,LOC108894468,0.0389360781435263,0.0573720247425799,0.6786596484650294,GCF_001640805.2,尖吻鲈 (Lates calcarifer)
LOC108892653,LOC108875739,0.0608914235450115,0.039062082077604,1.5588371204596707,GCF_001640805.2,尖吻鲈 (Lates calcarifer)
LOC108892653,LOC108892655,0.1687478399726493,0.1864477764783046,0.9050675913653768,GCF_001640805.2,尖吻鲈 (Lates calcarifer)
LOC108891826,LOC108874665,0.0328059024419882,0.0283052459871353,1.1590043222693942,GCF_001640805.2,尖吻鲈 (Lates calcarifer)
LOC108891826,LOC108891825,0.0562803903960724,0.0692594699817059,0.812602094860649,GCF_001640805.2,尖吻鲈 (Lates calcarifer)
LOC108891826,LOC108882527,0.3251137276394089,0.4631050845616209,0.7020301406259969,GCF_001640805.2,尖吻鲈 (Lates calcarifer)
LOC108881991,LOC108881987,0.1681991899095805,0.3436490519758174,0.4894504697234455,GCF_001640805.2,尖吻鲈 (Lates calcarifer)
LOC108881991,LOC108890389,0.1834601260525686,0.3600200041127758,0.5095831452607282,GCF_001640805.2,尖吻鲈 (Lates calcarifer)
LOC108881991,LOC108877159,0.3637261782889837,0.6406998972774715,0.5677013213745885,GCF_001640805.2,尖吻鲈 (Lates calcarifer)
ccdc97,LOC108880335,0.0025057446569703,0.0096541960536251,0.2595498002166085,GCF_001640805.2,尖吻鲈 (Lates calcarifer)
LOC127142721,LOC108894468,0.0407261464064266,0.0573143082500131,0.7105755552134291,GCF_001640805.2,尖吻鲈 (Lates calcarifer)
LOC108876352,LOC108876353,0.0564738180376712,0.078068463043892,0.7233883675399141,GCF_001640805.2,尖吻鲈 (Lates calcarifer)
LOC108876352,LOC108892157,0.0847482480776831,0.0937486815752026,0.9039940258754504,GCF_001640805.2,尖吻鲈 (Lates calcarifer)
LOC108892760,LOC127138914,0.1867475026754831,0.1694953376866164,1.1017854840394756,GCF_001640805.2,尖吻鲈 (Lates calcarifer)
dhrs7,LOC108892628,0.0170238648864313,0.0397151601190231,0.428649030632439,GCF_001640805.2,尖吻鲈 (Lates calcarifer)
LOC127139011,siglec15l,0.1276015215312637,0.1662142460802625,0.767693050026811,GCF_001640805.2,尖吻鲈 (Lates calcarifer)
LOC108882206,LOC108892326,0.0045731849010889,0.0192044631788783,0.2381313582416946,GCF_001640805.2,尖吻鲈 (Lates calcarifer)
LOC108891311,LOC108891301,0.1135321029254063,0.1777080766867393,0.6388685592807287,GCF_001640805.2,尖吻鲈 (Lates calcarifer)
LOC108891311,LOC108891299,0.1593133827489727,0.2970368782953127,0.5363420988776486,GCF_001640805.2,尖吻鲈 (Lates calcarifer)
LOC108891311,LOC108891297,0.1769861156689884,0.3947602497514602,0.4483382401860835,GCF_001640805.2,尖吻鲈 (Lates calcarifer)
LOC108889554,LOC108896275,0.0,0.0092025694438607,0.0,GCF_001640805.2,尖吻鲈 (Lates calcarifer)
LOC108885841,LOC108902355,0.1548038714944175,0.2184584288736273,0.7086193574337554,GCF_001640805.2,尖吻鲈 (Lates calcarifer)
LOC108885841,LOC108902367,0.3497882781460664,0.6003296480106433,0.5826603422056293,GCF_001640805.2,尖吻鲈 (Lates calcarifer)
LOC108885841,LOC127139286,0.4108481598127356,0.6285289012308053,0.6536662976168632,GCF_001640805.2,尖吻鲈 (Lates calcarifer)
LOC108881992,LOC108877158,0.2212571233998745,0.4198084468639815,0.5270430479726914,GCF_001640805.2,尖吻鲈 (Lates calcarifer)
LOC108881992,LOC108877138,0.2093435189952168,0.3806741230027262,0.5499284199932802,GCF_001640805.2,尖吻鲈 (Lates calcarifer)
LOC108881992,LOC108877164,0.2272202830137724,0.486655767661467,0.466901448852927,GCF_001640805.2,尖吻鲈 (Lates calcarifer)
LOC108886490,LOC108886543,0.1067530937527025,0.1709327468638974,0.6245327224379249,GCF_001640805.2,尖吻鲈 (Lates calcarifer)
LOC108897651,LOC108893194,0.0728093585746593,0.2133703812526526,0.3412346087925179,GCF_001640805.2,尖吻鲈 (Lates calcarifer)
LOC108897651,LOC127138924,0.0819690724868731,0.1836278852960844,0.4463868456291642,GCF_001640805.2,尖吻鲈 (Lates calcarifer)
LOC108897651,LOC108893757,0.0825885544983199,0.1650124026764314,0.5004990725470841,GCF_001640805.2,尖吻鲈 (Lates calcarifer)
LOC108897651,LOC108893198,0.0866885620752643,0.2847891951833524,0.304395544288303,GCF_001640805.2,尖吻鲈 (Lates calcarifer)
LOC108877137,si_dkey-165a24.9,0.0,0.0077872211587908,0.0,GCF_001640805.2,尖吻鲈 (Lates calcarifer)
LOC108902393,LOC108885213,0.0769906155450625,0.0834192263326681,0.9229361015412816,GCF_001640805.2,尖吻鲈 (Lates calcarifer)
LOC108897527,ldha,0.2293482172011632,0.6604797575775966,0.3472448846007491,GCF_001640805.2,尖吻鲈 (Lates calcarifer)
LOC108894472,LOC108895088,0.2183344556614277,0.3406339410760033,0.6409650634688583,GCF_001640805.2,尖吻鲈 (Lates calcarifer)
LOC108894472,LOC127142720,0.2583809371208524,0.474189261997178,0.5448898948757513,GCF_001640805.2,尖吻鲈 (Lates calcarifer)
LOC108894472,LOC108894471,0.2864965590449548,0.4730277740673161,0.6056654064549364,GCF_001640805.2,尖吻鲈 (Lates calcarifer)
LOC108899720,ldha,0.2293482172011632,0.6604797575775966,0.3472448846007491,GCF_001640805.2,尖吻鲈 (Lates calcarifer)
scdb,LOC108901202,0.1618417696103289,0.7260409964735602,0.2229099601763639,GCF_001640805.2,尖吻鲈 (Lates calcarifer)
LOC108875373,mafa,0.0540935944628493,0.5299583405782249,0.1020714088655141,GCF_001640805.2,尖吻鲈 (Lates calcarifer)
LOC108895853,LOC108895857,0.1157261405743313,0.5061821947576226,0.2286254668237491,GCF_001640805.2,尖吻鲈 (Lates calcarifer)
LOC108895853,LOC108895776,0.1632926128836531,0.5039747688603728,0.3240095000249777,GCF_001640805.2,尖吻鲈 (Lates calcarifer)
LOC108895853,LOC108901803,0.1735334681846079,0.491844757634323,0.3528216281480155,GCF_001640805.2,尖吻鲈 (Lates calcarifer)
LOC108886974,gapdh,0.082091634203472,0.6359531650173003,0.1290844023100959,GCF_001640805.2,尖吻鲈 (Lates calcarifer)
LOC108895152,LOC108892280,0.0076596410439704,0.0143088600789288,0.5353075648038487,GCF_001640805.2,尖吻鲈 (Lates calcarifer)
LOC127140224,LOC108890998,0.2085082165590581,0.2898126848531017,0.7194585587747664,GCF_001640805.2,尖吻鲈 (Lates calcarifer)
LOC108888381,LOC108882213,0.1025081231861215,0.2404202441517482,0.4263705976499241,GCF_001640805.2,尖吻鲈 (Lates calcarifer)
LOC108888381,LOC108888376,0.1342117778718713,0.2658890811917,0.5047660372902175,GCF_001640805.2,尖吻鲈 (Lates calcarifer)
LOC108888381,LOC108882225,0.2099568545651632,0.4158996037108731,0.5048258105846188,GCF_001640805.2,尖吻鲈 (Lates calcarifer)
LOC108888381,LOC108888378,0.0687503913943677,0.2096886466643712,0.3278689260864466,GCF_001640805.2,尖吻鲈 (Lates calcarifer)
LOC108873825,LOC108892670,0.0013009543591562,0.0223897223622608,0.0581049795127903,GCF_001640805.2,尖吻鲈 (Lates calcarifer)
LOC108902355,LOC127139286,0.3893132944017957,0.7286699504234257,0.5342793320563968,GCF_001640805.2,尖吻鲈 (Lates calcarifer)
LOC108902355,LOC108902367,0.3766599055228092,0.6038391852993257,0.623775194940516,GCF_001640805.2,尖吻鲈 (Lates calcarifer)
LOC108893004,LOC108900434,0.0055633078455598,0.0078432087329686,0.7093152859970012,GCF_001640805.2,尖吻鲈 (Lates calcarifer)
LOC108887523,dnase1l1,0.0267767043377854,0.0460123473314099,0.5819460621063886,GCF_001640805.2,尖吻鲈 (Lates calcarifer)
LOC108887523,LOC108887404,0.0267767043377854,0.0412020689499653,0.6498873726535996,GCF_001640805.2,尖吻鲈 (Lates calcarifer)
LOC127142637,LOC127142638,0.4103304042853685,0.3792129589941391,1.0820579691521308,GCF_001640805.2,尖吻鲈 (Lates calcarifer)
LOC127142637,LOC108887480,0.6080339245783637,0.5405355077944488,1.1248732336925085,GCF_001640805.2,尖吻鲈 (Lates calcarifer)
LOC127142637,LOC108887501,0.5070001011055562,0.4790114382369436,1.0584300512147016,GCF_001640805.2,尖吻鲈 (Lates calcarifer)
LOC127142637,LOC127142644,0.5125254984717957,0.4610959482876429,1.1115376319725756,GCF_001640805.2,尖吻鲈 (Lates calcarifer)
LOC108901803,LOC108895776,0.1679840634309573,0.3115558714801607,0.5391779735457635,GCF_001640805.2,尖吻鲈 (Lates calcarifer)
LOC108901803,LOC108897220,0.1714538895447374,0.3043840564125695,0.5632814397885042,GCF_001640805.2,尖吻鲈 (Lates calcarifer)
LOC108901803,LOC108897217,0.1927640250008037,0.2988434158837961,0.6450335351398844,GCF_001640805.2,尖吻鲈 (Lates calcarifer)
LOC108896007,LOC108877138,0.157799312619888,0.3040988310811227,0.5189079881000688,GCF_001640805.2,尖吻鲈 (Lates calcarifer)
LOC108891303,LOC108891297,0.1319739443627502,0.3971482342177692,0.3323039938039473,GCF_001640805.2,尖吻鲈 (Lates calcarifer)
LOC108891303,LOC108891586,0.1825073120724363,0.3785038186437087,0.482180900384081,GCF_001640805.2,尖吻鲈 (Lates calcarifer)
LOC108891303,LOC108891301,0.1568431693001727,0.4450743077360184,0.352397715558992,GCF_001640805.2,尖吻鲈 (Lates calcarifer)
LOC108891303,LOC108891309,0.1831105244606973,0.3702136912236997,0.4946076517468765,GCF_001640805.2,尖吻鲈 (Lates calcarifer)
cdk1,LOC108892952,0.0119144681916075,0.0137708786746047,0.8651930260324859,GCF_001640805.2,尖吻鲈 (Lates calcarifer)
nt5c3a,LOC108891184,0.0012889369445247,0.0094266755513352,0.136732927478575,GCF_001640805.2,尖吻鲈 (Lates calcarifer)
LOC127138965,LOC127142583,0.0888694384326001,0.259552793017451,0.3423944600997803,GCF_001640805.2,尖吻鲈 (Lates calcarifer)
LOC127138965,LOC108890970,0.0913171000919092,0.2580017945137239,0.353939786597305,GCF_001640805.2,尖吻鲈 (Lates calcarifer)
LOC127138965,LOC108890988,0.1347921544461224,0.3400868592540532,0.3963462591344331,GCF_001640805.2,尖吻鲈 (Lates calcarifer)
LOC108880081,LOC108872838,0.0013297875824142,0.004225363288692,0.3147155620850562,GCF_001640805.2,尖吻鲈 (Lates calcarifer)
LOC108880081,LOC108872842,0.0013297875824142,0.004225363288692,0.3147155620850562,GCF_001640805.2,尖吻鲈 (Lates calcarifer)
LOC108880081,LOC108872833,0.0482259760142466,0.128164864409316,0.3762807867546978,GCF_001640805.2,尖吻鲈 (Lates calcarifer)
LOC108880081,LOC108880082,0.097756651189242,0.1508589779393176,0.6480002219593732,GCF_001640805.2,尖吻鲈 (Lates calcarifer)
LOC108880018,LOC108902621,0.0026321588762677,0.0087913094498263,0.2994046440169066,GCF_001640805.2,尖吻鲈 (Lates calcarifer)
LOC108872838,LOC108872833,0.0468256682527565,0.1230022322027022,0.3806895811093077,GCF_001640805.2,尖吻鲈 (Lates calcarifer)
LOC108872838,LOC108880082,0.0962904260398759,0.1454266603309778,0.6621236148910226,GCF_001640805.2,尖吻鲈 (Lates calcarifer)
LOC108872831,LOC108872843,0.2155754824397001,0.6858342846754382,0.3143259053339953,GCF_001640805.2,尖吻鲈 (Lates calcarifer)
LOC108872831,LOC108897626,0.2327388354236401,0.6322750962005588,0.3680974259815145,GCF_001640805.2,尖吻鲈 (Lates calcarifer)
LOC108872831,LOC108879793,0.2343952290232664,0.6247678760413987,0.3751717045831832,GCF_001640805.2,尖吻鲈 (Lates calcarifer)
LOC108872831,LOC108880078,0.2200972586291516,0.724072589269505,0.3039712618471045,GCF_001640805.2,尖吻鲈 (Lates calcarifer)
LOC108901804,LOC108897217,0.0443181047400768,0.0367326660739844,1.206503896308923,GCF_001640805.2,尖吻鲈 (Lates calcarifer)
LOC108901804,LOC108897594,0.0631594715143651,0.0983836490128253,0.6419712233496403,GCF_001640805.2,尖吻鲈 (Lates calcarifer)
LOC108901804,LOC108897220,0.0439967877535361,0.0751232784391713,0.585661178101554,GCF_001640805.2,尖吻鲈 (Lates calcarifer)
LOC108901804,LOC108895862,0.0631594715143651,0.1035294667977843,0.6100627528366331,GCF_001640805.2,尖吻鲈 (Lates calcarifer)
LOC108897596,LOC108895781,0.0039173103200947,0.0045146863187895,0.8676816158392641,GCF_001640805.2,尖吻鲈 (Lates calcarifer)
LOC108897596,LOC108895854,0.0646218666624735,0.0879867603083709,0.7344498926428308,GCF_001640805.2,尖吻鲈 (Lates calcarifer)
LOC108897596,LOC108897595,0.0660440050359643,0.0879867603083709,0.7506129877324392,GCF_001640805.2,尖吻鲈 (Lates calcarifer)
LOC108897596,LOC108895862,0.0812531598451133,0.0851017845257265,0.954776216479341,GCF_001640805.2,尖吻鲈 (Lates calcarifer)
LOC108897595,LOC108895781,0.0674228652781526,0.0932728966980276,0.7228559170456043,GCF_001640805.2,尖吻鲈 (Lates calcarifer)
LOC108897595,LOC108895780,0.073284450559868,0.0827108437534415,0.8860319546289084,GCF_001640805.2,尖吻鲈 (Lates calcarifer)
LOC108897594,LOC108895862,0.0026041692830618,0.0045454684587682,0.572915488619962,GCF_001640805.2,尖吻鲈 (Lates calcarifer)
LOC108897594,LOC108897217,0.0560440618424166,0.0684976123268963,0.8181900060246379,GCF_001640805.2,尖吻鲈 (Lates calcarifer)
LOC108897594,LOC108895776,0.0402874623550619,0.0530768031661553,0.7590408606362979,GCF_001640805.2,尖吻鲈 (Lates calcarifer)
LOC108897594,LOC108897220,0.04172570688178,0.048054864243296,0.8682930966265515,GCF_001640805.2,尖吻鲈 (Lates calcarifer)
LOC108897593,LOC108895856,0.0013091864550574,0.0044477521011363,0.2943478919886094,GCF_001640805.2,尖吻鲈 (Lates calcarifer)
LOC108897593,LOC108895782,0.0072242239815767,0.024851671197074,0.2906936891402032,GCF_001640805.2,尖吻鲈 (Lates calcarifer)
LOC108897593,LOC108895780,0.0475211206863337,0.0990800160072699,0.4796236678327436,GCF_001640805.2,尖吻鲈 (Lates calcarifer)
LOC108897593,LOC108895854,0.0896035824269515,0.1016890769362252,0.8811524809409651,GCF_001640805.2,尖吻鲈 (Lates calcarifer)
LOC108897217,LOC108895779,0.0,0.0046656449063267,0.0,GCF_001640805.2,尖吻鲈 (Lates calcarifer)
LOC108897217,LOC108895776,0.0283052459871353,0.0502580327122201,0.5631984472852823,GCF_001640805.2,尖吻鲈 (Lates calcarifer)
LOC108897217,LOC108897220,0.0297205437934999,0.0551807537937662,0.5386034396082762,GCF_001640805.2,尖吻鲈 (Lates calcarifer)
LOC108895862,LOC108897217,0.0588537115811214,0.0734604095913674,0.8011623118970137,GCF_001640805.2,尖吻鲈 (Lates calcarifer)
LOC108895862,LOC108895776,0.0402874623550619,0.0480933961271539,0.8376921905981876,GCF_001640805.2,尖吻鲈 (Lates calcarifer)
LOC108895862,LOC108897220,0.04172570688178,0.043108432463745,0.9679244754926328,GCF_001640805.2,尖吻鲈 (Lates calcarifer)
LOC108891301,LOC108891299,0.1096681645672062,0.3310288624285555,0.3312948718810748,GCF_001640805.2,尖吻鲈 (Lates calcarifer)
LOC108891301,LOC108891297,0.1735165295999332,0.3783458394018118,0.4586188389814822,GCF_001640805.2,尖吻鲈 (Lates calcarifer)
LOC108900903,LOC127139070,0.0557765717621165,0.4528810106225931,0.1231594402367153,GCF_001640805.2,尖吻鲈 (Lates calcarifer)
LOC108893200,LOC108893199,0.0386076857386888,0.0954271337251038,0.4045776524096982,GCF_001640805.2,尖吻鲈 (Lates calcarifer)
LOC108893200,LOC108893250,0.1409413288219729,0.5108738492467144,0.275882840802659,GCF_001640805.2,尖吻鲈 (Lates calcarifer)
LOC108893194,LOC127138924,0.0253132374597773,0.0751802594341376,0.3367005867005981,GCF_001640805.2,尖吻鲈 (Lates calcarifer)
LOC108893194,LOC108893757,0.030711900998582,0.0607809075023445,0.5052886220462803,GCF_001640805.2,尖吻鲈 (Lates calcarifer)
LOC108893194,LOC108893196,0.0375413484722248,0.0756546368913287,0.4962200601947206,GCF_001640805.2,尖吻鲈 (Lates calcarifer)
LOC108895856,LOC108895782,0.0059042509163725,0.0202867364287197,0.2910399579113156,GCF_001640805.2,尖吻鲈 (Lates calcarifer)
LOC108895856,LOC108895780,0.0461236112713381,0.1043066522308762,0.4421924228691221,GCF_001640805.2,尖吻鲈 (Lates calcarifer)
LOC108895856,LOC108895854,0.088112881587549,0.0966780944478204,0.9114048233036472,GCF_001640805.2,尖吻鲈 (Lates calcarifer)
LOC108895854,LOC108895781,0.065999039506433,0.0932728966980276,0.7075907561883267,GCF_001640805.2,尖吻鲈 (Lates calcarifer)
LOC108895854,LOC108895780,0.0718513291047009,0.0827108437534415,0.8687050674865262,GCF_001640805.2,尖吻鲈 (Lates calcarifer)
LOC108895782,LOC108895780,0.0454006525879461,0.1019740160546802,0.4452178539639114,GCF_001640805.2,尖吻鲈 (Lates calcarifer)
LOC108895782,LOC108895854,0.0865858435733671,0.1071536932524478,0.808052815961984,GCF_001640805.2,尖吻鲈 (Lates calcarifer)
LOC108895781,LOC108897594,0.0826481458174795,0.0955068926487199,0.8653631536465586,GCF_001640805.2,尖吻鲈 (Lates calcarifer)
LOC108890970,LOC127142583,0.0589748513722168,0.1964889459310698,0.3001433545931166,GCF_001640805.2,尖吻鲈 (Lates calcarifer)
LOC108890970,LOC108890971,0.110514719217156,0.2416524501150101,0.4573291897705095,GCF_001640805.2,尖吻鲈 (Lates calcarifer)
LOC108897706,LOC108897652,0.022683516829403,0.0311848930375178,0.7273879952742827,GCF_001640805.2,尖吻鲈 (Lates calcarifer)
LOC108897706,LOC108893186,0.1087876214975422,0.3235584675395619,0.3362224525440387,GCF_001640805.2,尖吻鲈 (Lates calcarifer)
LOC108897706,LOC108893188,0.1103560436469692,0.3232584004018954,0.3413864682550169,GCF_001640805.2,尖吻鲈 (Lates calcarifer)
LOC108897652,LOC108893186,0.1112349725374979,0.3323614064569192,0.3346807733283445,GCF_001640805.2,尖吻鲈 (Lates calcarifer)
LOC108897652,LOC108893188,0.1128108240526458,0.3320523771790468,0.3397380407604095,GCF_001640805.2,尖吻鲈 (Lates calcarifer)
LOC108872843,LOC108872803,0.178833909047708,0.6734561949044676,0.2655464607806842,GCF_001640805.2,尖吻鲈 (Lates calcarifer)
LOC108872843,LOC108872804,0.1798160259760956,0.6661211731142376,0.2699449187832042,GCF_001640805.2,尖吻鲈 (Lates calcarifer)
LOC108872843,LOC108872795,0.1866297380246574,0.656081982506248,0.2844610018274356,GCF_001640805.2,尖吻鲈 (Lates calcarifer)
LOC108872843,LOC108879793,0.1990063557063951,0.6505353056729102,0.3059116914500805,GCF_001640805.2,尖吻鲈 (Lates calcarifer)
LOC108872842,LOC108872833,0.0468256682527565,0.1230022322027022,0.3806895811093077,GCF_001640805.2,尖吻鲈 (Lates calcarifer)
LOC108872842,LOC108880082,0.0962904260398759,0.1454266603309778,0.6621236148910226,GCF_001640805.2,尖吻鲈 (Lates calcarifer)
LOC108872795,LOC108872804,0.0120916188206222,0.0211579616154272,0.5714926154231053,GCF_001640805.2,尖吻鲈 (Lates calcarifer)
LOC108872795,LOC108872803,0.0387182740539803,0.0777632141196935,0.4978996109186664,GCF_001640805.2,尖吻鲈 (Lates calcarifer)
LOC108872795,LOC108872802,0.0371658181610481,0.0736651127054784,0.504524011381634,GCF_001640805.2,尖吻鲈 (Lates calcarifer)
LOC108872804,LOC108872803,0.0317387742857532,0.0824155939902024,0.3851064191750691,GCF_001640805.2,尖吻鲈 (Lates calcarifer)
LOC108872804,LOC108872802,0.0400188511048589,0.0977174240252636,0.4095364926373068,GCF_001640805.2,尖吻鲈 (Lates calcarifer)
LOC108872803,LOC108872802,0.0424265578275451,0.1190536549934015,0.3563650173520216,GCF_001640805.2,尖吻鲈 (Lates calcarifer)
LOC108880078,LOC108872794,0.1485471230860755,0.4585473979059389,0.3239515124596711,GCF_001640805.2,尖吻鲈 (Lates calcarifer)
LOC108880078,LOC108872840,0.1560590681237496,0.5162872485996198,0.3022717848388567,GCF_001640805.2,尖吻鲈 (Lates calcarifer)
LOC108880078,LOC108872838,0.1747898295088391,0.487268932509903,0.3587132645795897,GCF_001640805.2,尖吻鲈 (Lates calcarifer)
LOC108880082,LOC108872829,0.0026554575206719,0.0086518623466231,0.3069232281195967,GCF_001640805.2,尖吻鲈 (Lates calcarifer)
LOC108880082,LOC108872833,0.0896905603828726,0.1419535848597153,0.6318301892235317,GCF_001640805.2,尖吻鲈 (Lates calcarifer)
LOC108880082,LOC108880077,0.0428589296730297,0.0920694717319585,0.4655064145236407,GCF_001640805.2,尖吻鲈 (Lates calcarifer)
LOC108880063,LOC108872834,0.0173533881668265,0.0542814063913717,0.3196930463022231,GCF_001640805.2,尖吻鲈 (Lates calcarifer)
LOC108880063,LOC108872835,0.0187217209199353,0.0356414498860776,0.525279442328425,GCF_001640805.2,尖吻鲈 (Lates calcarifer)
LOC108880063,LOC108880059,0.017513144179337,0.0453996369216317,0.3857551594425305,GCF_001640805.2,尖吻鲈 (Lates calcarifer)
LOC108880061,LOC108872836,0.1100882068191016,0.2558154954712093,0.4303422144789172,GCF_001640805.2,尖吻鲈 (Lates calcarifer)
LOC108880061,LOC108880063,0.1115868637139953,0.2560396885677313,0.435818619910861,GCF_001640805.2,尖吻鲈 (Lates calcarifer)
LOC108880061,LOC108872834,0.1100421991208374,0.2674801205438305,0.4114032807264472,GCF_001640805.2,尖吻鲈 (Lates calcarifer)
LOC108880061,LOC108872835,0.1116756093110236,0.242010682440999,0.4614490905303304,GCF_001640805.2,尖吻鲈 (Lates calcarifer)
LOC108877217,LOC108877219,0.2344552095784723,0.5232110983647451,0.4481082498273518,GCF_001640805.2,尖吻鲈 (Lates calcarifer)
LOC108874176,LOC108901667,0.4631041384749978,0.6394340016306582,0.724240714904132,GCF_001640805.2,尖吻鲈 (Lates calcarifer)
LOC108874176,LOC127140876,0.2752491204602759,0.3475764077282741,0.7919096760890003,GCF_001640805.2,尖吻鲈 (Lates calcarifer)
LOC108872829,LOC108872833,0.0897117044488833,0.1418432280875302,0.6324708317659203,GCF_001640805.2,尖吻鲈 (Lates calcarifer)
LOC108872829,LOC108880077,0.0457205248422654,0.1018511558692962,0.4488954931541256,GCF_001640805.2,尖吻鲈 (Lates calcarifer)
LOC108872829,LOC108872838,0.0963131877721838,0.1453126894631828,0.6627995678008993,GCF_001640805.2,尖吻鲈 (Lates calcarifer)
LOC108872836,LOC108872834,0.016007721939152,0.0542404961847195,0.295124917084768,GCF_001640805.2,尖吻鲈 (Lates calcarifer)
LOC108872836,LOC108872835,0.0173727143797234,0.0356149996994908,0.487792068687616,GCF_001640805.2,尖吻鲈 (Lates calcarifer)
LOC108872836,LOC108880059,0.0161549885133754,0.045365300310672,0.35610892913179,GCF_001640805.2,尖吻鲈 (Lates calcarifer)
LOC108872834,LOC108872835,0.0093210254315806,0.0263956860913445,0.3531268480510185,GCF_001640805.2,尖吻鲈 (Lates calcarifer)
LOC108872834,LOC108880059,0.0080483669734992,0.026728886585519,0.3011111947274158,GCF_001640805.2,尖吻鲈 (Lates calcarifer)
LOC108872835,LOC108880059,0.0013366009329475,0.0087784469621459,0.1522593846851503,GCF_001640805.2,尖吻鲈 (Lates calcarifer)
dnase1l1,LOC108887404,0.0,0.0045523660253067,0.0,GCF_001640805.2,尖吻鲈 (Lates calcarifer)
LOC108886421,LOC108903070,0.0013043481548452,0.0091604192204534,0.1423895701119092,GCF_001640805.2,尖吻鲈 (Lates calcarifer)
LOC108892851,LOC108892855,0.0961114210209422,0.0787918833694462,1.2198137284050783,GCF_001640805.2,尖吻鲈 (Lates calcarifer)
LOC108892851,LOC108892870,0.1463493763007071,0.1646914680009643,0.8886275535527447,GCF_001640805.2,尖吻鲈 (Lates calcarifer)
LOC108892851,LOC108892854,0.28262734535743,0.3720581229535404,0.7596322400216007,GCF_001640805.2,尖吻鲈 (Lates calcarifer)
LOC108893196,LOC127138924,0.029389334449245,0.0460974558228514,0.6375478629923903,GCF_001640805.2,尖吻鲈 (Lates calcarifer)
LOC108893196,LOC108893757,0.0375581374922065,0.0415490845423412,0.9039462097879052,GCF_001640805.2,尖吻鲈 (Lates calcarifer)
LOC127138924,LOC108893757,0.0287212298626676,0.0342525276248912,0.8385141726532316,GCF_001640805.2,尖吻鲈 (Lates calcarifer)
LOC108893193,LOC127138924,0.075268840911268,0.128652413338044,0.585055802361775,GCF_001640805.2,尖吻鲈 (Lates calcarifer)
LOC108893193,LOC108893757,0.0715695964163302,0.1106496409707018,0.646812730601454,GCF_001640805.2,尖吻鲈 (Lates calcarifer)
LOC108893193,LOC108893198,0.0666647364053904,0.1897995942639359,0.3512375074558183,GCF_001640805.2,尖吻鲈 (Lates calcarifer)
LOC108893193,LOC108893194,0.078742781068998,0.1376508099143729,0.5720473502333968,GCF_001640805.2,尖吻鲈 (Lates calcarifer)
LOC108903070,LOC108903062,0.0,0.0052910272349174,0.0,GCF_001640805.2,尖吻鲈 (Lates calcarifer)
LOC127142583,LOC108890971,0.0923483704732687,0.1611105195460344,0.573198886909938,GCF_001640805.2,尖吻鲈 (Lates calcarifer)
LOC127142583,LOC108890955,0.1442213500014541,0.260485185906897,0.553664307240113,GCF_001640805.2,尖吻鲈 (Lates calcarifer)
LOC108884314,LOC108884315,0.2437908113624151,0.2556581475668466,0.9535812321360556,GCF_001640805.2,尖吻鲈 (Lates calcarifer)
LOC108872839,LOC108872794,0.1485471230860755,0.4585473979059389,0.3239515124596711,GCF_001640805.2,尖吻鲈 (Lates calcarifer)
LOC108872839,LOC108872840,0.1560590681237496,0.5162872485996198,0.3022717848388567,GCF_001640805.2,尖吻鲈 (Lates calcarifer)
LOC108872839,LOC108872838,0.1747898295088391,0.487268932509903,0.3587132645795897,GCF_001640805.2,尖吻鲈 (Lates calcarifer)
LOC108872806,LOC108880060,0.0593885540766795,0.1644211941711746,0.3611976812116551,GCF_001640805.2,尖吻鲈 (Lates calcarifer)
LOC108872806,LOC108872796,0.0593608897707695,0.1700410294965701,0.3490974498714554,GCF_001640805.2,尖吻鲈 (Lates calcarifer)
LOC108872806,LOC108872836,0.1257526831005078,0.3138322048926583,0.4007003779090156,GCF_001640805.2,尖吻鲈 (Lates calcarifer)
LOC108872806,LOC108880063,0.1272913422055269,0.3141116083357259,0.4052424005593468,GCF_001640805.2,尖吻鲈 (Lates calcarifer)
LOC108872794,LOC108872840,0.1393941112713512,0.3947602497514599,0.3531108093054287,GCF_001640805.2,尖吻鲈 (Lates calcarifer)
LOC108872794,LOC108872838,0.1830551572392358,0.4018701944785553,0.4555081709325524,GCF_001640805.2,尖吻鲈 (Lates calcarifer)
LOC108897633,LOC108897628,0.0530453572845131,0.0594370287406053,0.8924631397039265,GCF_001640805.2,尖吻鲈 (Lates calcarifer)
LOC108897633,LOC108879794,0.0242906412411859,0.034148538605965,0.7113230092061059,GCF_001640805.2,尖吻鲈 (Lates calcarifer)
LOC108897633,LOC108879793,0.0766079973350697,0.0920189790070996,0.8325238788963212,GCF_001640805.2,尖吻鲈 (Lates calcarifer)
LOC108897628,LOC108897626,0.0613305368569227,0.1071688765380646,0.5722793672763673,GCF_001640805.2,尖吻鲈 (Lates calcarifer)
LOC108879793,LOC108897626,0.0054262049940362,0.0207625715613125,0.261345516763782,GCF_001640805.2,尖吻鲈 (Lates calcarifer)
LOC108879793,LOC108897628,0.0642292096805258,0.1216789995362245,0.5278578055813516,GCF_001640805.2,尖吻鲈 (Lates calcarifer)
LOC108879793,LOC127142155,0.0795635325174605,0.087498963598819,0.9093082848644676,GCF_001640805.2,尖吻鲈 (Lates calcarifer)
LOC108874259,LOC108884985,0.0562623106785974,0.0591566144039176,0.951073878137142,GCF_001640805.2,尖吻鲈 (Lates calcarifer)
LOC108900661,LOC127140512,0.0,0.0044510516398609,0.0,GCF_001640805.2,尖吻鲈 (Lates calcarifer)
LOC108900661,LOC108895225,0.2108976507070619,0.5430689883070241,0.3883441243156219,GCF_001640805.2,尖吻鲈 (Lates calcarifer)
LOC108900533,LOC127140512,0.0,0.0044510516398609,0.0,GCF_001640805.2,尖吻鲈 (Lates calcarifer)
LOC108900533,LOC108895225,0.2108976507070619,0.5430689883070241,0.3883441243156219,GCF_001640805.2,尖吻鲈 (Lates calcarifer)
LOC108900532,LOC127140512,0.0,0.0044510516398609,0.0,GCF_001640805.2,尖吻鲈 (Lates calcarifer)
LOC108900532,LOC108895225,0.2108976507070619,0.5430689883070241,0.3883441243156219,GCF_001640805.2,尖吻鲈 (Lates calcarifer)
LOC108892852,LOC108892853,0.0349387811120177,0.1489593574233213,0.2345524424674219,GCF_001640805.2,尖吻鲈 (Lates calcarifer)
cacng2a,LOC108889066,0.0461215662616179,0.7036202930730898,0.065548942683532,GCF_001640805.2,尖吻鲈 (Lates calcarifer)
LOC108891840,LOC108891836,0.1522748882725104,0.6822838205820835,0.2231840821648073,GCF_001640805.2,尖吻鲈 (Lates calcarifer)
LOC108891840,LOC108891937,0.1581967846175207,0.7146543644131453,0.2213612516694382,GCF_001640805.2,尖吻鲈 (Lates calcarifer)
LOC108891840,LOC108891838,0.1607246448883178,0.709232207915011,0.2266178031604254,GCF_001640805.2,尖吻鲈 (Lates calcarifer)
LOC108897626,LOC108897633,0.0796579345978474,0.1059024823983613,0.7521819394016397,GCF_001640805.2,尖吻鲈 (Lates calcarifer)
LOC108897626,LOC127142155,0.0826261629194471,0.1013268636424227,0.81544182805293,GCF_001640805.2,尖吻鲈 (Lates calcarifer)
LOC108875521,LOC108874520,0.0025945971822445,0.014504883997525,0.1788774858652626,GCF_001640805.2,尖吻鲈 (Lates calcarifer)
LOC108875521,LOC108891278,0.0025945971822445,0.014504883997525,0.1788774858652626,GCF_001640805.2,尖吻鲈 (Lates calcarifer)
LOC108875521,LOC108874513,0.003895269522105,0.0194028605890227,0.2007574864661371,GCF_001640805.2,尖吻鲈 (Lates calcarifer)
LOC108875521,LOC108874531,0.0038927423030195,0.0145400353501425,0.2677257798401007,GCF_001640805.2,尖吻鲈 (Lates calcarifer)
LOC108874531,LOC108874513,0.0025934756770126,0.00481156421715,0.539008846181169,GCF_001640805.2,尖吻鲈 (Lates calcarifer)
LOC108874520,LOC108874513,0.0012964566754633,0.0048000163841006,0.2700942187942595,GCF_001640805.2,尖吻鲈 (Lates calcarifer)
LOC108874513,LOC108891278,0.0012964566754633,0.0048000163841006,0.2700942187942595,GCF_001640805.2,尖吻鲈 (Lates calcarifer)
LOC108902358,LOC108885845,0.0013339265410523,0.0087210284963393,0.1529551866058281,GCF_001640805.2,尖吻鲈 (Lates calcarifer)
LOC108902353,LOC108902351,0.0130021504507625,0.0226147786280155,0.574940425667277,GCF_001640805.2,尖吻鲈 (Lates calcarifer)
LOC108902353,LOC108885867,0.0130021504507625,0.0124794892529735,1.0418816176843522,GCF_001640805.2,尖吻鲈 (Lates calcarifer)
LOC108891299,LOC108891297,0.1874427056044225,0.3915409416140976,0.4787307933410598,GCF_001640805.2,尖吻鲈 (Lates calcarifer)
LOC108888437,LOC108874504,0.2054596715558276,0.2780846625902056,0.7388385596029778,GCF_001640805.2,尖吻鲈 (Lates calcarifer)
LOC108888437,LOC108892074,0.3070018902450142,0.4097328067502667,0.7492733927750451,GCF_001640805.2,尖吻鲈 (Lates calcarifer)
LOC108888437,LOC108891439,0.3667564199236205,0.550825637419667,0.6658303372400831,GCF_001640805.2,尖吻鲈 (Lates calcarifer)
LOC108893199,LOC108893250,0.1477441441064112,0.498130409757524,0.2965973191203663,GCF_001640805.2,尖吻鲈 (Lates calcarifer)
LOC108893198,LOC108893194,0.0825885544983199,0.2355121523875046,0.3506764031540554,GCF_001640805.2,尖吻鲈 (Lates calcarifer)
LOC108893198,LOC108893757,0.0806892752069256,0.1964889459310701,0.4106555451482347,GCF_001640805.2,尖吻鲈 (Lates calcarifer)
LOC108893192,LOC108893190,0.0575472747830589,0.2235731326401029,0.2573979892105179,GCF_001640805.2,尖吻鲈 (Lates calcarifer)
LOC108893192,LOC108893188,0.1094749245944144,0.2694899814950785,0.406230034924002,GCF_001640805.2,尖吻鲈 (Lates calcarifer)
LOC108893192,LOC108893189,0.1094749245944144,0.2694899814950785,0.406230034924002,GCF_001640805.2,尖吻鲈 (Lates calcarifer)
LOC108893192,LOC108893186,0.1109874242921676,0.2697332814828719,0.4114710045494159,GCF_001640805.2,尖吻鲈 (Lates calcarifer)
LOC108873604,LOC108873564,0.0454300079614879,0.0689705540459345,0.6586870091145198,GCF_001640805.2,尖吻鲈 (Lates calcarifer)
LOC108901457,LOC108901461,0.0809416627985502,0.1307308320528005,0.6191474614485656,GCF_001640805.2,尖吻鲈 (Lates calcarifer)
LOC108901457,LOC108901455,0.072756464216597,0.114691615576183,0.6343660245004492,GCF_001640805.2,尖吻鲈 (Lates calcarifer)
LOC108901457,LOC108901459,0.0612085015846221,0.1196163041218018,0.5117070121335243,GCF_001640805.2,尖吻鲈 (Lates calcarifer)
LOC108890971,LOC127138965,0.1276306119957686,0.2586629727055847,0.4934243609000826,GCF_001640805.2,尖吻鲈 (Lates calcarifer)
LOC108890971,LOC108890955,0.1476109230723913,0.2447706952626688,0.603057988269334,GCF_001640805.2,尖吻鲈 (Lates calcarifer)
LOC108875879,LOC108875881,0.1156721697994825,0.3577562838447785,0.3233267311376419,GCF_001640805.2,尖吻鲈 (Lates calcarifer)
LOC108875879,LOC108875880,0.1311801115669757,0.4989676695427333,0.2629030287417069,GCF_001640805.2,尖吻鲈 (Lates calcarifer)
LOC108886914,LOC108886909,0.0653057406563824,0.14397693625288,0.4535847362502557,GCF_001640805.2,尖吻鲈 (Lates calcarifer)
pcbp3,LOC108887754,0.1041358352588032,0.1529594072401306,0.680807000613703,GCF_001640805.2,尖吻鲈 (Lates calcarifer)
LOC108880060,LOC108872796,0.0,0.0043290163478416,0.0,GCF_001640805.2,尖吻鲈 (Lates calcarifer)
LOC108880060,LOC108872836,0.1243004376682298,0.3445277797082748,0.3607849496881786,GCF_001640805.2,尖吻鲈 (Lates calcarifer)
LOC108880060,LOC108880063,0.1258466958081895,0.3448468174257564,0.3649350652200339,GCF_001640805.2,尖吻鲈 (Lates calcarifer)
LOC108901806,LOC108891441,0.0099470954088078,0.030283616957548,0.3284645761684216,GCF_001640805.2,尖吻鲈 (Lates calcarifer)
LOC108901806,LOC108895780,0.179048796242479,0.3717553640590407,0.4816307000590936,GCF_001640805.2,尖吻鲈 (Lates calcarifer)
LOC108901806,LOC108897217,0.1949183510245363,0.3750695011073265,0.5196859527342914,GCF_001640805.2,尖吻鲈 (Lates calcarifer)
LOC108891441,LOC108895780,0.1800634980022711,0.3740419511960596,0.4813992051599799,GCF_001640805.2,尖吻鲈 (Lates calcarifer)
LOC108891441,LOC108901804,0.1868360185216617,0.3943814507047153,0.4737444374927034,GCF_001640805.2,尖吻鲈 (Lates calcarifer)
LOC108890945,LOC108882584,0.0,0.004231322930001,0.0,GCF_001640805.2,尖吻鲈 (Lates calcarifer)
LOC108878068,LOC108878073,0.0065717835592395,0.009411888220873,0.6982428398018,GCF_001640805.2,尖吻鲈 (Lates calcarifer)
LOC108878068,LOC108878064,0.0158841145453842,0.0382553039317156,0.4152133929908607,GCF_001640805.2,尖吻鲈 (Lates calcarifer)
LOC108878064,LOC108878073,0.0118788228875376,0.0285295886647673,0.4163685297786078,GCF_001640805.2,尖吻鲈 (Lates calcarifer)
LOC108872796,LOC108872836,0.1242403270225907,0.3521378472007607,0.3528173072284357,GCF_001640805.2,尖吻鲈 (Lates calcarifer)
LOC108872796,LOC108880063,0.1257857864667616,0.3524661998140632,0.356873330075671,GCF_001640805.2,尖吻鲈 (Lates calcarifer)
LOC108880077,LOC108872833,0.0963737116162877,0.1508589779393176,0.6388331203930978,GCF_001640805.2,尖吻鲈 (Lates calcarifer)
LOC108880077,LOC108880081,0.0961659369846202,0.1952704069504408,0.4924757339652954,GCF_001640805.2,尖吻鲈 (Lates calcarifer)
LOC108892854,LOC108892870,0.1450824986587774,0.2644928721904853,0.5485308449230735,GCF_001640805.2,尖吻鲈 (Lates calcarifer)
LOC108892854,LOC108892855,0.2101903719136997,0.2992884014605608,0.7023004262375263,GCF_001640805.2,尖吻鲈 (Lates calcarifer)
LOC108902861,LOC108902855,0.1286087267256261,0.3472537099302718,0.3703595470627244,GCF_001640805.2,尖吻鲈 (Lates calcarifer)
LOC108902861,LOC108902856,0.1503753772305277,0.3740781581550442,0.4019891938416828,GCF_001640805.2,尖吻鲈 (Lates calcarifer)
LOC108902861,LOC108902887,0.1476861168767594,0.4515788739781086,0.3270439017125475,GCF_001640805.2,尖吻鲈 (Lates calcarifer)
LOC108902861,LOC108902865,0.1503986011300334,0.4127540830024656,0.3643782274326648,GCF_001640805.2,尖吻鲈 (Lates calcarifer)
LOC108895225,LOC108895216,0.0618834264126486,0.1212680790754094,0.510302685459106,GCF_001640805.2,尖吻鲈 (Lates calcarifer)
LOC108895225,LOC127139597,0.0910206427532007,0.1589851126402182,0.5725104775009943,GCF_001640805.2,尖吻鲈 (Lates calcarifer)
LOC108882208,zgc_153012,0.0041284507914968,0.0082645464372079,0.4995374910001195,GCF_001640805.2,尖吻鲈 (Lates calcarifer)
LOC108889236,LOC108902897,0.0013149247286681,0.0240984586370948,0.0545646818524767,GCF_001640805.2,尖吻鲈 (Lates calcarifer)
LOC108889236,LOC108889237,0.0256666199385445,0.0646094630349006,0.3972579051567109,GCF_001640805.2,尖吻鲈 (Lates calcarifer)
LOC108889236,LOC108902898,0.0325695678862084,0.0698178172995089,0.4664936422530862,GCF_001640805.2,尖吻鲈 (Lates calcarifer)
LOC108889236,LOC108902888,0.1281138641067461,0.4955692432883559,0.2585185942062203,GCF_001640805.2,尖吻鲈 (Lates calcarifer)
LOC108876006,LOC108876005,0.0429565245488235,0.0698178172995089,0.6152659336877565,GCF_001640805.2,尖吻鲈 (Lates calcarifer)
LOC108902897,LOC108889237,0.027060432423362,0.0801428943262409,0.3376522978220129,GCF_001640805.2,尖吻鲈 (Lates calcarifer)
LOC108902897,LOC108902898,0.0339808967501681,0.0961719995331456,0.353334618341346,GCF_001640805.2,尖吻鲈 (Lates calcarifer)
LOC108902897,LOC108902888,0.1298540668587148,0.4842933765062528,0.268130999014475,GCF_001640805.2,尖吻鲈 (Lates calcarifer)
LOC108900095,LOC108894781,0.034873249365045,0.0338657981104081,1.029748339352656,GCF_001640805.2,尖吻鲈 (Lates calcarifer)
LOC108900095,LOC108900097,0.1500260740447689,0.1499823690245063,1.000291401052983,GCF_001640805.2,尖吻鲈 (Lates calcarifer)
LOC108900095,LOC108894777,0.160564328530095,0.1813767632447714,0.8852530261189541,GCF_001640805.2,尖吻鲈 (Lates calcarifer)
stpg1,LOC108903143,0.0,0.013493617344781,0.0,GCF_001640805.2,尖吻鲈 (Lates calcarifer)
LOC108872840,LOC108872833,0.1694865323575413,0.517726671320785,0.3273668167899486,GCF_001640805.2,尖吻鲈 (Lates calcarifer)
LOC127140862,LOC108873925,0.0654542955657987,0.0833687790332613,0.7851175982760245,GCF_001640805.2,尖吻鲈 (Lates calcarifer)
LOC127140862,LOC127140274,0.0668275709713903,0.0783084740178705,0.8533887527439226,GCF_001640805.2,尖吻鲈 (Lates calcarifer)
LOC108897944,LOC108873925,0.0670558017547035,0.0832178029394876,0.8057867353631482,GCF_001640805.2,尖吻鲈 (Lates calcarifer)
LOC108897944,LOC127140274,0.0684342146372995,0.0781676294030633,0.8754802359992985,GCF_001640805.2,尖吻鲈 (Lates calcarifer)
LOC127140275,LOC108873925,0.0670558017547035,0.0832178029394876,0.8057867353631482,GCF_001640805.2,尖吻鲈 (Lates calcarifer)
LOC127140275,LOC127140274,0.0684342146372995,0.0781676294030633,0.8754802359992985,GCF_001640805.2,尖吻鲈 (Lates calcarifer)
LOC108902838,LOC108889194,0.0946601724139934,0.3415634001520089,0.2771379262879631,GCF_001640805.2,尖吻鲈 (Lates calcarifer)
LOC108902838,LOC108902872,0.0946601724139934,0.3415634001520089,0.2771379262879631,GCF_001640805.2,尖吻鲈 (Lates calcarifer)
LOC108902838,LOC108902873,0.0949513831954787,0.2114937603959646,0.448955955096302,GCF_001640805.2,尖吻鲈 (Lates calcarifer)
LOC108902838,LOC108902833,0.1157095113695668,0.4385944880171352,0.2638188908681549,GCF_001640805.2,尖吻鲈 (Lates calcarifer)
LOC108893190,LOC108893188,0.1248651177809419,0.3652612313042037,0.3418515491915138,GCF_001640805.2,尖吻鲈 (Lates calcarifer)
LOC108893190,LOC108893189,0.1248651177809419,0.3652612313042037,0.3418515491915138,GCF_001640805.2,尖吻鲈 (Lates calcarifer)
LOC108893190,LOC108893186,0.1264158678447364,0.3656159408185083,0.3457613679582129,GCF_001640805.2,尖吻鲈 (Lates calcarifer)
LOC108896409,LOC108880262,0.3324885854436916,0.3528937882506263,0.9421774950812032,GCF_001640805.2,尖吻鲈 (Lates calcarifer)
LOC108895216,LOC127139597,0.0885083728990694,0.157469759710562,0.5620658408430459,GCF_001640805.2,尖吻鲈 (Lates calcarifer)
LOC108895216,LOC108900661,0.2113486071005475,0.529558416396666,0.3991034804784157,GCF_001640805.2,尖吻鲈 (Lates calcarifer)
LOC108895216,LOC108900533,0.2113486071005475,0.529558416396666,0.3991034804784157,GCF_001640805.2,尖吻鲈 (Lates calcarifer)
LOC108895254,rce1a,0.0013642568563885,0.0043165586779654,0.3160519659683096,GCF_001640805.2,尖吻鲈 (Lates calcarifer)
LOC108889243,LOC108902868,0.0053345412717347,0.0094266755513352,0.5658984700050634,GCF_001640805.2,尖吻鲈 (Lates calcarifer)
LOC108889243,LOC108889240,0.0093563253947545,0.0094415094212636,0.9909777110090822,GCF_001640805.2,尖吻鲈 (Lates calcarifer)
LOC108889243,LOC108902877,0.1240870159418005,0.3743144208641004,0.3315047698545706,GCF_001640805.2,尖吻鲈 (Lates calcarifer)
LOC108889242,LOC108902868,0.0053345412717347,0.0094266755513352,0.5658984700050634,GCF_001640805.2,尖吻鲈 (Lates calcarifer)
LOC108889242,LOC108889240,0.0093563253947545,0.0094415094212636,0.9909777110090822,GCF_001640805.2,尖吻鲈 (Lates calcarifer)
LOC108889242,LOC108902877,0.1240870159418005,0.3743144208641004,0.3315047698545706,GCF_001640805.2,尖吻鲈 (Lates calcarifer)
LOC108889240,LOC108902868,0.0039982324808857,0.0094192760823703,0.4244734357419527,GCF_001640805.2,尖吻鲈 (Lates calcarifer)
LOC108889240,LOC108902877,0.1208639064646815,0.3735344228396932,0.3235683221531413,GCF_001640805.2,尖吻鲈 (Lates calcarifer)
LOC108876008,LOC108876039,0.0336286887963912,0.1548478965866656,0.2171723965108551,GCF_001640805.2,尖吻鲈 (Lates calcarifer)
LOC108902868,LOC108902877,0.1241811896157885,0.3731456665960189,0.3327954756881354,GCF_001640805.2,尖吻鲈 (Lates calcarifer)
LOC108892419,LOC108898040,0.0013623981947984,0.0047694914312193,0.2856485255179726,GCF_001640805.2,尖吻鲈 (Lates calcarifer)
LOC108872802,LOC108872843,0.1827323149036638,0.6696193787607995,0.272889824726741,GCF_001640805.2,尖吻鲈 (Lates calcarifer)
LOC108892714,LOC108887054,0.1753954452703043,0.1762059499079434,0.9954002425113192,GCF_001640805.2,尖吻鲈 (Lates calcarifer)
LOC108892714,LOC108892715,0.2847379211956519,0.4358482997177866,0.6532959320479643,GCF_001640805.2,尖吻鲈 (Lates calcarifer)
LOC108892714,LOC108887006,0.1621866749591659,0.1400012548343769,1.1584658662598033,GCF_001640805.2,尖吻鲈 (Lates calcarifer)
LOC108891297,LOC108891586,0.1506451208770688,0.3033086641950399,0.4966726594404104,GCF_001640805.2,尖吻鲈 (Lates calcarifer)
LOC108891297,LOC108891587,0.1495090797623873,0.3203488007974329,0.4667071622875432,GCF_001640805.2,尖吻鲈 (Lates calcarifer)
LOC108891297,LOC108891307,0.1513697596536116,0.3256926453968755,0.4647625968623231,GCF_001640805.2,尖吻鲈 (Lates calcarifer)
LOC127139597,LOC108900661,0.2196672148728981,0.5124711630876992,0.4286430743719845,GCF_001640805.2,尖吻鲈 (Lates calcarifer)
LOC127139597,LOC108900533,0.2196672148728981,0.5124711630876992,0.4286430743719845,GCF_001640805.2,尖吻鲈 (Lates calcarifer)
LOC108889237,LOC108902898,0.0066785837572197,0.014354505158023,0.4652604658745052,GCF_001640805.2,尖吻鲈 (Lates calcarifer)
LOC108889237,LOC108902888,0.1299522315856379,0.4458110193603984,0.2914962303356238,GCF_001640805.2,尖吻鲈 (Lates calcarifer)
LOC108902898,LOC108902888,0.1349086516433391,0.4732391647596524,0.2850749931313403,GCF_001640805.2,尖吻鲈 (Lates calcarifer)
LOC108887482,LOC108887501,0.3191874264891559,0.3659532134797695,0.8722082898359386,GCF_001640805.2,尖吻鲈 (Lates calcarifer)
LOC108887482,LOC108887455,0.4572420972585947,0.5267411676269891,0.8680584039377572,GCF_001640805.2,尖吻鲈 (Lates calcarifer)
LOC108890955,LOC108890988,0.1509008402337979,0.2529745890409422,0.5965059210329448,GCF_001640805.2,尖吻鲈 (Lates calcarifer)
LOC108890955,LOC108890970,0.1555088112438381,0.3521515161212807,0.4415963133047567,GCF_001640805.2,尖吻鲈 (Lates calcarifer)
LOC108891302,LOC108891304,0.0133837784943722,0.0104531308828362,1.280360749748967,GCF_001640805.2,尖吻鲈 (Lates calcarifer)
LOC108891302,LOC108891297,0.1729250970649932,0.4112430633995689,0.4204936507268866,GCF_001640805.2,尖吻鲈 (Lates calcarifer)
LOC108891302,LOC108891301,0.1649183083652048,0.3658072293900243,0.4508339232119674,GCF_001640805.2,尖吻鲈 (Lates calcarifer)
LOC108891302,LOC108891295,0.1889333152573682,0.4080279617608,0.4630401172558058,GCF_001640805.2,尖吻鲈 (Lates calcarifer)
LOC108891295,LOC108891297,0.1429850650306001,0.3646992589836016,0.3920629436678655,GCF_001640805.2,尖吻鲈 (Lates calcarifer)
LOC108891295,LOC108891309,0.1646120480156486,0.2498951588696356,0.6587244377211917,GCF_001640805.2,尖吻鲈 (Lates calcarifer)
LOC108891295,LOC108891310,0.1635956890312946,0.2844264320636795,0.5751775172381574,GCF_001640805.2,尖吻鲈 (Lates calcarifer)
LOC108891295,LOC108891307,0.1647524976387986,0.2605751704019842,0.632264760240349,GCF_001640805.2,尖吻鲈 (Lates calcarifer)
LOC108887116,LOC108887010,0.0013492245599593,0.0185624324080204,0.0726857628516619,GCF_001640805.2,尖吻鲈 (Lates calcarifer)
LOC108887116,LOC108887033,0.3170790453798212,0.3191053341126258,0.9936500944478432,GCF_001640805.2,尖吻鲈 (Lates calcarifer)
LOC108902839,LOC108889194,0.0760482593228141,0.3170642046918573,0.2398512925693475,GCF_001640805.2,尖吻鲈 (Lates calcarifer)
LOC108902839,LOC108902872,0.0760482593228141,0.3170642046918573,0.2398512925693475,GCF_001640805.2,尖吻鲈 (Lates calcarifer)
LOC108902839,LOC108902874,0.0632862067667883,0.1340188415575318,0.4722187270930911,GCF_001640805.2,尖吻鲈 (Lates calcarifer)
LOC108902839,LOC108902870,0.0970511394851957,0.3299096595469188,0.2941748950863725,GCF_001640805.2,尖吻鲈 (Lates calcarifer)
LOC108893174,LOC108893173,0.0190919399950114,0.0474842095607451,0.4020692388400756,GCF_001640805.2,尖吻鲈 (Lates calcarifer)
LOC108876300,LOC108872868,0.0413533146994566,0.2086249121952086,0.1982184882156485,GCF_001640805.2,尖吻鲈 (Lates calcarifer)
LOC108876300,LOC108876838,0.026608675479048,0.0561784458879058,0.4736456314961257,GCF_001640805.2,尖吻鲈 (Lates calcarifer)
LOC108876300,LOC108883261,0.0621617767242303,0.1225573243207487,0.5072057265345051,GCF_001640805.2,尖吻鲈 (Lates calcarifer)
LOC108876300,LOC108895163,0.0888578776853981,0.2442330790097248,0.3638240898640105,GCF_001640805.2,尖吻鲈 (Lates calcarifer)
LOC108887010,LOC108887033,0.3191990910163329,0.3194208139833139,0.9993058593639657,GCF_001640805.2,尖吻鲈 (Lates calcarifer)
LOC108887033,LOC108892264,0.1354549385029936,0.199029574991338,0.68057693691447,GCF_001640805.2,尖吻鲈 (Lates calcarifer)
LOC108885551,LOC108885549,0.0237658506940038,0.0517846632175275,0.4589360868134373,GCF_001640805.2,尖吻鲈 (Lates calcarifer)
LOC108890988,LOC127142583,0.1545625714266762,0.3075791157484995,0.5025132185927037,GCF_001640805.2,尖吻鲈 (Lates calcarifer)
LOC108890988,LOC108890971,0.1638059599262818,0.3432279845277787,0.4772511779645531,GCF_001640805.2,尖吻鲈 (Lates calcarifer)
LOC108891304,LOC108891297,0.1722935250669807,0.4140514367250291,0.4161162352913186,GCF_001640805.2,尖吻鲈 (Lates calcarifer)
LOC108891304,LOC108891301,0.1729656550560006,0.3330931359434356,0.5192711478911197,GCF_001640805.2,尖吻鲈 (Lates calcarifer)
LOC108891304,LOC108891295,0.1878874964880813,0.3949689066976044,0.4757019940102057,GCF_001640805.2,尖吻鲈 (Lates calcarifer)
LOC108892855,LOC108892870,0.132121279426171,0.1625653149115789,0.8127273612949555,GCF_001640805.2,尖吻鲈 (Lates calcarifer)
LOC108902833,LOC108902870,0.0399212547760389,0.1289451820211709,0.3095986538642792,GCF_001640805.2,尖吻鲈 (Lates calcarifer)
LOC108902833,LOC108889194,0.0759958395366158,0.3286080542483889,0.2312659064624506,GCF_001640805.2,尖吻鲈 (Lates calcarifer)
LOC108902833,LOC108902872,0.0759958395366158,0.3286080542483889,0.2312659064624506,GCF_001640805.2,尖吻鲈 (Lates calcarifer)
LOC108902833,LOC108902839,0.1061684686044666,0.4426093890578572,0.2398694452245081,GCF_001640805.2,尖吻鲈 (Lates calcarifer)
si_dkey-103j14.5,LOC108892800,0.0194128484703934,0.0142184353084606,1.3653294507618532,GCF_001640805.2,尖吻鲈 (Lates calcarifer)
LOC108878742,LOC108878743,0.0443658168649977,0.1308817627928706,0.3389763089851537,GCF_001640805.2,尖吻鲈 (Lates calcarifer)
LOC108901455,LOC108901461,0.0607560948379583,0.1016939808281173,0.5974404221686231,GCF_001640805.2,尖吻鲈 (Lates calcarifer)
LOC108901455,LOC108901459,0.0505718621330764,0.0550588437187401,0.9185057062116164,GCF_001640805.2,尖吻鲈 (Lates calcarifer)
LOC108875791,LOC108875793,0.2056212020588874,0.4381176726386553,0.4693287098429304,GCF_001640805.2,尖吻鲈 (Lates calcarifer)
LOC108873823,LOC108892671,0.0,0.0360309442508798,0.0,GCF_001640805.2,尖吻鲈 (Lates calcarifer)
LOC108873823,LOC108873832,0.0045702514737554,0.0071958685453206,0.6351215902529836,GCF_001640805.2,尖吻鲈 (Lates calcarifer)
LOC127140521,LOC127140515,0.0013544021739463,0.0046656449063267,0.2902925964446504,GCF_001640805.2,尖吻鲈 (Lates calcarifer)
LOC127140521,LOC108872863,0.3410731424349926,0.41317196598182,0.8254992364365789,GCF_001640805.2,尖吻鲈 (Lates calcarifer)
LOC127140521,LOC108901332,0.289896849816519,0.4375048069658849,0.6626140906358639,GCF_001640805.2,尖吻鲈 (Lates calcarifer)
LOC127140515,LOC127143405,0.0013544021739463,0.0046656449063267,0.2902925964446504,GCF_001640805.2,尖吻鲈 (Lates calcarifer)
LOC127140515,LOC108872863,0.3410731424349926,0.41317196598182,0.8254992364365789,GCF_001640805.2,尖吻鲈 (Lates calcarifer)
LOC127140515,LOC108901332,0.292820423057718,0.4259470658624898,0.6874573075525078,GCF_001640805.2,尖吻鲈 (Lates calcarifer)
LOC108897220,LOC108895776,0.0040825684840748,0.0046189522434052,0.8838732831463629,GCF_001640805.2,尖吻鲈 (Lates calcarifer)
LOC108897220,LOC108895779,0.0297205437934999,0.0601766090688529,0.4938886430023706,GCF_001640805.2,尖吻鲈 (Lates calcarifer)
LOC108891587,LOC108891307,0.0070356988753242,0.0126053387372858,0.5581523053016417,GCF_001640805.2,尖吻鲈 (Lates calcarifer)
LOC108891587,LOC108891309,0.0126823125228452,0.0256070391947532,0.4952666501734341,GCF_001640805.2,尖吻鲈 (Lates calcarifer)
LOC108891587,LOC108891586,0.0155519238593837,0.0298334785926893,0.521290999005215,GCF_001640805.2,尖吻鲈 (Lates calcarifer)
LOC108891587,LOC108891308,0.0212729930959346,0.0386628188825292,0.5502183676924641,GCF_001640805.2,尖吻鲈 (Lates calcarifer)
LOC108891586,LOC108891309,0.0056101243351229,0.012694238162507,0.4419425776721803,GCF_001640805.2,尖吻鲈 (Lates calcarifer)
LOC108891586,LOC108891307,0.0141380246780982,0.0340967805575679,0.4146439765545623,GCF_001640805.2,尖吻鲈 (Lates calcarifer)
LOC108891586,LOC108891308,0.0227128783474119,0.0610358424793848,0.3721236149903782,GCF_001640805.2,尖吻鲈 (Lates calcarifer)
LOC108891585,LOC108891310,0.0069865433025065,0.0303948974249952,0.2298590847278598,GCF_001640805.2,尖吻鲈 (Lates calcarifer)
LOC108891585,LOC108891306,0.0157233543275638,0.060943491752918,0.2579989080919537,GCF_001640805.2,尖吻鲈 (Lates calcarifer)
LOC108891585,LOC108891587,0.0477914529027794,0.1174267955186548,0.4069893306011843,GCF_001640805.2,尖吻鲈 (Lates calcarifer)
LOC108891585,LOC108891307,0.0493282298219279,0.1219920425125906,0.4043561268911197,GCF_001640805.2,尖吻鲈 (Lates calcarifer)
LOC108891310,LOC108891306,0.0228396239597805,0.0566167779352053,0.4034073430656751,GCF_001640805.2,尖吻鲈 (Lates calcarifer)
LOC108891310,LOC108891307,0.044800159555616,0.1176053541938786,0.3809363941182524,GCF_001640805.2,尖吻鲈 (Lates calcarifer)
LOC108891310,LOC108891309,0.0446930552771049,0.1037437307740817,0.4308024681937755,GCF_001640805.2,尖吻鲈 (Lates calcarifer)
LOC108891309,LOC108891308,0.0198078006385646,0.0658799278894608,0.3006651839661982,GCF_001640805.2,尖吻鲈 (Lates calcarifer)
LOC108891309,LOC108891307,0.0141180639342266,0.0386351508375809,0.3654201841628082,GCF_001640805.2,尖吻鲈 (Lates calcarifer)
LOC108891308,LOC108891307,0.0198546219847659,0.0341696102332903,0.5810608271270891,GCF_001640805.2,尖吻鲈 (Lates calcarifer)
LOC108891306,LOC108891587,0.0490559433068441,0.0891255059267687,0.5504141917258983,GCF_001640805.2,尖吻鲈 (Lates calcarifer)
LOC108891306,LOC108891307,0.0476121374341021,0.093593079610341,0.5087142941799463,GCF_001640805.2,尖吻鲈 (Lates calcarifer)
LOC127143405,LOC108872863,0.3410731424349926,0.41317196598182,0.8254992364365789,GCF_001640805.2,尖吻鲈 (Lates calcarifer)
LOC127143405,LOC108901332,0.289896849816519,0.4375048069658849,0.6626140906358639,GCF_001640805.2,尖吻鲈 (Lates calcarifer)
LOC108881993,LOC108877158,0.1500255466688613,0.3151374604366389,0.4760638308787326,GCF_001640805.2,尖吻鲈 (Lates calcarifer)
LOC108895857,LOC108895776,0.1676259518090335,0.5988593555240248,0.2799087135615581,GCF_001640805.2,尖吻鲈 (Lates calcarifer)
LOC108895857,LOC108897220,0.1710665478111162,0.6084866238302388,0.2811344425852851,GCF_001640805.2,尖吻鲈 (Lates calcarifer)
LOC108895779,LOC108895776,0.0283052459871353,0.0552249382825901,0.5125446377557772,GCF_001640805.2,尖吻鲈 (Lates calcarifer)
LOC108895779,LOC108897594,0.0509972934222216,0.0711317029276331,0.7169418321687652,GCF_001640805.2,尖吻鲈 (Lates calcarifer)
LOC108873832,LOC108892671,0.0057762018361596,0.0401433603117784,0.1438893453686489,GCF_001640805.2,尖吻鲈 (Lates calcarifer)
LOC108892823,LOC108894888,0.3450494818477471,0.4113982166331967,0.838723815264843,GCF_001640805.2,尖吻鲈 (Lates calcarifer)
LOC108892823,LOC108873105,0.0675908035264338,0.0566574149852295,1.192973656564716,GCF_001640805.2,尖吻鲈 (Lates calcarifer)
LOC108892823,LOC108872950,0.0791236569672849,0.0539494567709073,1.4666256474699657,GCF_001640805.2,尖吻鲈 (Lates calcarifer)
LOC108875977,LOC108875978,0.0183365973895219,0.0410358753066574,0.4468430916239564,GCF_001640805.2,尖吻鲈 (Lates calcarifer)
LOC108875977,LOC108880240,0.1887352060636789,0.5081846068099303,0.3713910329721364,GCF_001640805.2,尖吻鲈 (Lates calcarifer)
LOC108875977,LOC108875979,0.1925398851358606,0.5155517974522894,0.3734637064351984,GCF_001640805.2,尖吻鲈 (Lates calcarifer)
LOC108875977,LOC108880242,0.192065780275173,0.5261052175023735,0.3650710426081385,GCF_001640805.2,尖吻鲈 (Lates calcarifer)
LOC108902870,LOC108889194,0.0573296392686066,0.2195022104721147,0.2611802366149281,GCF_001640805.2,尖吻鲈 (Lates calcarifer)
LOC108902870,LOC108902872,0.0573296392686066,0.2195022104721147,0.2611802366149281,GCF_001640805.2,尖吻鲈 (Lates calcarifer)
LOC108902886,LOC108902853,0.1171074402172631,0.4790450921909682,0.2444601606952254,GCF_001640805.2,尖吻鲈 (Lates calcarifer)
LOC108902886,LOC108902891,0.1512491896429167,0.5332886466212098,0.2836159940797459,GCF_001640805.2,尖吻鲈 (Lates calcarifer)
LOC108902886,LOC108902889,0.146245581035791,0.4806859363058192,0.3042435194999079,GCF_001640805.2,尖吻鲈 (Lates calcarifer)
LOC108902886,LOC108902904,0.158604096213939,0.4809375036331265,0.3297810942498819,GCF_001640805.2,尖吻鲈 (Lates calcarifer)
LOC108901461,LOC108901459,0.0560553124292994,0.0944891335660539,0.5932461259168306,GCF_001640805.2,尖吻鲈 (Lates calcarifer)
LOC108881936,LOC108887128,0.0434560713646417,0.0680940748721518,0.6381769845060892,GCF_001640805.2,尖吻鲈 (Lates calcarifer)
LOC108881936,LOC108881893,0.1526255517122262,0.1864082575553177,0.8187703362171801,GCF_001640805.2,尖吻鲈 (Lates calcarifer)
LOC108877225,LOC108890194,0.0531638814853374,0.1796030358128972,0.2960076996734137,GCF_001640805.2,尖吻鲈 (Lates calcarifer)
LOC108877225,LOC108890192,0.0531638814853374,0.1796030358128972,0.2960076996734137,GCF_001640805.2,尖吻鲈 (Lates calcarifer)
LOC108877225,LOC108877249,0.0538925557366811,0.1827708675162079,0.2948640364247439,GCF_001640805.2,尖吻鲈 (Lates calcarifer)
LOC108877225,LOC108877251,0.0606997243583301,0.202886534692052,0.2991806452333674,GCF_001640805.2,尖吻鲈 (Lates calcarifer)
LOC108901689,LOC108901729,0.0027341110251837,0.0046620196732545,0.5864649265358138,GCF_001640805.2,尖吻鲈 (Lates calcarifer)
slc25a48,LOC108891008,0.0014873579490405,0.0092308857559476,0.1611284104650813,GCF_001640805.2,尖吻鲈 (Lates calcarifer)
LOC108891843,LOC108881963,0.1132814516949363,0.3243399396193582,0.3492676598135963,GCF_001640805.2,尖吻鲈 (Lates calcarifer)
LOC108891843,LOC108881962,0.1665764586236376,0.3733052881630012,0.4462204632657204,GCF_001640805.2,尖吻鲈 (Lates calcarifer)
LOC108891843,LOC108891844,0.177121218760293,0.415761674456093,0.4260162242996693,GCF_001640805.2,尖吻鲈 (Lates calcarifer)
LOC108877246,LOC108877223,0.0935517661016832,0.3196372354589331,0.2926810637920899,GCF_001640805.2,尖吻鲈 (Lates calcarifer)
LOC108877246,LOC108877254,0.0958231416767737,0.4049215328982773,0.2366461990571542,GCF_001640805.2,尖吻鲈 (Lates calcarifer)
LOC108877246,LOC108877247,0.1029613339499446,0.3912614795488514,0.2631522379066434,GCF_001640805.2,尖吻鲈 (Lates calcarifer)
LOC108877246,LOC108877252,0.1029477651772705,0.4009357369960544,0.2567687429127416,GCF_001640805.2,尖吻鲈 (Lates calcarifer)
LOC108889239,LOC108902910,0.0884015358349886,0.2745570905695002,0.3219787026866496,GCF_001640805.2,尖吻鲈 (Lates calcarifer)
LOC108889239,LOC108902909,0.0899017641721837,0.3032029520178009,0.2965068894411872,GCF_001640805.2,尖吻鲈 (Lates calcarifer)
LOC108889239,LOC108889238,0.0839029011725448,0.2638047815640008,0.3180492054583532,GCF_001640805.2,尖吻鲈 (Lates calcarifer)
LOC108889193,LOC108902875,0.01536009003447,0.0275893176123833,0.5567404837724497,GCF_001640805.2,尖吻鲈 (Lates calcarifer)
LOC108889193,LOC108902837,0.0753711164018824,0.3181608462254147,0.2368962658229874,GCF_001640805.2,尖吻鲈 (Lates calcarifer)
LOC108889193,LOC108889194,0.0828072977719735,0.3846065757735332,0.215303905310066,GCF_001640805.2,尖吻鲈 (Lates calcarifer)
LOC108889193,LOC108902872,0.0828072977719735,0.3846065757735332,0.215303905310066,GCF_001640805.2,尖吻鲈 (Lates calcarifer)
LOC108889192,LOC108902874,0.0323159330067706,0.1354797958433633,0.2385295372317592,GCF_001640805.2,尖吻鲈 (Lates calcarifer)
LOC108889192,LOC108902839,0.0722580068136367,0.197172544193545,0.3664709359468838,GCF_001640805.2,尖吻鲈 (Lates calcarifer)
LOC108889192,LOC108902875,0.0859746641753849,0.1976883906545402,0.4348999144093665,GCF_001640805.2,尖吻鲈 (Lates calcarifer)
LOC108902834,LOC108902874,0.0323159330067706,0.1354797958433633,0.2385295372317592,GCF_001640805.2,尖吻鲈 (Lates calcarifer)
LOC108902834,LOC108902839,0.0722580068136367,0.197172544193545,0.3664709359468838,GCF_001640805.2,尖吻鲈 (Lates calcarifer)
LOC108902834,LOC108902875,0.0859746641753849,0.1976883906545402,0.4348999144093665,GCF_001640805.2,尖吻鲈 (Lates calcarifer)
LOC108902875,LOC108902837,0.0859746641753849,0.3635594332372041,0.2364803559347911,GCF_001640805.2,尖吻鲈 (Lates calcarifer)
LOC108902873,LOC108889194,0.1112040293903693,0.370219636937633,0.3003731252891446,GCF_001640805.2,尖吻鲈 (Lates calcarifer)
LOC108902873,LOC108902872,0.1112040293903693,0.370219636937633,0.3003731252891446,GCF_001640805.2,尖吻鲈 (Lates calcarifer)
LOC108902873,LOC108902833,0.1194738235027323,0.4888416129326203,0.2444019092114404,GCF_001640805.2,尖吻鲈 (Lates calcarifer)
LOC108902874,LOC108889194,0.0992266021273447,0.3474969754045394,0.2855466641452918,GCF_001640805.2,尖吻鲈 (Lates calcarifer)
LOC108902837,LOC108889194,0.085556501838631,0.3987051816551692,0.2145858789280218,GCF_001640805.2,尖吻鲈 (Lates calcarifer)
LOC108902837,LOC108902872,0.085556501838631,0.3987051816551692,0.2145858789280218,GCF_001640805.2,尖吻鲈 (Lates calcarifer)
LOC108902837,LOC108902839,0.0844938122265372,0.2462196385693398,0.3431643906127426,GCF_001640805.2,尖吻鲈 (Lates calcarifer)
LOC108902900,LOC108902910,0.0884015358349886,0.2745570905695002,0.3219787026866496,GCF_001640805.2,尖吻鲈 (Lates calcarifer)
LOC108902900,LOC108902909,0.0899017641721837,0.3032029520178009,0.2965068894411872,GCF_001640805.2,尖吻鲈 (Lates calcarifer)
LOC108902900,LOC108889238,0.0839029011725448,0.2638047815640008,0.3180492054583532,GCF_001640805.2,尖吻鲈 (Lates calcarifer)
LOC127142395,LOC108880941,0.0362587704618685,0.055483035922204,0.6535109310296043,GCF_001640805.2,尖吻鲈 (Lates calcarifer)
LOC127142395,LOC108884762,0.0346013867250349,0.0565472313916187,0.6119024021777911,GCF_001640805.2,尖吻鲈 (Lates calcarifer)
LOC127142395,LOC108880936,0.0327101578402963,0.0585923374475449,0.5582668189262846,GCF_001640805.2,尖吻鲈 (Lates calcarifer)
LOC127142395,LOC108884771,0.0370107066431125,0.0745293553599027,0.4965923355218576,GCF_001640805.2,尖吻鲈 (Lates calcarifer)
LOC108886916,LOC108886917,0.0911914576648429,0.2340771678878538,0.3895786098562705,GCF_001640805.2,尖吻鲈 (Lates calcarifer)
LOC108881963,LOC108881962,0.1157095113695668,0.2324089852858237,0.4978702145584593,GCF_001640805.2,尖吻鲈 (Lates calcarifer)
LOC108881963,LOC108891844,0.1791707777724194,0.4212518825604481,0.4253293224077379,GCF_001640805.2,尖吻鲈 (Lates calcarifer)
LOC108879385,LOC108900330,0.0119694760455313,0.0125657389590354,0.9525485197927498,GCF_001640805.2,尖吻鲈 (Lates calcarifer)
LOC108879385,LOC108900336,0.180044047631607,0.2481571883378183,0.7255242084162867,GCF_001640805.2,尖吻鲈 (Lates calcarifer)
LOC108877254,LOC108877247,0.0679229452993029,0.2244411572112314,0.3026314163733245,GCF_001640805.2,尖吻鲈 (Lates calcarifer)
LOC108877254,LOC108877223,0.0934202822544313,0.457363090230893,0.2042584638984958,GCF_001640805.2,尖吻鲈 (Lates calcarifer)
LOC108877254,LOC108877222,0.0945434878453287,0.3479919519180347,0.2716829723337892,GCF_001640805.2,尖吻鲈 (Lates calcarifer)
LOC108877247,LOC108877257,0.0968849354888655,0.3698365460353646,0.261966905454501,GCF_001640805.2,尖吻鲈 (Lates calcarifer)
LOC108877247,LOC108877250,0.0976728196548186,0.3892592974065463,0.2509196833718994,GCF_001640805.2,尖吻鲈 (Lates calcarifer)
LOC108900333,LOC108900330,0.0136911959390102,0.0125789112103711,1.0884245631467746,GCF_001640805.2,尖吻鲈 (Lates calcarifer)
LOC108900333,LOC108900336,0.1782634550934322,0.2484050309899427,0.7176322250117777,GCF_001640805.2,尖吻鲈 (Lates calcarifer)
LOC108896688,LOC108875991,0.002733488219471,0.0243133121800667,0.1124276363181838,GCF_001640805.2,尖吻鲈 (Lates calcarifer)
LOC108896688,LOC108880240,0.2139840276167444,0.6994268989927185,0.3059419475071863,GCF_001640805.2,尖吻鲈 (Lates calcarifer)
LOC108896688,LOC108875982,0.1973510549166883,0.5797553672939614,0.3404040152967186,GCF_001640805.2,尖吻鲈 (Lates calcarifer)
LOC108896688,LOC108875977,0.2114837243025233,0.6389648966721782,0.3309786271577066,GCF_001640805.2,尖吻鲈 (Lates calcarifer)
LOC108889235,LOC108902895,0.0027297573355873,0.0096775536269308,0.2820710110033291,GCF_001640805.2,尖吻鲈 (Lates calcarifer)
LOC108889235,LOC108902864,0.1020732190849137,0.2437854272219388,0.4187010694121093,GCF_001640805.2,尖吻鲈 (Lates calcarifer)
LOC108889235,LOC108902877,0.0943378343444879,0.2591262325054549,0.3640613049182585,GCF_001640805.2,尖吻鲈 (Lates calcarifer)
LOC108889235,LOC108902896,0.0921002336074889,0.2379741591848611,0.3870177918601004,GCF_001640805.2,尖吻鲈 (Lates calcarifer)
LOC108889234,LOC108902934,0.0376547783967991,0.0235472656110237,1.5991146920757875,GCF_001640805.2,尖吻鲈 (Lates calcarifer)
LOC108889234,LOC108902877,0.0996296696806319,0.1864477764783044,0.5343569741751525,GCF_001640805.2,尖吻鲈 (Lates calcarifer)
LOC108889234,LOC108902876,0.1037771118271535,0.2154936493529541,0.4815785158344896,GCF_001640805.2,尖吻鲈 (Lates calcarifer)
LOC108889234,LOC108889233,0.1140988544499671,0.2679932488634998,0.4257527192712323,GCF_001640805.2,尖吻鲈 (Lates calcarifer)
tmem130,LOC108889949,0.0,0.0092593768667244,0.0,GCF_001640805.2,尖吻鲈 (Lates calcarifer)
LOC108875995,LOC108875993,0.1445371685245411,0.3991296780192659,0.362130847402343,GCF_001640805.2,尖吻鲈 (Lates calcarifer)
LOC108875995,LOC108875992,0.157654165463954,0.4568780304491016,0.3450683879655654,GCF_001640805.2,尖吻鲈 (Lates calcarifer)
LOC108875995,LOC108880240,0.2024347931802808,0.6875272635049241,0.2944389319898307,GCF_001640805.2,尖吻鲈 (Lates calcarifer)
LOC108875995,LOC108875982,0.2025719189930066,0.6569732388246334,0.3083412032968353,GCF_001640805.2,尖吻鲈 (Lates calcarifer)
LOC108875991,LOC108880240,0.2142928602338321,0.7357587885868344,0.291254231084922,GCF_001640805.2,尖吻鲈 (Lates calcarifer)
LOC108875991,LOC108875982,0.1976517163759162,0.6332836127129005,0.3121061597176079,GCF_001640805.2,尖吻鲈 (Lates calcarifer)
LOC108875991,LOC108875977,0.2114837243025233,0.6977416970088083,0.3030974430926888,GCF_001640805.2,尖吻鲈 (Lates calcarifer)
LOC108902864,LOC108902876,0.0800142527062363,0.2117058183201153,0.3779501826692769,GCF_001640805.2,尖吻鲈 (Lates calcarifer)
LOC108902864,LOC108902869,0.0975398461861484,0.2108755435729401,0.462546981662718,GCF_001640805.2,尖吻鲈 (Lates calcarifer)
LOC108902864,LOC108902895,0.1051379792591627,0.2579121802341565,0.407650306254279,GCF_001640805.2,尖吻鲈 (Lates calcarifer)
LOC108902869,LOC108902877,0.0886640029508963,0.2782188095192862,0.3186844308049926,GCF_001640805.2,尖吻鲈 (Lates calcarifer)
LOC108902869,LOC108902876,0.0862145316429133,0.178383485469879,0.4833100520253661,GCF_001640805.2,尖吻鲈 (Lates calcarifer)
LOC108902869,LOC108889243,0.1390912523956393,0.4212747091270947,0.3301675827724014,GCF_001640805.2,尖吻鲈 (Lates calcarifer)
LOC108902869,LOC108889242,0.1390912523956393,0.4212747091270947,0.3301675827724014,GCF_001640805.2,尖吻鲈 (Lates calcarifer)
LOC108902895,LOC108902877,0.0966442716696027,0.2701830860476266,0.3576991923638282,GCF_001640805.2,尖吻鲈 (Lates calcarifer)
LOC108902895,LOC108902869,0.1047137547643221,0.2785720299542008,0.3758947184379487,GCF_001640805.2,尖吻鲈 (Lates calcarifer)
LOC108902908,LOC108902833,0.1129687980137954,0.4257908068332864,0.2653152585749159,GCF_001640805.2,尖吻鲈 (Lates calcarifer)
LOC108902908,LOC108889194,0.1198331261679573,0.3415423084081949,0.3508588049499818,GCF_001640805.2,尖吻鲈 (Lates calcarifer)
LOC108902908,LOC108902872,0.1198331261679573,0.3415423084081949,0.3508588049499818,GCF_001640805.2,尖吻鲈 (Lates calcarifer)
LOC108902908,LOC108902870,0.121349287039463,0.3469676414610843,0.3497423751922801,GCF_001640805.2,尖吻鲈 (Lates calcarifer)
LOC108877223,LOC108877222,0.0815170858590873,0.2471094008476815,0.3298825766217391,GCF_001640805.2,尖吻鲈 (Lates calcarifer)
LOC108877223,LOC108877247,0.1011108581007676,0.4399096217546746,0.2298446160315047,GCF_001640805.2,尖吻鲈 (Lates calcarifer)
LOC108877222,LOC108877253,0.0178535581361176,0.0663133461956357,0.269230240371925,GCF_001640805.2,尖吻鲈 (Lates calcarifer)
LOC108877222,LOC108877252,0.1041650947588017,0.2570490284772893,0.4052343452759049,GCF_001640805.2,尖吻鲈 (Lates calcarifer)
LOC108902351,LOC108885867,0.0,0.0100001481520988,0.0,GCF_001640805.2,尖吻鲈 (Lates calcarifer)
LOC108891045,LOC108886869,0.0027485142991109,0.0047770862141098,0.5753537147796868,GCF_001640805.2,尖吻鲈 (Lates calcarifer)
LOC108876001,LOC108876000,0.0753711164018824,0.2214337681011794,0.3403776987051188,GCF_001640805.2,尖吻鲈 (Lates calcarifer)
LOC108902891,LOC108902842,0.0990068854752413,0.3199806784176705,0.3094151995827941,GCF_001640805.2,尖吻鲈 (Lates calcarifer)
LOC108902891,LOC108902902,0.1210406079535778,0.4398521816091926,0.2751847393611932,GCF_001640805.2,尖吻鲈 (Lates calcarifer)
LOC108902891,LOC108902877,0.1130686743539507,0.3065458153072351,0.3688475546163558,GCF_001640805.2,尖吻鲈 (Lates calcarifer)
LOC108902891,LOC108902888,0.1155266689965789,0.3868754861102717,0.2986146011940652,GCF_001640805.2,尖吻鲈 (Lates calcarifer)
LOC108902910,LOC108902909,0.00687447526056,0.0293675364008954,0.2340841658189086,GCF_001640805.2,尖吻鲈 (Lates calcarifer)
LOC108902910,LOC108889201,0.0199063818075573,0.0247547223511274,0.804144822357527,GCF_001640805.2,尖吻鲈 (Lates calcarifer)
LOC108902910,LOC108889238,0.0501883760729636,0.2503991421457799,0.2004334984652004,GCF_001640805.2,尖吻鲈 (Lates calcarifer)
LOC108902910,LOC108902899,0.0501883760729636,0.2503991421457799,0.2004334984652004,GCF_001640805.2,尖吻鲈 (Lates calcarifer)
LOC108902909,LOC108889201,0.0271328970083653,0.0556747936128807,0.4873461623769361,GCF_001640805.2,尖吻鲈 (Lates calcarifer)
LOC108902909,LOC108889238,0.0577207808520963,0.2787952263572354,0.2070364747857467,GCF_001640805.2,尖吻鲈 (Lates calcarifer)
LOC108902909,LOC108902899,0.0577207808520963,0.2787952263572354,0.2070364747857467,GCF_001640805.2,尖吻鲈 (Lates calcarifer)
LOC108872863,LOC108901332,0.2496517761635653,0.3590282028574246,0.6953542205783363,GCF_001640805.2,尖吻鲈 (Lates calcarifer)
sfxn4,LOC108889960,0.1034443588051068,0.0894981860010227,1.1558263181325794,GCF_001640805.2,尖吻鲈 (Lates calcarifer)
LOC108881981,LOC108877164,0.179893887884741,0.3077964556620169,0.5844573079888798,GCF_001640805.2,尖吻鲈 (Lates calcarifer)
LOC108878000,LOC108878079,0.2802131777970899,0.3080685946024927,0.9095804723576408,GCF_001640805.2,尖吻鲈 (Lates calcarifer)
LOC127138962,LOC108895065,0.2881074756576113,0.5603663226631268,0.5141413107918188,GCF_001640805.2,尖吻鲈 (Lates calcarifer)
LOC108885541,LOC108885539,0.3593526266958158,0.5558845635326629,0.6464518899609646,GCF_001640805.2,尖吻鲈 (Lates calcarifer)
LOC108881962,LOC108891844,0.1355642623832713,0.3232692038157745,0.4193540887381496,GCF_001640805.2,尖吻鲈 (Lates calcarifer)
LOC108877251,LOC108890191,0.0013831262564495,0.009478799153792,0.1459178777826786,GCF_001640805.2,尖吻鲈 (Lates calcarifer)
LOC108877251,LOC108877250,0.0076442635349961,0.0262975146511462,0.2906838777885421,GCF_001640805.2,尖吻鲈 (Lates calcarifer)
LOC108877251,LOC108877249,0.0132346132061477,0.087526346305,0.1512071937748839,GCF_001640805.2,尖吻鲈 (Lates calcarifer)
LOC108877251,LOC108890194,0.0146448167627664,0.0665460867065131,0.2200702924479119,GCF_001640805.2,尖吻鲈 (Lates calcarifer)
LOC108877249,LOC108890194,0.0013802626393936,0.02901248113057,0.0475747880087135,GCF_001640805.2,尖吻鲈 (Lates calcarifer)
LOC108877249,LOC108890192,0.0013802626393936,0.02901248113057,0.0475747880087135,GCF_001640805.2,尖吻鲈 (Lates calcarifer)
LOC108877249,LOC108890191,0.0118194798395192,0.0878194997110219,0.1345883303641258,GCF_001640805.2,尖吻鲈 (Lates calcarifer)
LOC108877250,LOC108890191,0.0062428106105334,0.0362097672100172,0.1724068142809389,GCF_001640805.2,尖吻鲈 (Lates calcarifer)
LOC108877250,LOC108877257,0.0090404432578594,0.0410730640574811,0.2201063754388402,GCF_001640805.2,尖吻鲈 (Lates calcarifer)
LOC108877250,LOC108890194,0.0167565731885106,0.0743796468506784,0.2252843875711112,GCF_001640805.2,尖吻鲈 (Lates calcarifer)
LOC108877255,LOC108890195,0.0027662548648795,0.0095088436948282,0.2909139064284012,GCF_001640805.2,尖吻鲈 (Lates calcarifer)
LOC108877255,LOC108890194,0.0217051320411363,0.0823769804728886,0.2634854047397355,GCF_001640805.2,尖吻鲈 (Lates calcarifer)
LOC108877255,LOC108890192,0.0217051320411363,0.0823769804728886,0.2634854047397355,GCF_001640805.2,尖吻鲈 (Lates calcarifer)
LOC108877255,LOC108877250,0.0224420670555771,0.1060587405373711,0.2116003541232832,GCF_001640805.2,尖吻鲈 (Lates calcarifer)
LOC108877258,LOC108890193,0.0111396803045137,0.0485999949201865,0.2292115528573184,GCF_001640805.2,尖吻鲈 (Lates calcarifer)
LOC108877258,LOC108877257,0.0601567916304296,0.1346248470189452,0.4468476136649869,GCF_001640805.2,尖吻鲈 (Lates calcarifer)
LOC108877258,LOC108877250,0.0639093011263834,0.1841253438116143,0.3470967103353871,GCF_001640805.2,尖吻鲈 (Lates calcarifer)
LOC108877258,LOC108877251,0.0639246689991718,0.166133173417743,0.3847796781587553,GCF_001640805.2,尖吻鲈 (Lates calcarifer)
LOC108877257,LOC108877251,0.0139571369063529,0.0287345598498783,0.4857264903054374,GCF_001640805.2,尖吻鲈 (Lates calcarifer)
LOC108877257,LOC108890191,0.0153529436455105,0.0386870609569603,0.3968495736233559,GCF_001640805.2,尖吻鲈 (Lates calcarifer)
LOC108877257,LOC108890194,0.0259918307744261,0.087526346305,0.2969600796982125,GCF_001640805.2,尖吻鲈 (Lates calcarifer)
LOC108890193,LOC108877250,0.0520039747726406,0.1370936388168038,0.3793317853509805,GCF_001640805.2,尖吻鲈 (Lates calcarifer)
LOC108890193,LOC108877257,0.0542304132840706,0.1231224182975574,0.4404592927423554,GCF_001640805.2,尖吻鲈 (Lates calcarifer)
LOC108890193,LOC108890191,0.0549346219910357,0.1262187814376369,0.4352333413880899,GCF_001640805.2,尖吻鲈 (Lates calcarifer)
LOC108890195,LOC108890194,0.0188601323422858,0.0720155786994422,0.2618896172590484,GCF_001640805.2,尖吻鲈 (Lates calcarifer)
LOC108890195,LOC108890192,0.0188601323422858,0.0720155786994422,0.2618896172590484,GCF_001640805.2,尖吻鲈 (Lates calcarifer)
LOC108890195,LOC108877249,0.0195632889408641,0.095928886662669,0.2039353277356153,GCF_001640805.2,尖吻鲈 (Lates calcarifer)
LOC108890194,LOC108890191,0.0132254007008019,0.0771824722930708,0.1713523849117398,GCF_001640805.2,尖吻鲈 (Lates calcarifer)
LOC108890192,LOC108890191,0.0132254007008019,0.0771824722930708,0.1713523849117398,GCF_001640805.2,尖吻鲈 (Lates calcarifer)
LOC108890192,LOC108877251,0.0146448167627664,0.0665460867065131,0.2200702924479119,GCF_001640805.2,尖吻鲈 (Lates calcarifer)
LOC108889747,LOC108873901,0.2685596330428735,0.5192751337320473,0.5171817705052171,GCF_001640805.2,尖吻鲈 (Lates calcarifer)
LOC108889747,LOC108892769,0.3103256529533857,0.6926726184024253,0.4480120113151266,GCF_001640805.2,尖吻鲈 (Lates calcarifer)
LOC108889747,LOC108873900,0.3058515778475328,0.7073455393707854,0.4323934496280292,GCF_001640805.2,尖吻鲈 (Lates calcarifer)
LOC108876041,LOC108876003,0.0208083964752415,0.0259205062991004,0.8027773931238219,GCF_001640805.2,尖吻鲈 (Lates calcarifer)
LOC108876041,LOC108876004,0.053776053763657,0.1460402852931068,0.3682275315727234,GCF_001640805.2,尖吻鲈 (Lates calcarifer)
LOC108901809,LOC108895858,0.0028024320322273,0.0046012414256369,0.6090599846843191,GCF_001640805.2,尖吻鲈 (Lates calcarifer)
LOC108901809,LOC108895853,0.2382355154207568,0.6778987718882586,0.3514322865007732,GCF_001640805.2,尖吻鲈 (Lates calcarifer)
LOC108901809,LOC108897221,0.203554821272696,0.553039734670468,0.368065454454164,GCF_001640805.2,尖吻鲈 (Lates calcarifer)
LOC108901809,LOC108895786,0.2053840851310855,0.5559250254206864,0.3694456549705867,GCF_001640805.2,尖吻鲈 (Lates calcarifer)
LOC108889201,LOC108889238,0.0631797731230525,0.2801351312261714,0.2255332019461827,GCF_001640805.2,尖吻鲈 (Lates calcarifer)
LOC108889201,LOC108902899,0.0631797731230525,0.2801351312261714,0.2255332019461827,GCF_001640805.2,尖吻鲈 (Lates calcarifer)
LOC108902856,LOC108902855,0.0948499381672577,0.3623218208545553,0.2617836760246708,GCF_001640805.2,尖吻鲈 (Lates calcarifer)
LOC108902856,LOC108902865,0.1085988397111276,0.3644669586377768,0.297966213774286,GCF_001640805.2,尖吻鲈 (Lates calcarifer)
LOC108902856,LOC108902857,0.0989686940147513,0.2274414344360628,0.4351392447912693,GCF_001640805.2,尖吻鲈 (Lates calcarifer)
LOC108899490,LOC108874653,0.1145226292567728,0.4417810276582608,0.2592293966624607,GCF_001640805.2,尖吻鲈 (Lates calcarifer)
LOC108899490,LOC108873946,0.1145226292567728,0.4417810276582608,0.2592293966624607,GCF_001640805.2,尖吻鲈 (Lates calcarifer)
LOC108899490,LOC108873934,0.1145226292567728,0.4417810276582608,0.2592293966624607,GCF_001640805.2,尖吻鲈 (Lates calcarifer)
LOC108883202,si_ch211-215k15.4,0.2412059867915782,0.4820095748580876,0.5004174177714077,GCF_001640805.2,尖吻鲈 (Lates calcarifer)
LOC108895858,LOC108895853,0.240028870794026,0.6911983831459764,0.3472648036321196,GCF_001640805.2,尖吻鲈 (Lates calcarifer)
LOC108895858,LOC108897221,0.2034315546035799,0.5544784571651826,0.3668881125583141,GCF_001640805.2,尖吻鲈 (Lates calcarifer)
LOC108895858,LOC108895786,0.2052596833053646,0.5573795065030267,0.368258396497486,GCF_001640805.2,尖吻鲈 (Lates calcarifer)
LOC108881893,LOC108887128,0.1480442997389009,0.175791289512187,0.8421594730303033,GCF_001640805.2,尖吻鲈 (Lates calcarifer)
LOC108891833,LOC108891837,0.0160807838174389,0.0382410779761206,0.4205107352747872,GCF_001640805.2,尖吻鲈 (Lates calcarifer)
LOC108891833,LOC108891836,0.0238616617082257,0.0410709962470855,0.5809857049649482,GCF_001640805.2,尖吻鲈 (Lates calcarifer)
LOC108891834,LOC108891837,0.0160807838174389,0.0382410779761206,0.4205107352747872,GCF_001640805.2,尖吻鲈 (Lates calcarifer)
LOC108891834,LOC108891836,0.0238616617082257,0.0410709962470855,0.5809857049649482,GCF_001640805.2,尖吻鲈 (Lates calcarifer)
LOC108891835,LOC108891837,0.0160807838174389,0.0382410779761206,0.4205107352747872,GCF_001640805.2,尖吻鲈 (Lates calcarifer)
LOC108891835,LOC108891836,0.0238616617082257,0.0410709962470855,0.5809857049649482,GCF_001640805.2,尖吻鲈 (Lates calcarifer)
LOC108875981,LOC108875982,0.0897028643220568,0.2359907800988017,0.3801117326893075,GCF_001640805.2,尖吻鲈 (Lates calcarifer)
LOC108875981,LOC108880242,0.1212837851155446,0.2299427937239615,0.5274519942605449,GCF_001640805.2,尖吻鲈 (Lates calcarifer)
LOC108875981,LOC108875985,0.1280669261266182,0.3013124501672254,0.4250303167212054,GCF_001640805.2,尖吻鲈 (Lates calcarifer)
LOC108875981,LOC108880241,0.1279691377730726,0.2290653684678896,0.5586577256483506,GCF_001640805.2,尖吻鲈 (Lates calcarifer)
LOC108902933,LOC108902904,0.1509272297527192,0.3178438706352967,0.4748470670554396,GCF_001640805.2,尖吻鲈 (Lates calcarifer)
LOC108902933,LOC108902853,0.1566753077236251,0.4004650418427077,0.3912334195331914,GCF_001640805.2,尖吻鲈 (Lates calcarifer)
LOC108902933,LOC108902891,0.1632598819042435,0.2815203650317916,0.5799221022102855,GCF_001640805.2,尖吻鲈 (Lates calcarifer)
LOC108902933,LOC108902886,0.1764276836650301,0.5424418453378466,0.3252471858161062,GCF_001640805.2,尖吻鲈 (Lates calcarifer)
LOC127138973,LOC127140857,0.1236760019649648,0.1062868514010085,1.1636058490278252,GCF_001640805.2,尖吻鲈 (Lates calcarifer)
LOC127138973,LOC108886990,0.1563023487852864,0.2052642458296265,0.7614689453272856,GCF_001640805.2,尖吻鲈 (Lates calcarifer)
LOC108881960,LOC108881966,0.0216798311592377,0.0387349416466251,0.5596970135393684,GCF_001640805.2,尖吻鲈 (Lates calcarifer)
LOC108881960,LOC108891939,0.0960010684612962,0.3684607707697648,0.2605462401349725,GCF_001640805.2,尖吻鲈 (Lates calcarifer)
LOC108881960,LOC108891846,0.096048418992682,0.3757662177520269,0.2556068492992248,GCF_001640805.2,尖吻鲈 (Lates calcarifer)
LOC108881960,LOC108881949,0.1246396949319681,0.4736183243526356,0.2631648492535244,GCF_001640805.2,尖吻鲈 (Lates calcarifer)
LOC108880242,LOC108875980,0.00973136914735,0.0250440630437327,0.3885699029888581,GCF_001640805.2,尖吻鲈 (Lates calcarifer)
LOC108880242,LOC108880241,0.0111319297784466,0.0199679015341286,0.5574912195665735,GCF_001640805.2,尖吻鲈 (Lates calcarifer)
LOC108880242,LOC108876070,0.0323112377781135,0.0468104252916816,0.690257300094545,GCF_001640805.2,尖吻鲈 (Lates calcarifer)
LOC108880242,LOC108875982,0.1036383618366464,0.2048455302512176,0.5059342115473393,GCF_001640805.2,尖吻鲈 (Lates calcarifer)
LOC108880241,LOC108875980,0.001383764230177,0.0049261260840727,0.2809031288604281,GCF_001640805.2,尖吻鲈 (Lates calcarifer)
LOC108880241,LOC108876070,0.032341753511837,0.057227522037868,0.5651433499153811,GCF_001640805.2,尖吻鲈 (Lates calcarifer)
LOC108880241,LOC108875982,0.1085243543495662,0.204066610769614,0.5318084812614811,GCF_001640805.2,尖吻鲈 (Lates calcarifer)
LOC108877259,LOC108877225,0.0785093928080956,0.1494967798310204,0.5251577518715554,GCF_001640805.2,尖吻鲈 (Lates calcarifer)
LOC108877259,LOC108890193,0.0847635585505181,0.2283335293447161,0.3712269450473487,GCF_001640805.2,尖吻鲈 (Lates calcarifer)
LOC108877259,LOC108877258,0.0862665059724501,0.2419297228849806,0.3565767155177679,GCF_001640805.2,尖吻鲈 (Lates calcarifer)
LOC108877259,LOC108890194,0.1025621827638139,0.2404242482412583,0.4265883475318011,GCF_001640805.2,尖吻鲈 (Lates calcarifer)
LOC127140866,LOC108892796,0.405051154378903,0.688326845559421,0.5884575866712092,GCF_001640805.2,尖吻鲈 (Lates calcarifer)
LOC127140866,LOC108892738,0.4610568561679855,0.6851023916493847,0.6729751082286995,GCF_001640805.2,尖吻鲈 (Lates calcarifer)
LOC108891935,LOC108891831,0.0041379415310659,0.025426163756761,0.162743446893976,GCF_001640805.2,尖吻鲈 (Lates calcarifer)
LOC108891935,LOC108891830,0.0301653938989035,0.0874776777943205,0.3448353301036308,GCF_001640805.2,尖吻鲈 (Lates calcarifer)
LOC108891935,LOC108891934,0.0316058000797466,0.0707330096034308,0.4468323949022747,GCF_001640805.2,尖吻鲈 (Lates calcarifer)
LOC108891935,LOC108891836,0.15771053890833,0.6052323060986299,0.2605785205435302,GCF_001640805.2,尖吻鲈 (Lates calcarifer)
LOC108891934,LOC108891830,0.0013770947178516,0.01513928611478,0.0909616680344806,GCF_001640805.2,尖吻鲈 (Lates calcarifer)
LOC108891934,LOC108891831,0.0359392380929715,0.0872461407294006,0.4119292589048642,GCF_001640805.2,尖吻鲈 (Lates calcarifer)
LOC108891934,LOC108891836,0.1518473833209002,0.5871085354278388,0.2586359661936199,GCF_001640805.2,尖吻鲈 (Lates calcarifer)
LOC108875993,LOC108875992,0.0738929523706807,0.2125182314393288,0.3477017094967506,GCF_001640805.2,尖吻鲈 (Lates calcarifer)
LOC108875993,LOC108880240,0.1953817322743088,0.6890676182770102,0.2835450790197544,GCF_001640805.2,尖吻鲈 (Lates calcarifer)
LOC108875993,LOC108875979,0.2010371550334951,0.6853790614701503,0.29332258064941,GCF_001640805.2,尖吻鲈 (Lates calcarifer)
LOC108875980,LOC108876070,0.0337905627196172,0.0625719627053438,0.5400272144049502,GCF_001640805.2,尖吻鲈 (Lates calcarifer)
LOC108875980,LOC108875982,0.11012563598266,0.204066610769614,0.5396553388490833,GCF_001640805.2,尖吻鲈 (Lates calcarifer)
LOC108902840,LOC108902842,0.109700487954211,0.3574335989959936,0.3069115166071466,GCF_001640805.2,尖吻鲈 (Lates calcarifer)
LOC108902840,LOC108902891,0.1204669602613046,0.3887738970568499,0.3098638081756011,GCF_001640805.2,尖吻鲈 (Lates calcarifer)
LOC108902840,LOC108902902,0.1847722069686268,0.5860641679444182,0.3152764101185426,GCF_001640805.2,尖吻鲈 (Lates calcarifer)
LOC108902840,LOC108902841,0.1667818477184095,0.4953076159902194,0.3367237699040406,GCF_001640805.2,尖吻鲈 (Lates calcarifer)
LOC108902841,LOC108902891,0.1358459739896693,0.3462375722902261,0.39234902524039,GCF_001640805.2,尖吻鲈 (Lates calcarifer)
LOC108902841,LOC108902842,0.1421884193531847,0.4532063134609586,0.3137388318078529,GCF_001640805.2,尖吻鲈 (Lates calcarifer)
LOC108902841,LOC108902902,0.1537614324641884,0.5450535937469846,0.2821033275042764,GCF_001640805.2,尖吻鲈 (Lates calcarifer)
LOC108902841,LOC108902853,0.1515095772631025,0.4042473755495145,0.3747942137092359,GCF_001640805.2,尖吻鲈 (Lates calcarifer)
LOC108902842,LOC108902904,0.136117870085101,0.412642985606879,0.3298683724985918,GCF_001640805.2,尖吻鲈 (Lates calcarifer)
LOC108902842,LOC108902853,0.1284882755924394,0.3917368070734468,0.3279964335042664,GCF_001640805.2,尖吻鲈 (Lates calcarifer)
LOC108902901,LOC108889244,0.0333586342581886,0.0383213733216679,0.8704968367959498,GCF_001640805.2,尖吻鲈 (Lates calcarifer)
LOC108902901,LOC108902877,0.1162041906472979,0.34152155943959,0.340254333688274,GCF_001640805.2,尖吻鲈 (Lates calcarifer)
LOC108902901,LOC108889239,0.1393761392717258,0.5139938686577337,0.2711630386481046,GCF_001640805.2,尖吻鲈 (Lates calcarifer)
LOC108902901,LOC108902900,0.1393761392717258,0.5139938686577337,0.2711630386481046,GCF_001640805.2,尖吻鲈 (Lates calcarifer)
LOC108902904,LOC108902891,0.1423586518994011,0.4010924281535388,0.354927298315654,GCF_001640805.2,尖吻鲈 (Lates calcarifer)
LOC108902904,LOC108902853,0.1343386028073128,0.4299827602168466,0.3124278813866024,GCF_001640805.2,尖吻鲈 (Lates calcarifer)
LOC108902904,LOC108889236,0.1392667137234623,0.4344684524328605,0.3205450544075661,GCF_001640805.2,尖吻鲈 (Lates calcarifer)
LOC108887177,LOC108887219,0.0132839641412602,0.0328059024419882,0.4049260392927988,GCF_001640805.2,尖吻鲈 (Lates calcarifer)
LOC108886912,LOC108886915,0.2280766955093286,0.5075384480841583,0.4493781631130923,GCF_001640805.2,尖吻鲈 (Lates calcarifer)
LOC108891830,LOC108891831,0.0344888349313675,0.104353243260804,0.3305008436122257,GCF_001640805.2,尖吻鲈 (Lates calcarifer)
LOC108891830,LOC108891836,0.151808638638226,0.5557033832972195,0.2731828583397895,GCF_001640805.2,尖吻鲈 (Lates calcarifer)
LOC108891831,LOC108891836,0.1612092070030014,0.5925930205625537,0.2720403403502189,GCF_001640805.2,尖吻鲈 (Lates calcarifer)
LOC108880240,LOC108875979,0.0041647492488831,0.0099835084786794,0.417162889957706,GCF_001640805.2,尖吻鲈 (Lates calcarifer)
LOC108880240,LOC108880242,0.1063419039922154,0.2066347662002964,0.5146370378406482,GCF_001640805.2,尖吻鲈 (Lates calcarifer)
LOC108880240,LOC108875982,0.115449326939677,0.2810011321306554,0.4108500420062268,GCF_001640805.2,尖吻鲈 (Lates calcarifer)
LOC108880240,LOC108875980,0.1144695631667385,0.1993581598948629,0.57419050831482,GCF_001640805.2,尖吻鲈 (Lates calcarifer)
LOC108874509,LOC108875528,0.2425033450640386,0.5271109394715604,0.4600613019095245,GCF_001640805.2,尖吻鲈 (Lates calcarifer)
LOC108874509,LOC108874517,0.2445122767288195,0.4962741923916657,0.4926959339764486,GCF_001640805.2,尖吻鲈 (Lates calcarifer)
LOC108874509,LOC108874214,0.2445122767288195,0.5062026330221427,0.4830324079292646,GCF_001640805.2,尖吻鲈 (Lates calcarifer)
LOC108895259,LOC108896706,0.0706113221345569,0.1033197965505327,0.6834249049263431,GCF_001640805.2,尖吻鲈 (Lates calcarifer)
LOC108895259,LOC108896722,0.0,0.0063830172509314,0.0,GCF_001640805.2,尖吻鲈 (Lates calcarifer)
LOC108891939,LOC108891846,0.0,0.0244321278259595,0.0,GCF_001640805.2,尖吻鲈 (Lates calcarifer)
LOC108891939,LOC108881966,0.0945668017095636,0.3425041996063598,0.2761040647625613,GCF_001640805.2,尖吻鲈 (Lates calcarifer)
LOC108891939,LOC108891837,0.154488276536952,0.6826402117021018,0.2263099563850032,GCF_001640805.2,尖吻鲈 (Lates calcarifer)
LOC108891938,LOC108881957,0.0824645108578848,0.3944259646285781,0.2090747523062781,GCF_001640805.2,尖吻鲈 (Lates calcarifer)
LOC108891938,LOC108881956,0.0911769986197178,0.4383667895104214,0.207992486660649,GCF_001640805.2,尖吻鲈 (Lates calcarifer)
LOC108891938,LOC108881958,0.086542784757756,0.394332051258322,0.2194667780151174,GCF_001640805.2,尖吻鲈 (Lates calcarifer)
LOC108891937,LOC108891838,0.0069332594510111,0.0100926670204581,0.6869600906239357,GCF_001640805.2,尖吻鲈 (Lates calcarifer)
LOC108891937,LOC108891836,0.0181700011686763,0.0571705240409131,0.3178211407625593,GCF_001640805.2,尖吻鲈 (Lates calcarifer)
LOC108891937,LOC108891833,0.0295812990384725,0.101578478171328,0.2912162061394447,GCF_001640805.2,尖吻鲈 (Lates calcarifer)
LOC127139666,LOC108881944,0.1233827823798727,0.2671309698143304,0.461881235506426,GCF_001640805.2,尖吻鲈 (Lates calcarifer)
LOC127139666,LOC108891862,0.1258501153188221,0.2500134523631831,0.5033733750294581,GCF_001640805.2,尖吻鲈 (Lates calcarifer)
LOC127139666,LOC108881946,0.1283255920321195,0.239927383288125,0.5348517967122384,GCF_001640805.2,尖吻鲈 (Lates calcarifer)
LOC108891863,LOC108881944,0.0041811954981876,0.0098442758683643,0.4247336781392301,GCF_001640805.2,尖吻鲈 (Lates calcarifer)
LOC108891863,LOC108891862,0.0304934459895616,0.0479557769917715,0.6358659561452594,GCF_001640805.2,尖吻鲈 (Lates calcarifer)
LOC108891863,LOC127139667,0.0319348145769482,0.0585042241563445,0.5458548512942726,GCF_001640805.2,尖吻鲈 (Lates calcarifer)
LOC108891863,LOC108881946,0.0333941022520405,0.0479557769917715,0.6963520215253814,GCF_001640805.2,尖吻鲈 (Lates calcarifer)
LOC108891862,LOC108881974,0.0069865433025065,0.0048939814761918,1.427578615998964,GCF_001640805.2,尖吻鲈 (Lates calcarifer)
LOC108891862,LOC108881946,0.0083916959383543,0.0298546878003147,0.281084699142823,GCF_001640805.2,尖吻鲈 (Lates calcarifer)
LOC108891862,LOC127139667,0.009797200195736,0.0401098076746753,0.2442594657944939,GCF_001640805.2,尖吻鲈 (Lates calcarifer)
LOC127139667,LOC108881946,0.0013917888475633,0.0197868030060462,0.0703392481917392,GCF_001640805.2,尖吻鲈 (Lates calcarifer)
LOC127139667,LOC108881974,0.0168743935448922,0.0452777867792686,0.3726859183103569,GCF_001640805.2,尖吻鲈 (Lates calcarifer)
LOC108889437,zmp_0000001048,0.0,0.0139538908732757,0.0,GCF_001640805.2,尖吻鲈 (Lates calcarifer)
LOC127139440,LOC127139053,0.0055970409011922,0.0048543858792131,1.1529864004341317,GCF_001640805.2,尖吻鲈 (Lates calcarifer)
LOC127139440,LOC108889238,0.0909147124198737,0.2081260093136488,0.4368253286539691,GCF_001640805.2,尖吻鲈 (Lates calcarifer)
LOC127139440,LOC108902899,0.0909147124198737,0.2081260093136488,0.4368253286539691,GCF_001640805.2,尖吻鲈 (Lates calcarifer)
LOC127139440,LOC108902910,0.1064698346059845,0.1850151995616433,0.5754653393788379,GCF_001640805.2,尖吻鲈 (Lates calcarifer)
LOC108888100,LOC108902468,0.0,0.0042613751005732,0.0,GCF_001640805.2,尖吻鲈 (Lates calcarifer)
LOC108887001,LOC108881900,0.2210083990245934,0.4377456157414204,0.5048786123197742,GCF_001640805.2,尖吻鲈 (Lates calcarifer)
LOC108887001,LOC108888427,0.2249328772822609,0.399754422446647,0.5626776457045487,GCF_001640805.2,尖吻鲈 (Lates calcarifer)
LOC108887001,LOC108881901,0.2909988042653281,0.360897507663205,0.8063197946406783,GCF_001640805.2,尖吻鲈 (Lates calcarifer)
LOC108876004,LOC108876003,0.0536979753644328,0.1353139549859012,0.3968398926040389,GCF_001640805.2,尖吻鲈 (Lates calcarifer)
LOC108875982,LOC108875985,0.1160494877969806,0.2551254268399262,0.4548722925598228,GCF_001640805.2,尖吻鲈 (Lates calcarifer)
LOC108876070,LOC108875982,0.1073522256461551,0.1897316686732367,0.5658107916135042,GCF_001640805.2,尖吻鲈 (Lates calcarifer)
LOC108875979,LOC108880242,0.1112503862669934,0.2058493652182853,0.5404456124944667,GCF_001640805.2,尖吻鲈 (Lates calcarifer)
LOC108875979,LOC108875980,0.1129707919044315,0.1986067134305988,0.568816582043225,GCF_001640805.2,尖吻鲈 (Lates calcarifer)
LOC108875979,LOC108880241,0.1145838402903501,0.205069949120235,0.5587549067131636,GCF_001640805.2,尖吻鲈 (Lates calcarifer)
LOC108902889,LOC108902852,0.1339397532572546,0.4588318659541056,0.2919146711371871,GCF_001640805.2,尖吻鲈 (Lates calcarifer)
LOC108902889,LOC108902853,0.1370549678371374,0.5805496888815523,0.236077928318553,GCF_001640805.2,尖吻鲈 (Lates calcarifer)
LOC108902889,LOC108902888,0.1472391417783256,0.6000495857106036,0.2453782908690102,GCF_001640805.2,尖吻鲈 (Lates calcarifer)
LOC108902850,LOC108902852,0.0862683099129779,0.2326161962278793,0.3708611494466462,GCF_001640805.2,尖吻鲈 (Lates calcarifer)
LOC108902850,LOC108902853,0.1132531391771208,0.3255334313133825,0.3479001794691097,GCF_001640805.2,尖吻鲈 (Lates calcarifer)
LOC108902850,LOC108902854,0.1043294468889998,0.2566127059412279,0.4065638390988107,GCF_001640805.2,尖吻鲈 (Lates calcarifer)
LOC108902850,LOC108902897,0.1495191383970428,0.5188185738897502,0.2881915681546435,GCF_001640805.2,尖吻鲈 (Lates calcarifer)
LOC108902852,LOC108902853,0.0989054639968597,0.2634170666166968,0.3754709794137181,GCF_001640805.2,尖吻鲈 (Lates calcarifer)
LOC108902852,LOC108902854,0.0849895872054973,0.2230099885017838,0.3811021550042253,GCF_001640805.2,尖吻鲈 (Lates calcarifer)
LOC108902854,LOC108902853,0.0901675025067438,0.2675062079540488,0.337066953310603,GCF_001640805.2,尖吻鲈 (Lates calcarifer)
LOC108902854,LOC108902886,0.1415504401499941,0.4063790681262121,0.3483211888906437,GCF_001640805.2,尖吻鲈 (Lates calcarifer)
LOC108902854,LOC108902904,0.1512489320116754,0.3687996185756583,0.4101114111663514,GCF_001640805.2,尖吻鲈 (Lates calcarifer)
LOC108902888,LOC108902847,0.1321169960732045,0.5073309963994217,0.2604157778863344,GCF_001640805.2,尖吻鲈 (Lates calcarifer)
LOC108902887,LOC108902855,0.0799263028790368,0.1954415863471909,0.4089523850725008,GCF_001640805.2,尖吻鲈 (Lates calcarifer)
LOC108902887,LOC108902865,0.1291525699712776,0.4233973520533882,0.3050386813826653,GCF_001640805.2,尖吻鲈 (Lates calcarifer)
LOC108902887,LOC108902856,0.140320280910555,0.442795352562391,0.3168964626628134,GCF_001640805.2,尖吻鲈 (Lates calcarifer)
LOC108902887,LOC108902857,0.1306049165288807,0.3579779500271541,0.3648406738989757,GCF_001640805.2,尖吻鲈 (Lates calcarifer)
LOC108902862,LOC108902877,0.1462238506969027,0.4288970711590461,0.3409299352447179,GCF_001640805.2,尖吻鲈 (Lates calcarifer)
LOC108902862,LOC108902869,0.1501040032581017,0.3413172237374735,0.4397785778708759,GCF_001640805.2,尖吻鲈 (Lates calcarifer)
LOC108902862,LOC108902876,0.149255186794775,0.4013759757895022,0.3718587952385332,GCF_001640805.2,尖吻鲈 (Lates calcarifer)
LOC108902862,LOC108902891,0.1709953166298812,0.4062683480101473,0.4208925392967366,GCF_001640805.2,尖吻鲈 (Lates calcarifer)
LOC108902877,LOC108902934,0.0741040331029888,0.176542893693137,0.4197508693371414,GCF_001640805.2,尖吻鲈 (Lates calcarifer)
LOC108902877,LOC108902876,0.0881413093153137,0.2666131620823382,0.3305962414867315,GCF_001640805.2,尖吻鲈 (Lates calcarifer)
LOC108902876,LOC108902934,0.0686777861119976,0.2002597274854911,0.342943571202919,GCF_001640805.2,尖吻鲈 (Lates calcarifer)
LOC127139053,LOC108889238,0.0910054947190363,0.2009480784540162,0.4528806417019884,GCF_001640805.2,尖吻鲈 (Lates calcarifer)
LOC127139053,LOC108902899,0.0910054947190363,0.2009480784540162,0.4528806417019884,GCF_001640805.2,尖吻鲈 (Lates calcarifer)
LOC127139053,LOC108902910,0.1065760609947825,0.1781550793620573,0.5982207264390839,GCF_001640805.2,尖吻鲈 (Lates calcarifer)
LOC108902902,LOC108902877,0.1208029384449146,0.432194369798288,0.2795106713243288,GCF_001640805.2,尖吻鲈 (Lates calcarifer)
LOC108902902,LOC108902847,0.1310647306825737,0.4532677892487541,0.2891551832963918,GCF_001640805.2,尖吻鲈 (Lates calcarifer)
LOC108902902,LOC108902853,0.1368458017249636,0.5288200696926906,0.2587757340686555,GCF_001640805.2,尖吻鲈 (Lates calcarifer)
LOC108876353,LOC108892156,0.0732053985944077,0.1037521347774433,0.7055796851933618,GCF_001640805.2,尖吻鲈 (Lates calcarifer)
LOC108876353,LOC108892157,0.0928620156230139,0.0967152814342816,0.9601586661991364,GCF_001640805.2,尖吻鲈 (Lates calcarifer)
LOC108876353,LOC108892086,0.0867170557622065,0.1187374226450223,0.730326242817785,GCF_001640805.2,尖吻鲈 (Lates calcarifer)
LOC108875880,LOC108875881,0.1231695213597367,0.25629058662581,0.4805854283659938,GCF_001640805.2,尖吻鲈 (Lates calcarifer)
LOC108891836,LOC108891838,0.0195815318411733,0.057220113276761,0.3422141397459629,GCF_001640805.2,尖吻鲈 (Lates calcarifer)
LOC108891837,LOC108891836,0.0419143146445187,0.0816595227196577,0.5132814061185882,GCF_001640805.2,尖吻鲈 (Lates calcarifer)
LOC108891838,LOC108891833,0.0338960955515542,0.1016692081177328,0.333395884349788,GCF_001640805.2,尖吻鲈 (Lates calcarifer)
LOC108891839,LOC108881957,0.0809036027780483,0.3948578587948435,0.2048929785137782,GCF_001640805.2,尖吻鲈 (Lates calcarifer)
LOC108891839,LOC108881956,0.0895929419606846,0.4388591457588594,0.2041496521754462,GCF_001640805.2,尖吻鲈 (Lates calcarifer)
LOC108891839,LOC108881958,0.0849688136607722,0.3947602497514602,0.2152415642513864,GCF_001640805.2,尖吻鲈 (Lates calcarifer)
LOC108891846,LOC108881966,0.094613463995175,0.349567297443449,0.2706587964238305,GCF_001640805.2,尖吻鲈 (Lates calcarifer)
LOC108891846,LOC108891837,0.154567757467238,0.7054701354749962,0.2190989379914244,GCF_001640805.2,尖吻鲈 (Lates calcarifer)
LOC108891852,LOC108881949,0.1396004392718468,0.5740401061093248,0.2431893482460965,GCF_001640805.2,尖吻鲈 (Lates calcarifer)
LOC108891852,LOC108891836,0.151105874276493,0.6202153992633639,0.2436345090043927,GCF_001640805.2,尖吻鲈 (Lates calcarifer)
LOC108891852,LOC108891837,0.1545803768626575,0.5747916365351842,0.2689328915682567,GCF_001640805.2,尖吻鲈 (Lates calcarifer)
LOC108891842,LOC108881961,0.1047694474890214,0.5854548644163979,0.1789539277181671,GCF_001640805.2,尖吻鲈 (Lates calcarifer)
LOC108891842,LOC108891839,0.1464895054363976,0.578292869340791,0.2533136983054699,GCF_001640805.2,尖吻鲈 (Lates calcarifer)
LOC108891842,LOC108891938,0.1465269541398228,0.5775811662720544,0.2536906718852484,GCF_001640805.2,尖吻鲈 (Lates calcarifer)
LOC108891842,LOC108891852,0.147147052411247,0.569522427492183,0.2583691972574105,GCF_001640805.2,尖吻鲈 (Lates calcarifer)
LOC108881943,LOC108881944,0.1233827823798727,0.2671309698143304,0.461881235506426,GCF_001640805.2,尖吻鲈 (Lates calcarifer)
LOC108881943,LOC108891862,0.1258501153188221,0.2500134523631831,0.5033733750294581,GCF_001640805.2,尖吻鲈 (Lates calcarifer)
LOC108881943,LOC108881946,0.1283255920321195,0.239927383288125,0.5348517967122384,GCF_001640805.2,尖吻鲈 (Lates calcarifer)
LOC108881944,LOC108891862,0.0348734545210252,0.0478350009738137,0.7290363501845847,GCF_001640805.2,尖吻鲈 (Lates calcarifer)
LOC108881944,LOC127139667,0.0363232624647374,0.058355711861624,0.6224457093569332,GCF_001640805.2,尖吻鲈 (Lates calcarifer)
LOC108881944,LOC108881946,0.0377931662375818,0.0478350009738137,0.7900734915479766,GCF_001640805.2,尖吻鲈 (Lates calcarifer)
LOC108881974,LOC108881946,0.0154572215798248,0.034948085983816,0.4422909336718126,GCF_001640805.2,尖吻鲈 (Lates calcarifer)
LOC108881974,LOC108891863,0.0377662302517117,0.0531868356870755,0.7100672518648993,GCF_001640805.2,尖吻鲈 (Lates calcarifer)
LOC108881949,LOC108881951,0.0475321018441743,0.1256192225736242,0.3783823914076223,GCF_001640805.2,尖吻鲈 (Lates calcarifer)
LOC108881949,LOC108881954,0.0659552350682164,0.2160312900007971,0.3053040838110679,GCF_001640805.2,尖吻鲈 (Lates calcarifer)
LOC108881949,LOC108881952,0.0726651294979406,0.2099762534310121,0.3460635586671936,GCF_001640805.2,尖吻鲈 (Lates calcarifer)
LOC108881949,LOC108881955,0.0768460326871127,0.2337122870331269,0.3288061302323416,GCF_001640805.2,尖吻鲈 (Lates calcarifer)
LOC108881951,LOC108881954,0.0677151350040754,0.2087097898300428,0.3244463762778807,GCF_001640805.2,尖吻鲈 (Lates calcarifer)
LOC108881951,LOC108881952,0.0631721233101321,0.149377436080988,0.4229027152125044,GCF_001640805.2,尖吻鲈 (Lates calcarifer)
LOC108881951,LOC108881955,0.0747688937818186,0.2101555485263061,0.3557788233816701,GCF_001640805.2,尖吻鲈 (Lates calcarifer)
LOC108881954,LOC108881955,0.0168981567276161,0.0502279695796376,0.3364292219860429,GCF_001640805.2,尖吻鲈 (Lates calcarifer)
LOC108881954,LOC108881952,0.0779059542076886,0.1770193018243616,0.4400986412486637,GCF_001640805.2,尖吻鲈 (Lates calcarifer)
LOC108881955,LOC108881952,0.0859070079433152,0.1755633788554259,0.4893219104313234,GCF_001640805.2,尖吻鲈 (Lates calcarifer)
LOC108881956,LOC108881957,0.0688223837743066,0.194174400271458,0.3544359281042826,GCF_001640805.2,尖吻鲈 (Lates calcarifer)
LOC108881956,LOC108881958,0.0851352872251669,0.2484300350931829,0.3426932141809413,GCF_001640805.2,尖吻鲈 (Lates calcarifer)
LOC108881957,LOC108881958,0.0523384778742641,0.213290382416196,0.2453860191976937,GCF_001640805.2,尖吻鲈 (Lates calcarifer)
LOC108881966,LOC108881949,0.1234628315003857,0.4874293922900627,0.2532937763976995,GCF_001640805.2,尖吻鲈 (Lates calcarifer)
LOC108881961,LOC108881951,0.1460216507110487,0.6054318323528571,0.2411859484552913,GCF_001640805.2,尖吻鲈 (Lates calcarifer)
LOC108881961,LOC108891837,0.1500429694429459,0.6116488290969195,0.2453090111600144,GCF_001640805.2,尖吻鲈 (Lates calcarifer)
LOC108881961,LOC108891836,0.1635723835992556,0.636309982103301,0.2570639911361639,GCF_001640805.2,尖吻鲈 (Lates calcarifer)
LOC108874532,LOC108875524,0.1187489854069775,0.1891992576497324,0.6276398062132962,GCF_001640805.2,尖吻鲈 (Lates calcarifer)
LOC108874532,LOC108874533,0.1378703841569228,0.201592233992146,0.6839072191753883,GCF_001640805.2,尖吻鲈 (Lates calcarifer)
LOC108873329,blvra,0.0,0.0102741332686214,0.0,GCF_001640805.2,尖吻鲈 (Lates calcarifer)
LOC108893023,LOC108884661,0.0168113505963539,0.0259317101323055,0.6482931712016359,GCF_001640805.2,尖吻鲈 (Lates calcarifer)
LOC108886594,LOC108886593,0.201804362401957,0.4696023527077384,0.4297345642293916,GCF_001640805.2,尖吻鲈 (Lates calcarifer)
LOC108902849,LOC108902891,0.1463042970450196,0.3467442942289392,0.421937143537888,GCF_001640805.2,尖吻鲈 (Lates calcarifer)
LOC108902849,LOC108902847,0.1808979762870555,0.5238592724015683,0.3453178855797494,GCF_001640805.2,尖吻鲈 (Lates calcarifer)
LOC108902849,LOC108902842,0.1859132593216458,0.4019333829698622,0.4625474449221998,GCF_001640805.2,尖吻鲈 (Lates calcarifer)
LOC108902849,LOC108902853,0.1871449388511316,0.4640976762335087,0.4032447228996046,GCF_001640805.2,尖吻鲈 (Lates calcarifer)
LOC108902934,LOC108902864,0.09221911495649,0.2268074093715179,0.4065965711262641,GCF_001640805.2,尖吻鲈 (Lates calcarifer)
LOC108890799,LOC108884397,0.0,0.0137094449308629,0.0,GCF_001640805.2,尖吻鲈 (Lates calcarifer)
LOC108890799,LOC108874390,0.0051617547172063,0.0252427672526072,0.2044845030480249,GCF_001640805.2,尖吻鲈 (Lates calcarifer)
LOC108884397,LOC108874390,0.0051617547172063,0.0107144679356074,0.4817555802329927,GCF_001640805.2,尖吻鲈 (Lates calcarifer)
tmx2b,LOC108888633,0.0195498327968835,0.0292769338111985,0.6677554734029434,GCF_001640805.2,尖吻鲈 (Lates calcarifer)
LOC108897634,LOC108897633,0.1143430339081971,0.1160517346562795,0.9852763876977516,GCF_001640805.2,尖吻鲈 (Lates calcarifer)
LOC108897634,LOC127142155,0.1085365532929854,0.1510880450272122,0.7183662563999493,GCF_001640805.2,尖吻鲈 (Lates calcarifer)
LOC108897634,LOC108879794,0.12013164023957,0.1331353914193884,0.9023268640953972,GCF_001640805.2,尖吻鲈 (Lates calcarifer)
LOC108897634,LOC108879793,0.12457354623435,0.1865749921515804,0.667686193083915,GCF_001640805.2,尖吻鲈 (Lates calcarifer)
LOC108881953,LOC108881951,0.0689664877152085,0.1738335510186221,0.3967386463147178,GCF_001640805.2,尖吻鲈 (Lates calcarifer)
LOC108881953,LOC108881952,0.0791629833854324,0.1783834854698791,0.4437797769054099,GCF_001640805.2,尖吻鲈 (Lates calcarifer)
LOC108881953,LOC108881954,0.0803640100614555,0.1721808312333749,0.4667419101521799,GCF_001640805.2,尖吻鲈 (Lates calcarifer)
LOC108881953,LOC108881955,0.0813198595583579,0.1677131498314802,0.4848746782233167,GCF_001640805.2,尖吻鲈 (Lates calcarifer)
LOC108877252,LOC108877254,0.0964920808642675,0.2788595513457614,0.3460239407207026,GCF_001640805.2,尖吻鲈 (Lates calcarifer)
LOC108877252,LOC108877247,0.1036127538606129,0.3177625753300207,0.3260697196735745,GCF_001640805.2,尖吻鲈 (Lates calcarifer)
LOC108877252,LOC108877223,0.1326980311193087,0.398207074444192,0.333238758514086,GCF_001640805.2,尖吻鲈 (Lates calcarifer)
LOC108896696,LOC108875983,0.0028070208205282,0.0049140224934751,0.571226693458462,GCF_001640805.2,尖吻鲈 (Lates calcarifer)
LOC108896696,LOC108896695,0.0271846639762016,0.0553014239154341,0.4915725862280121,GCF_001640805.2,尖吻鲈 (Lates calcarifer)
LOC108896696,LOC108875984,0.0286226005602006,0.0502279695796376,0.5698538244676374,GCF_001640805.2,尖吻鲈 (Lates calcarifer)
LOC108896696,LOC108875988,0.0425390313266103,0.0852897308993451,0.4987591223240328,GCF_001640805.2,尖吻鲈 (Lates calcarifer)
LOC108896695,LOC108875984,0.004238297127794,0.0145517903600626,0.2912560601083147,GCF_001640805.2,尖吻鲈 (Lates calcarifer)
LOC108896695,LOC108875988,0.0286704760893127,0.0979089654526759,0.2928278933063646,GCF_001640805.2,尖吻鲈 (Lates calcarifer)
LOC108896695,LOC108875983,0.0242820541846722,0.0604861633757487,0.4014480805110524,GCF_001640805.2,尖吻鲈 (Lates calcarifer)
LOC108892157,LOC108892156,0.0680983222668472,0.0682288336542949,0.9980871520080636,GCF_001640805.2,尖吻鲈 (Lates calcarifer)
LOC127139439,LOC108889233,0.0056364755658488,0.0048780659768822,1.1554734176537944,GCF_001640805.2,尖吻鲈 (Lates calcarifer)
LOC127139439,LOC108902896,0.0649053422482923,0.2402179903274779,0.2701935111513087,GCF_001640805.2,尖吻鲈 (Lates calcarifer)
LOC127139439,LOC108889241,0.0673616004230201,0.2441141293891862,0.2759430623355146,GCF_001640805.2,尖吻鲈 (Lates calcarifer)
LOC127139439,LOC108902877,0.0895695267554338,0.2165658439601497,0.4135902740596319,GCF_001640805.2,尖吻鲈 (Lates calcarifer)
LOC108889233,LOC108902896,0.0649053422482923,0.2335065361454674,0.2779594238332512,GCF_001640805.2,尖吻鲈 (Lates calcarifer)
LOC108889233,LOC108889241,0.0704546540379254,0.2373293111620767,0.2968645284181125,GCF_001640805.2,尖吻鲈 (Lates calcarifer)
LOC108889233,LOC108902877,0.0903627579240354,0.2197916553846928,0.4111291566819361,GCF_001640805.2,尖吻鲈 (Lates calcarifer)
LOC108888575,LOC108875528,0.2381631771372878,0.5228475870930166,0.4555116692064176,GCF_001640805.2,尖吻鲈 (Lates calcarifer)
LOC108888575,LOC108874517,0.2401745624867959,0.4920833001416267,0.4880770439022645,GCF_001640805.2,尖吻鲈 (Lates calcarifer)
LOC108888575,LOC108874214,0.2401745624867959,0.5019898833595401,0.4784450253846565,GCF_001640805.2,尖吻鲈 (Lates calcarifer)
LOC108875990,LOC108896695,0.0272887928458924,0.0443478924201168,0.6153346045710594,GCF_001640805.2,尖吻鲈 (Lates calcarifer)
LOC108875990,LOC108875984,0.0287322662109609,0.0393855868929323,0.7295122017368479,GCF_001640805.2,尖吻鲈 (Lates calcarifer)
LOC108875990,LOC108875988,0.0360299824405219,0.0550246680501014,0.6547969068657661,GCF_001640805.2,尖吻鲈 (Lates calcarifer)
LOC108875990,LOC108875983,0.0456552426053534,0.0736008529245649,0.620308607729675,GCF_001640805.2,尖吻鲈 (Lates calcarifer)
LOC108875988,LOC108875984,0.027191148741043,0.0817830689921343,0.332478947979541,GCF_001640805.2,尖吻鲈 (Lates calcarifer)
LOC108875988,LOC108875983,0.0395870246834393,0.0797666217106362,0.4962855870597913,GCF_001640805.2,尖吻鲈 (Lates calcarifer)
LOC108875984,LOC108875983,0.025716805108974,0.0553942958535932,0.4642500588317508,GCF_001640805.2,尖吻鲈 (Lates calcarifer)
LOC108875978,LOC108880240,0.1731037004974782,0.5079325222797051,0.3408005845354289,GCF_001640805.2,尖吻鲈 (Lates calcarifer)
LOC108875978,LOC108875979,0.1768108938195118,0.5153286495779862,0.343103171081806,GCF_001640805.2,尖吻鲈 (Lates calcarifer)
LOC108875978,LOC108880242,0.1835189156403096,0.5589405730165273,0.3283335018066101,GCF_001640805.2,尖吻鲈 (Lates calcarifer)
LOC108902847,LOC108902891,0.1314623904785583,0.4024697022830423,0.3266392221149249,GCF_001640805.2,尖吻鲈 (Lates calcarifer)
LOC108902847,LOC108902877,0.135479367129602,0.4340526220366503,0.3121265953743335,GCF_001640805.2,尖吻鲈 (Lates calcarifer)
LOC108902853,LOC108902891,0.1220425765846519,0.3531316527887668,0.3456007854885052,GCF_001640805.2,尖吻鲈 (Lates calcarifer)
LOC108902853,LOC108889237,0.1152164735894213,0.4554696873537233,0.2529618914023203,GCF_001640805.2,尖吻鲈 (Lates calcarifer)
LOC108900703,LOC108888323,0.0,0.0097246094979504,0.0,GCF_001640805.2,尖吻鲈 (Lates calcarifer)
LOC108896706,LOC108896722,0.0117807527057934,0.023700356249086,0.4970707014687893,GCF_001640805.2,尖吻鲈 (Lates calcarifer)
LOC108879794,LOC108897628,0.0676407475560379,0.0862751363175105,0.7840120623757213,GCF_001640805.2,尖吻鲈 (Lates calcarifer)
LOC108879794,LOC108879793,0.0715552424335317,0.1041038326144483,0.6873449385724226,GCF_001640805.2,尖吻鲈 (Lates calcarifer)
LOC108896725,LOC108873330,0.0,0.0054945300690546,0.0,GCF_001640805.2,尖吻鲈 (Lates calcarifer)
LOC108875992,LOC108880240,0.1867169524662098,0.7078934994279018,0.2637641857385452,GCF_001640805.2,尖吻鲈 (Lates calcarifer)
LOC108875992,LOC108875979,0.1923957826728022,0.7302355434313774,0.2634708545803376,GCF_001640805.2,尖吻鲈 (Lates calcarifer)
LOC108875985,LOC108880242,0.1162250050084409,0.2969396150681737,0.3914095631253413,GCF_001640805.2,尖吻鲈 (Lates calcarifer)
LOC108875985,LOC108880240,0.1130655257332605,0.3381517891489766,0.3343632337945378,GCF_001640805.2,尖吻鲈 (Lates calcarifer)
LOC108875985,LOC108880241,0.1193447728910646,0.2822869313650714,0.4227782430945072,GCF_001640805.2,尖吻鲈 (Lates calcarifer)
LOC108902855,LOC108902865,0.1001989189184899,0.2876548106093986,0.3483304127826608,GCF_001640805.2,尖吻鲈 (Lates calcarifer)
LOC108902855,LOC108902857,0.1129094054662482,0.3013216215716018,0.3747139182291237,GCF_001640805.2,尖吻鲈 (Lates calcarifer)
LOC108872902,LOC108872903,0.1654976357479176,0.2513073660440881,0.6585466966331721,GCF_001640805.2,尖吻鲈 (Lates calcarifer)
LOC108872902,LOC108872904,0.193223871713994,0.2853705120105548,0.6770982409943161,GCF_001640805.2,尖吻鲈 (Lates calcarifer)
LOC108872902,LOC108900756,0.1949285348854288,0.3065946736506287,0.6357857837659442,GCF_001640805.2,尖吻鲈 (Lates calcarifer)
LOC108872902,LOC108872858,0.1949822931230891,0.3138087182174299,0.6213412241402132,GCF_001640805.2,尖吻鲈 (Lates calcarifer)
LOC127140832,LOC108873868,0.091416271571253,0.1185384661643341,0.7711949928938631,GCF_001640805.2,尖吻鲈 (Lates calcarifer)
LOC127140832,LOC108874523,0.0941862961066519,0.1320296295350719,0.7133724182845833,GCF_001640805.2,尖吻鲈 (Lates calcarifer)
LOC127140832,LOC108873624,0.0925402076645628,0.1128222456574996,0.8202301516448445,GCF_001640805.2,尖吻鲈 (Lates calcarifer)
LOC108900328,gjd2b,0.0,0.0050251444273646,0.0,GCF_001640805.2,尖吻鲈 (Lates calcarifer)
LOC108892198,LOC108892108,0.1494054604251272,0.1707627066276744,0.8749302665416643,GCF_001640805.2,尖吻鲈 (Lates calcarifer)
LOC108892198,LOC108892106,0.1521314477982287,0.1725492345195715,0.8816697925192655,GCF_001640805.2,尖吻鲈 (Lates calcarifer)
LOC108890933,LOC108874715,0.0014167654744272,0.0048820351391376,0.2901997699831178,GCF_001640805.2,尖吻鲈 (Lates calcarifer)
LOC108889241,LOC108902896,0.002825527241128,0.040516179538851,0.0697382446540564,GCF_001640805.2,尖吻鲈 (Lates calcarifer)
LOC108889241,LOC108902877,0.0706287727529685,0.228411715201255,0.3092169448959178,GCF_001640805.2,尖吻鲈 (Lates calcarifer)
LOC108902865,LOC108902857,0.1125597578068253,0.3050361359312987,0.3690046671459818,GCF_001640805.2,尖吻鲈 (Lates calcarifer)
LOC108902896,LOC108902877,0.0707161554814739,0.2406150870376945,0.2938974290934449,GCF_001640805.2,尖吻鲈 (Lates calcarifer)
LOC108892108,LOC108892106,0.0231024425544554,0.0109691169142342,2.1061351369567545,GCF_001640805.2,尖吻鲈 (Lates calcarifer)
LOC108896165,LOC108896323,0.0525501752568553,0.1344664432082569,0.3908051258221164,GCF_001640805.2,尖吻鲈 (Lates calcarifer)
LOC108896165,LOC108896252,0.115786939521795,0.480683391480848,0.2408798422701658,GCF_001640805.2,尖吻鲈 (Lates calcarifer)
LOC108900097,LOC108894777,0.0014402308794505,0.0048231677477178,0.2986068398993731,GCF_001640805.2,尖吻鲈 (Lates calcarifer)
LOC108900097,LOC108894781,0.031119416377017,0.0464814741212286,0.6695014942050729,GCF_001640805.2,尖吻鲈 (Lates calcarifer)
LOC108881942,LOC108881944,0.0872569184939489,0.1497311830394805,0.5827571566768517,GCF_001640805.2,尖吻鲈 (Lates calcarifer)
LOC108881942,LOC108891863,0.091961967006046,0.1501388113187262,0.6125129551666826,GCF_001640805.2,尖吻鲈 (Lates calcarifer)
LOC108881942,LOC127139667,0.0920080096645835,0.1804624888801372,0.5098456207466754,GCF_001640805.2,尖吻鲈 (Lates calcarifer)
LOC108881942,LOC108891862,0.0968357626681485,0.1802956840598115,0.5370941804465161,GCF_001640805.2,尖吻鲈 (Lates calcarifer)
LOC108881948,LOC108891845,0.0804413438044982,0.347662729555323,0.2313775304801482,GCF_001640805.2,尖吻鲈 (Lates calcarifer)
LOC108881948,LOC108881949,0.1340648571210326,0.6002481380844648,0.2233490595220596,GCF_001640805.2,尖吻鲈 (Lates calcarifer)
LOC108881948,LOC108881960,0.1355163918654472,0.4358106420261953,0.3109524614529759,GCF_001640805.2,尖吻鲈 (Lates calcarifer)
LOC108881948,LOC108881966,0.1376180529987589,0.4413431011606564,0.3118164816371824,GCF_001640805.2,尖吻鲈 (Lates calcarifer)
LOC108875528,LOC108874517,0.0014021971833828,0.0155311848512599,0.0902826923258889,GCF_001640805.2,尖吻鲈 (Lates calcarifer)
LOC108875528,LOC108874214,0.0014021971833828,0.0103183054813675,0.1358941335779258,GCF_001640805.2,尖吻鲈 (Lates calcarifer)
LOC108875528,LOC108874521,0.0,0.0103807885589035,0.0,GCF_001640805.2,尖吻鲈 (Lates calcarifer)
LOC108875528,LOC108875529,0.0245387209672256,0.0298844314103997,0.8211205570632399,GCF_001640805.2,尖吻鲈 (Lates calcarifer)
LOC108874517,LOC108874214,0.0028076775887491,0.005137006384181,0.5465591005288828,GCF_001640805.2,尖吻鲈 (Lates calcarifer)
LOC108874517,LOC108874521,0.0014061405571921,0.0051679791045932,0.2720871212390132,GCF_001640805.2,尖吻鲈 (Lates calcarifer)
LOC108874517,LOC108875529,0.0262106935501708,0.048355111951662,0.5420459697492218,GCF_001640805.2,尖吻鲈 (Lates calcarifer)
LOC108874214,LOC108875529,0.0262106935501708,0.0421374597613066,0.6220283258327581,GCF_001640805.2,尖吻鲈 (Lates calcarifer)
LOC108898603,LOC108898608,0.0081522541776779,0.022778323407224,0.3578952687576842,GCF_001640805.2,尖吻鲈 (Lates calcarifer)
LOC108878079,LOC108891459,0.0256688429370048,0.0498625949111442,0.5147915583364063,GCF_001640805.2,尖吻鲈 (Lates calcarifer)
LOC108875524,LOC108874533,0.1279691377730726,0.2094662102424838,0.6109297419613983,GCF_001640805.2,尖吻鲈 (Lates calcarifer)
LOC108875524,LOC108875520,0.0735555605908447,0.1746785538764824,0.4210909637072957,GCF_001640805.2,尖吻鲈 (Lates calcarifer)
LOC108874521,LOC108875529,0.0246192782566636,0.0424355598335711,0.580156791926829,GCF_001640805.2,尖吻鲈 (Lates calcarifer)
LOC108892156,LOC108876352,0.0841868824897588,0.1153785249537297,0.7296581623271775,GCF_001640805.2,尖吻鲈 (Lates calcarifer)
LOC108891188,LOC127142975,0.2118681585423932,0.2731363635367292,0.7756863853607792,GCF_001640805.2,尖吻鲈 (Lates calcarifer)
LOC108872903,LOC108872904,0.0674781746161937,0.0788621898856273,0.8556467264484576,GCF_001640805.2,尖吻鲈 (Lates calcarifer)
LOC108872903,LOC108872858,0.143496646987069,0.2222851450195164,0.6455521216879792,GCF_001640805.2,尖吻鲈 (Lates calcarifer)
LOC108872903,LOC108900756,0.147005976716915,0.2158307138206494,0.6811170389728396,GCF_001640805.2,尖吻鲈 (Lates calcarifer)
LOC108891026,LOC127142975,0.2118681585423932,0.2731363635367292,0.7756863853607792,GCF_001640805.2,尖吻鲈 (Lates calcarifer)
LOC108887208,LOC127142450,0.0761257478742363,0.2360148102325915,0.3225464868040052,GCF_001640805.2,尖吻鲈 (Lates calcarifer)
LOC108875798,LOC108875796,0.0414405864812071,0.0225190126451234,1.84024882148557,GCF_001640805.2,尖吻鲈 (Lates calcarifer)
LOC108875798,LOC127142438,0.0457351519961141,0.1125099851709726,0.4064986047826249,GCF_001640805.2,尖吻鲈 (Lates calcarifer)
LOC108894777,LOC108894781,0.029356265403379,0.0464814741212286,0.6315691564947965,GCF_001640805.2,尖吻鲈 (Lates calcarifer)
LOC108900528,LOC108899603,0.0835693013706878,0.070349190478536,1.1879212937949202,GCF_001640805.2,尖吻鲈 (Lates calcarifer)
LOC108900528,LOC108900662,0.0,0.0073710667021969,0.0,GCF_001640805.2,尖吻鲈 (Lates calcarifer)
LOC108900528,LOC108900534,0.1077228785025038,0.096711215706369,1.1138612798495682,GCF_001640805.2,尖吻鲈 (Lates calcarifer)
LOC108900528,LOC108887405,0.0866818437052161,0.1022124710635661,0.8480554554963118,GCF_001640805.2,尖吻鲈 (Lates calcarifer)
LOC108902935,LOC108889239,0.1210048375497957,0.4649869535269543,0.2602327584289553,GCF_001640805.2,尖吻鲈 (Lates calcarifer)
LOC108902935,LOC108902900,0.1210048375497957,0.4649869535269543,0.2602327584289553,GCF_001640805.2,尖吻鲈 (Lates calcarifer)
LOC108902935,LOC108889238,0.1151653288447955,0.3818836327015437,0.301571785179915,GCF_001640805.2,尖吻鲈 (Lates calcarifer)
LOC108902935,LOC108902899,0.1151653288447955,0.3818836327015437,0.301571785179915,GCF_001640805.2,尖吻鲈 (Lates calcarifer)
LOC108872904,LOC108900756,0.1577046292941409,0.2432423846081597,0.6483435423813494,GCF_001640805.2,尖吻鲈 (Lates calcarifer)
LOC108872904,LOC108872858,0.1577476058011672,0.2500049194761722,0.6309780068795888,GCF_001640805.2,尖吻鲈 (Lates calcarifer)
LOC108892074,LOC108891439,0.1812832606369667,0.2029093426565951,0.8934199789103427,GCF_001640805.2,尖吻鲈 (Lates calcarifer)
LOC108892074,LOC108874504,0.3295765660405449,0.3922400037564027,0.8402421040288018,GCF_001640805.2,尖吻鲈 (Lates calcarifer)
LOC108894469,LOC108894471,0.0899973996172336,0.149142370613471,0.6034328088459712,GCF_001640805.2,尖吻鲈 (Lates calcarifer)
LOC108894469,LOC127142721,0.0916620127167301,0.1490030210966129,0.6151688203509437,GCF_001640805.2,尖吻鲈 (Lates calcarifer)
LOC108892070,LOC108886829,0.3161601177503715,0.6685272360650572,0.4729203249987031,GCF_001640805.2,尖吻鲈 (Lates calcarifer)
LOC108892070,LOC108885861,0.3443059190351587,0.7302455726498351,0.4714933331068056,GCF_001640805.2,尖吻鲈 (Lates calcarifer)
LOC108891296,LOC108891297,0.1810787427244906,0.4973372882296218,0.3640964532723437,GCF_001640805.2,尖吻鲈 (Lates calcarifer)
LOC108891296,LOC108891301,0.2061846534971869,0.4865133724550117,0.4238005883718088,GCF_001640805.2,尖吻鲈 (Lates calcarifer)
LOC108891296,LOC108891303,0.1990516309574785,0.6107243349618245,0.3259271320339985,GCF_001640805.2,尖吻鲈 (Lates calcarifer)
LOC108891296,LOC108891299,0.2052119298497164,0.4826872669078678,0.4251446928863899,GCF_001640805.2,尖吻鲈 (Lates calcarifer)
LOC108891962,LOC108886829,0.3161601177503715,0.6685272360650572,0.4729203249987031,GCF_001640805.2,尖吻鲈 (Lates calcarifer)
LOC108891962,LOC108885861,0.3443059190351587,0.7302455726498351,0.4714933331068056,GCF_001640805.2,尖吻鲈 (Lates calcarifer)
LOC108873757,LOC108891073,0.0,0.0049180504096192,0.0,GCF_001640805.2,尖吻鲈 (Lates calcarifer)
LOC108891073,LOC108895464,0.0,0.0049180504096192,0.0,GCF_001640805.2,尖吻鲈 (Lates calcarifer)
LOC108901532,LOC108901500,0.0395655827132481,0.0340967805575679,1.1603905725482455,GCF_001640805.2,尖吻鲈 (Lates calcarifer)
LOC108885712,LOC108901500,0.046075197922037,0.034040153278293,1.3535543610909222,GCF_001640805.2,尖吻鲈 (Lates calcarifer)
LOC108882469,LOC127142402,0.1877090215555305,0.2837188204493286,0.6616022908112112,GCF_001640805.2,尖吻鲈 (Lates calcarifer)
LOC108882469,LOC108882432,0.2271875133026955,0.3258271328727369,0.6972639488296742,GCF_001640805.2,尖吻鲈 (Lates calcarifer)
LOC108882469,LOC108882471,0.2878281181372065,0.3433925251835834,0.8381898178573596,GCF_001640805.2,尖吻鲈 (Lates calcarifer)
otud6b,LOC108895550,0.0434083399334781,0.0522599404784923,0.8306236007165545,GCF_001640805.2,尖吻鲈 (Lates calcarifer)
LOC127140512,LOC108895225,0.2183137417209445,0.5489404248644283,0.3977002454772053,GCF_001640805.2,尖吻鲈 (Lates calcarifer)
LOC108892679,LOC108887054,0.1153399044487343,0.1471909883234089,0.7836071064032045,GCF_001640805.2,尖吻鲈 (Lates calcarifer)
LOC108892679,LOC108887006,0.1258896929574948,0.1164985508616961,1.080611664491412,GCF_001640805.2,尖吻鲈 (Lates calcarifer)
pitx3,LOC108886071,0.0106479162026833,0.0122576783566174,0.8686731608465598,GCF_001640805.2,尖吻鲈 (Lates calcarifer)
atp1b2a,LOC108882326,0.0154600378152341,0.0309641497595881,0.499288303902059,GCF_001640805.2,尖吻鲈 (Lates calcarifer)
LOC108880057,LOC108880061,0.0476228538631024,0.1381301738010522,0.3447679283433991,GCF_001640805.2,尖吻鲈 (Lates calcarifer)
LOC108880057,LOC108872836,0.1049488600949901,0.2925960149324694,0.3586817821808412,GCF_001640805.2,尖吻鲈 (Lates calcarifer)
LOC108880057,LOC108880063,0.1066377696434618,0.2928953032494731,0.3640815283153696,GCF_001640805.2,尖吻鲈 (Lates calcarifer)
LOC108880057,LOC108880060,0.1009314114520989,0.2724537521326219,0.3704533729561877,GCF_001640805.2,尖吻鲈 (Lates calcarifer)
LOC108900756,LOC108872858,0.0028908732491323,0.0050718705542228,0.5699816701207892,GCF_001640805.2,尖吻鲈 (Lates calcarifer)
LOC108889947,LOC108884650,0.0060499445776901,0.0044150237870485,1.3703084897158768,GCF_001640805.2,尖吻鲈 (Lates calcarifer)
LOC108888319,LOC108890024,0.1193744008875002,0.2788942190319218,0.4280275199029381,GCF_001640805.2,尖吻鲈 (Lates calcarifer)
LOC108877253,LOC108877223,0.0672282207275061,0.2292704657724104,0.293226694075117,GCF_001640805.2,尖吻鲈 (Lates calcarifer)
LOC108877253,LOC108877254,0.091486465339779,0.3525436061230327,0.2595039698659336,GCF_001640805.2,尖吻鲈 (Lates calcarifer)
LOC108877253,LOC108877252,0.1068903454286752,0.2651172482275837,0.4031814080120419,GCF_001640805.2,尖吻鲈 (Lates calcarifer)
LOC108874533,LOC108875520,0.0927678770903071,0.167925323133236,0.5524353049283867,GCF_001640805.2,尖吻鲈 (Lates calcarifer)
LOC108892806,LOC108892683,0.1989574008408468,0.2716027735084707,0.7325308142872914,GCF_001640805.2,尖吻鲈 (Lates calcarifer)
LOC108892806,LOC108892790,0.0616605818100523,0.0735883919688925,0.8379117977753566,GCF_001640805.2,尖吻鲈 (Lates calcarifer)
LOC108892806,asgr1a,0.370128798760215,0.6772118362024349,0.5465480355980882,GCF_001640805.2,尖吻鲈 (Lates calcarifer)
LOC108892806,LOC108892791,0.3725199083475749,0.6792331826097497,0.5484418575021305,GCF_001640805.2,尖吻鲈 (Lates calcarifer)
LOC108891452,LOC108891906,0.0038138907510559,0.0217581737678811,0.1752854256861378,GCF_001640805.2,尖吻鲈 (Lates calcarifer)
LOC108890947,LOC108874780,0.1109976106896599,0.1274242775965479,0.8710868351249494,GCF_001640805.2,尖吻鲈 (Lates calcarifer)
LOC108898220,LOC108897861,0.0357150879255571,0.0343500626740365,1.039738653884679,GCF_001640805.2,尖吻鲈 (Lates calcarifer)
LOC108874504,LOC108891439,0.3572251898982927,0.5256723201046338,0.679558683681857,GCF_001640805.2,尖吻鲈 (Lates calcarifer)
LOC108873889,LOC108885347,0.0014673518987248,0.0049464317795509,0.2966485669105956,GCF_001640805.2,尖吻鲈 (Lates calcarifer)
LOC127140537,LOC127139283,0.0014605652132966,0.0151775837155146,0.0962317349502527,GCF_001640805.2,尖吻鲈 (Lates calcarifer)
LOC127140537,LOC127142283,0.0191141843586157,0.0345193667964615,0.553723492997997,GCF_001640805.2,尖吻鲈 (Lates calcarifer)
LOC127140537,LOC108885831,0.375071930320068,0.509429062885359,0.7362593884920804,GCF_001640805.2,尖吻鲈 (Lates calcarifer)
LOC127140537,LOC108885876,0.3857693972604767,0.5524513573546722,0.6982866312568654,GCF_001640805.2,尖吻鲈 (Lates calcarifer)
LOC127139283,LOC127142283,0.0206645725076144,0.0510035468355429,0.4051595190868945,GCF_001640805.2,尖吻鲈 (Lates calcarifer)
LOC127139283,LOC108885831,0.3791614249988605,0.5633945810276526,0.6729944478827894,GCF_001640805.2,尖吻鲈 (Lates calcarifer)
LOC127139283,LOC108885876,0.3857693972604767,0.5524513573546722,0.6982866312568654,GCF_001640805.2,尖吻鲈 (Lates calcarifer)
LOC108878968,LOC108879189,0.0192384898340838,0.0183138955111093,1.0504859450799873,GCF_001640805.2,尖吻鲈 (Lates calcarifer)
LOC108896323,LOC108896252,0.0945948452572762,0.6100027171851699,0.1550728260585132,GCF_001640805.2,尖吻鲈 (Lates calcarifer)
LOC127140495,LOC108899956,0.2926215917428309,0.6681918609418038,0.4379304939907324,GCF_001640805.2,尖吻鲈 (Lates calcarifer)
LOC108892738,LOC108892796,0.0142334266509607,0.0090362538871308,1.5751468284032588,GCF_001640805.2,尖吻鲈 (Lates calcarifer)
LOC108892738,LOC127138914,0.1332282806111461,0.1072311385890166,1.2424402311139155,GCF_001640805.2,尖吻鲈 (Lates calcarifer)
LOC108892738,LOC108892760,0.1934577925045912,0.2443644615630458,0.791677281005443,GCF_001640805.2,尖吻鲈 (Lates calcarifer)
LOC108892738,LOC108892687,0.1113353914756432,0.1306258163002662,0.8523230294670042,GCF_001640805.2,尖吻鲈 (Lates calcarifer)
LOC108891442,LOC108895776,0.1188564566454248,0.2128456939595779,0.5584160733267978,GCF_001640805.2,尖吻鲈 (Lates calcarifer)
LOC108891442,LOC108897220,0.1188879237641783,0.2193145775644937,0.542088561026989,GCF_001640805.2,尖吻鲈 (Lates calcarifer)
LOC108891442,LOC108895779,0.130544291514953,0.2215065614115019,0.5893472892319223,GCF_001640805.2,尖吻鲈 (Lates calcarifer)
LOC108891442,LOC108897217,0.1339245719960314,0.2215525501314531,0.6044821958337664,GCF_001640805.2,尖吻鲈 (Lates calcarifer)
hacd2,LOC108897097,0.0,0.004672912312977,0.0,GCF_001640805.2,尖吻鲈 (Lates calcarifer)
LOC108880283,LOC108889543,0.0043062319257564,0.0055658882532126,0.7736827851818475,GCF_001640805.2,尖吻鲈 (Lates calcarifer)
LOC108879779,LOC108884596,0.0,0.0100504016531115,0.0,GCF_001640805.2,尖吻鲈 (Lates calcarifer)
LOC108897219,LOC108895778,0.002942622705695,0.0101696473392241,0.2893534660091271,GCF_001640805.2,尖吻鲈 (Lates calcarifer)
LOC108897219,LOC108895777,0.0269221327444325,0.0152806643963529,1.7618430747591067,GCF_001640805.2,尖吻鲈 (Lates calcarifer)
LOC108897219,LOC108895776,0.039771081957848,0.050177254925619,0.7926117524125881,GCF_001640805.2,尖吻鲈 (Lates calcarifer)
LOC108897219,LOC108897220,0.0413341613726701,0.0555166649189649,0.7445361034025312,GCF_001640805.2,尖吻鲈 (Lates calcarifer)
LOC108895778,LOC108895777,0.0238945047294209,0.015254763177842,1.56636353189202,GCF_001640805.2,尖吻鲈 (Lates calcarifer)
LOC108895778,LOC108895776,0.0366938072885334,0.0500905534603424,0.7325494480228605,GCF_001640805.2,尖吻鲈 (Lates calcarifer)
LOC108895778,LOC108897220,0.0382504894536172,0.0554204723412928,0.6901869983723945,GCF_001640805.2,尖吻鲈 (Lates calcarifer)
LOC108895777,LOC108897220,0.0320958216473234,0.0499610618114879,0.6424167238163738,GCF_001640805.2,尖吻鲈 (Lates calcarifer)
LOC108895777,LOC108895776,0.0336261050514769,0.0446739540664293,0.7527004437860031,GCF_001640805.2,尖吻鲈 (Lates calcarifer)
LOC108875955,LOC108875858,0.2804781329257202,0.7002618559395195,0.4005332156060557,GCF_001640805.2,尖吻鲈 (Lates calcarifer)
LOC108876335,LOC108893407,0.15184644382116,0.1962611780449757,0.7736957728153578,GCF_001640805.2,尖吻鲈 (Lates calcarifer)
LOC108885840,LOC108902367,0.0280865957861511,0.0340139259397197,0.8257381354897649,GCF_001640805.2,尖吻鲈 (Lates calcarifer)
LOC108885840,LOC108902354,0.4780937060245173,0.6608995590471631,0.7233984339674822,GCF_001640805.2,尖吻鲈 (Lates calcarifer)
LOC108885840,LOC127139286,0.3551033144572969,0.5468374922252367,0.6493763129010794,GCF_001640805.2,尖吻鲈 (Lates calcarifer)
LOC108885840,LOC108902366,0.4723667055899961,0.6489002357101676,0.7279496594311293,GCF_001640805.2,尖吻鲈 (Lates calcarifer)
LOC108888162,LOC108882382,0.2805759434193326,0.6668175146929977,0.4207687069355243,GCF_001640805.2,尖吻鲈 (Lates calcarifer)
LOC108901447,LOC108901446,0.0294229331751869,0.054381017258087,0.5410515407526957,GCF_001640805.2,尖吻鲈 (Lates calcarifer)
LOC108901447,LOC108901468,0.0374661690091071,0.0718940822440143,0.5211300824724892,GCF_001640805.2,尖吻鲈 (Lates calcarifer)
LOC108901447,LOC108901449,0.0856662472736378,0.178706344637339,0.4793688072322569,GCF_001640805.2,尖吻鲈 (Lates calcarifer)
LOC108901446,LOC108901449,0.0625870668051238,0.1166013693370011,0.5367609931255158,GCF_001640805.2,尖吻鲈 (Lates calcarifer)
LOC108901446,LOC108901468,0.0522242908514087,0.111424003584564,0.4686987468707646,GCF_001640805.2,尖吻鲈 (Lates calcarifer)
LOC127142284,LOC108902384,0.2900341608852897,0.4612460351322872,0.628805753966225,GCF_001640805.2,尖吻鲈 (Lates calcarifer)
LOC127142284,LOC108885831,0.4450762296173103,0.6869074255837183,0.6479420851202687,GCF_001640805.2,尖吻鲈 (Lates calcarifer)
LOC108888380,LOC108882213,0.2321387173004044,0.5723998463687962,0.4055534234906797,GCF_001640805.2,尖吻鲈 (Lates calcarifer)
LOC108888380,LOC108888376,0.2828201659671289,0.6301713667637493,0.448798820263057,GCF_001640805.2,尖吻鲈 (Lates calcarifer)
LOC108888380,LOC108888381,0.2534936564973967,0.6173484091842514,0.4106168457327959,GCF_001640805.2,尖吻鲈 (Lates calcarifer)
LOC108888380,LOC108882225,0.3437564814076339,0.6182416820487994,0.5560228166248105,GCF_001640805.2,尖吻鲈 (Lates calcarifer)
LOC108888325,echs1,0.0015007508759386,0.0048701469829112,0.3081530970635132,GCF_001640805.2,尖吻鲈 (Lates calcarifer)
LOC108892222,LOC108892184,0.0,0.0050083658569541,0.0,GCF_001640805.2,尖吻鲈 (Lates calcarifer)
LOC108893972,LOC108893970,0.3461548535191689,0.570472108306147,0.6067866394852788,GCF_001640805.2,尖吻鲈 (Lates calcarifer)
LOC108880578,LOC108880560,0.2279715746736469,0.3363102685315944,0.6778608802788617,GCF_001640805.2,尖吻鲈 (Lates calcarifer)
LOC108880578,LOC108879676,0.2319909356664468,0.3455458400874097,0.6713752815191238,GCF_001640805.2,尖吻鲈 (Lates calcarifer)
LOC108892262,LOC108892263,0.1467873621735395,0.2474118202066177,0.5932916303309799,GCF_001640805.2,尖吻鲈 (Lates calcarifer)
LOC108892262,LOC108892307,0.1532236142338811,0.2584847760548437,0.5927761648963459,GCF_001640805.2,尖吻鲈 (Lates calcarifer)
LOC108892262,LOC108887013,0.1490904255345266,0.2473541589472675,0.6027407267743199,GCF_001640805.2,尖吻鲈 (Lates calcarifer)
LOC108892262,LOC108887055,0.154797855931727,0.248091377625102,0.6239550016351093,GCF_001640805.2,尖吻鲈 (Lates calcarifer)
LOC127142402,LOC108882471,0.2011440297146764,0.2398357446050829,0.838674110257765,GCF_001640805.2,尖吻鲈 (Lates calcarifer)
LOC127142402,LOC108882432,0.165407077210614,0.2326161962278798,0.7110729170748493,GCF_001640805.2,尖吻鲈 (Lates calcarifer)
LOC108876876,LOC108877018,0.0363192256418173,0.1168860600950872,0.3107233284471353,GCF_001640805.2,尖吻鲈 (Lates calcarifer)
LOC108902237,LOC108902243,0.053397452642706,0.1066377696434616,0.5007367729204948,GCF_001640805.2,尖吻鲈 (Lates calcarifer)
LOC108902237,LOC108886359,0.0568129639609812,0.0931098925105151,0.6101710831055377,GCF_001640805.2,尖吻鲈 (Lates calcarifer)
LOC108902237,LOC108886368,0.0623330647745523,0.1134232272929426,0.5495617278951365,GCF_001640805.2,尖吻鲈 (Lates calcarifer)
LOC108882225,LOC108882213,0.1558261668413392,0.3728492224754908,0.4179334633092401,GCF_001640805.2,尖吻鲈 (Lates calcarifer)
LOC108882225,LOC108888377,0.0538630177886189,0.0459265487825376,1.1728078685742411,GCF_001640805.2,尖吻鲈 (Lates calcarifer)
LOC108882225,LOC108888376,0.1936065562436835,0.3431830081348868,0.5641495984777521,GCF_001640805.2,尖吻鲈 (Lates calcarifer)
LOC108891392,st6galnac4,0.0,0.0054545694968098,0.0,GCF_001640805.2,尖吻鲈 (Lates calcarifer)
LOC108885835,LOC108902369,0.2194405571049257,0.2926077400602981,0.7499478894840759,GCF_001640805.2,尖吻鲈 (Lates calcarifer)
LOC108901802,LOC108895786,0.2051619679716073,0.5380500720595099,0.3813064594272851,GCF_001640805.2,尖吻鲈 (Lates calcarifer)
LOC108901802,LOC108897221,0.2074720247448841,0.5352020896394512,0.3876517464359145,GCF_001640805.2,尖吻鲈 (Lates calcarifer)
LOC108901802,LOC108895776,0.2518692691562353,0.6886664635279588,0.3657347678380303,GCF_001640805.2,尖吻鲈 (Lates calcarifer)
LOC108901802,LOC108897220,0.2562457680910644,0.6876630207371193,0.3726327581442283,GCF_001640805.2,尖吻鲈 (Lates calcarifer)
LOC108892796,LOC127138914,0.1352918917821755,0.1070426494546033,1.263906419277791,GCF_001640805.2,尖吻鲈 (Lates calcarifer)
LOC108892796,LOC108892760,0.1718037857537502,0.2426225985668089,0.708111226112526,GCF_001640805.2,尖吻鲈 (Lates calcarifer)
LOC108892796,LOC108892687,0.1086502958879669,0.1347138349298773,0.8065266343618144,GCF_001640805.2,尖吻鲈 (Lates calcarifer)
LOC108889244,LOC108902877,0.1537666250727401,0.3805285416734269,0.404086969131225,GCF_001640805.2,尖吻鲈 (Lates calcarifer)
LOC108889244,LOC108889239,0.1628889312979345,0.510785080219393,0.3188991566237024,GCF_001640805.2,尖吻鲈 (Lates calcarifer)
LOC108889244,LOC108902900,0.1628889312979345,0.510785080219393,0.3188991566237024,GCF_001640805.2,尖吻鲈 (Lates calcarifer)
LOC108888376,LOC108882213,0.1256199342908866,0.3395215842281386,0.3699910112532858,GCF_001640805.2,尖吻鲈 (Lates calcarifer)
LOC108891969,LOC108892263,0.0330501938699163,0.0200178688471965,1.6510345892562333,GCF_001640805.2,尖吻鲈 (Lates calcarifer)
LOC108891969,LOC108892307,0.0398265310239218,0.0500326748788323,0.7960104295917124,GCF_001640805.2,尖吻鲈 (Lates calcarifer)
LOC108891969,LOC108892715,0.1098565687656141,0.148725104357287,0.7386551802424841,GCF_001640805.2,尖吻鲈 (Lates calcarifer)
LOC108891969,LOC108887055,0.1204634001075704,0.1018511558692963,1.1827396466875533,GCF_001640805.2,尖吻鲈 (Lates calcarifer)
LOC108886828,LOC108886861,0.0255399842419886,0.0612585232607003,0.4169213177617276,GCF_001640805.2,尖吻鲈 (Lates calcarifer)
LOC108886066,slc25a10b,0.0,0.01513928611478,0.0,GCF_001640805.2,尖吻鲈 (Lates calcarifer)
LOC108877279,LOC108893016,0.0060301832389241,0.0319197108140969,0.1889172265389392,GCF_001640805.2,尖吻鲈 (Lates calcarifer)
LOC108877279,LOC108877302,0.0381739196534742,0.0539344361927146,0.7077837898791417,GCF_001640805.2,尖吻鲈 (Lates calcarifer)
LOC108877279,LOC108893013,0.0382191689825527,0.0407198117749966,0.9385890385186048,GCF_001640805.2,尖吻鲈 (Lates calcarifer)
LOC108877279,LOC108893015,0.0843480509723482,0.0747371083967338,1.1285966607725275,GCF_001640805.2,尖吻鲈 (Lates calcarifer)
LOC108893016,LOC108877302,0.0400213493325051,0.0604140017336149,0.6624515540118067,GCF_001640805.2,尖吻鲈 (Lates calcarifer)
LOC108893016,LOC108893013,0.0400688750051854,0.0342383100197042,1.1702935974972382,GCF_001640805.2,尖吻鲈 (Lates calcarifer)
LOC108893016,LOC108893015,0.0785332155667729,0.0477868607895808,1.6434060381697204,GCF_001640805.2,尖吻鲈 (Lates calcarifer)
LOC127142283,LOC108885831,0.3876509536664649,0.5133442714517296,0.7551481047410816,GCF_001640805.2,尖吻鲈 (Lates calcarifer)
LOC127142283,LOC108902357,0.412000296367407,0.5800703478976124,0.7102591915974453,GCF_001640805.2,尖吻鲈 (Lates calcarifer)
LOC108892307,LOC108892263,0.0502124773928633,0.0474466475834747,1.058293471725743,GCF_001640805.2,尖吻鲈 (Lates calcarifer)
LOC108892307,LOC108887055,0.1110628791606785,0.0890532672501254,1.2471510882215506,GCF_001640805.2,尖吻鲈 (Lates calcarifer)
LOC108892307,LOC108892715,0.1010658154834022,0.1497539111029726,0.6748793052483827,GCF_001640805.2,尖吻鲈 (Lates calcarifer)
LOC108891941,exosc3,0.0,0.0095239375028455,0.0,GCF_001640805.2,尖吻鲈 (Lates calcarifer)
LOC108885861,LOC108902408,0.0258256059012549,0.0297236747592534,0.8688564287703038,GCF_001640805.2,尖吻鲈 (Lates calcarifer)
LOC108885861,LOC108886829,0.1675066059943385,0.2048030439530375,0.817891193222444,GCF_001640805.2,尖吻鲈 (Lates calcarifer)
LOC108885861,LOC108886863,0.03716056719678,0.0408168255158054,0.9104227662778536,GCF_001640805.2,尖吻鲈 (Lates calcarifer)
LOC108885825,LOC108885826,0.3863750178428053,0.6922767958435336,0.5581221559968806,GCF_001640805.2,尖吻鲈 (Lates calcarifer)
LOC108892263,LOC108887055,0.1070530486302626,0.0787608262631877,1.359216931936866,GCF_001640805.2,尖吻鲈 (Lates calcarifer)
LOC108892263,LOC108892715,0.0826650629799437,0.1098637062186854,0.7524328627271831,GCF_001640805.2,尖吻鲈 (Lates calcarifer)
LOC108887449,LOC127142638,0.4619715389777361,0.6015491358420603,0.7679697491894146,GCF_001640805.2,尖吻鲈 (Lates calcarifer)
LOC108887449,LOC108887483,0.3881346686138995,0.6100397977316483,0.6362448319882188,GCF_001640805.2,尖吻鲈 (Lates calcarifer)
LOC108887449,LOC108887506,0.3671611689890293,0.5921463048912272,0.6200514399164816,GCF_001640805.2,尖吻鲈 (Lates calcarifer)
LOC108897841,si_rp71-45k5.2,0.0474944061163488,0.0453875121823133,1.0464201237902722,GCF_001640805.2,尖吻鲈 (Lates calcarifer)
LOC108887670,cuedc2,0.0,0.0053286192178084,0.0,GCF_001640805.2,尖吻鲈 (Lates calcarifer)
LOC108885753,LOC108875778,0.0562525312702466,0.0480459810396574,1.170806174689523,GCF_001640805.2,尖吻鲈 (Lates calcarifer)
LOC108885753,LOC108875784,0.0576837675766605,0.045932718930539,1.2558317669783894,GCF_001640805.2,尖吻鲈 (Lates calcarifer)
LOC127141593,LOC108875521,0.0015048914003172,0.0109590990992197,0.1373188969907584,GCF_001640805.2,尖吻鲈 (Lates calcarifer)
LOC127141593,LOC108874520,0.0015052689448256,0.0109490995658644,0.1374787886228181,GCF_001640805.2,尖吻鲈 (Lates calcarifer)
LOC127141593,LOC108891278,0.0015052689448256,0.0109490995658644,0.1374787886228181,GCF_001640805.2,尖吻鲈 (Lates calcarifer)
LOC127141593,LOC108874513,0.0030135650791102,0.0164841800390814,0.182815588762412,GCF_001640805.2,尖吻鲈 (Lates calcarifer)
LOC108887055,LOC108887013,0.0046523798705088,0.0099586525395577,0.4671696147675278,GCF_001640805.2,尖吻鲈 (Lates calcarifer)
LOC108877194,LOC108873918,0.3343104483309129,0.4013119510586626,0.8330438389611887,GCF_001640805.2,尖吻鲈 (Lates calcarifer)
LOC108891199,nkx6.2,0.0,0.005128225108203,0.0,GCF_001640805.2,尖吻鲈 (Lates calcarifer)
LOC108898604,LOC108889279,0.0076982969961766,0.03276226063251,0.2349745361752478,GCF_001640805.2,尖吻鲈 (Lates calcarifer)
LOC108898604,LOC108889278,0.048705235114659,0.0392980437451959,1.239380652901153,GCF_001640805.2,尖吻鲈 (Lates calcarifer)
LOC108887013,LOC108892263,0.1089645132790473,0.0899279454191407,1.2116868985628426,GCF_001640805.2,尖吻鲈 (Lates calcarifer)
LOC108887013,LOC108892307,0.1129887944569824,0.1003298571732516,1.1261731815472544,GCF_001640805.2,尖吻鲈 (Lates calcarifer)
LOC108887013,LOC108891969,0.1168566726129526,0.1074235056263765,1.0878128760700203,GCF_001640805.2,尖吻鲈 (Lates calcarifer)
LOC108895059,LOC108895065,0.3868677514884289,0.607033969143682,0.6373082416362422,GCF_001640805.2,尖吻鲈 (Lates calcarifer)
LOC108895059,LOC108895067,0.4140514367250296,0.6734561949044684,0.6148156923313535,GCF_001640805.2,尖吻鲈 (Lates calcarifer)
LOC108895059,LOC108895063,0.4024929887846359,0.5935606445973551,0.6780991840482771,GCF_001640805.2,尖吻鲈 (Lates calcarifer)
LOC108875755,LOC108886321,0.2020267494356682,0.2440124268891831,0.8279363146017868,GCF_001640805.2,尖吻鲈 (Lates calcarifer)
LOC108897597,LOC108895780,0.0045731849010889,0.0161296539157226,0.2835265359680864,GCF_001640805.2,尖吻鲈 (Lates calcarifer)
LOC108897597,LOC108895782,0.0501674803426565,0.1083384620539084,0.4630625116100833,GCF_001640805.2,尖吻鲈 (Lates calcarifer)
LOC108897597,LOC108895856,0.0510230873524528,0.1050073940886364,0.4858999482396868,GCF_001640805.2,尖吻鲈 (Lates calcarifer)
LOC108897597,LOC108897593,0.0526716904875229,0.0989008316535916,0.5325707540257077,GCF_001640805.2,尖吻鲈 (Lates calcarifer)
LOC108892784,LOC108892935,0.0456994132463681,0.0279930711647301,1.6325258839032637,GCF_001640805.2,尖吻鲈 (Lates calcarifer)
LOC108892784,LOC108892785,0.0456994132463681,0.0228250920601369,2.002156798577833,GCF_001640805.2,尖吻鲈 (Lates calcarifer)
LOC108898487,LOC108874704,0.0,0.0049751426217254,0.0,GCF_001640805.2,尖吻鲈 (Lates calcarifer)
LOC127143028,LOC108882936,0.2154585852375637,0.456185802580094,0.4723044514296013,GCF_001640805.2,尖吻鲈 (Lates calcarifer)
LOC108882213,LOC108888378,0.0,0.0145990010910775,0.0,GCF_001640805.2,尖吻鲈 (Lates calcarifer)
LOC108891845,LOC108881960,0.1579018428257503,0.5420205744981019,0.2913207547000658,GCF_001640805.2,尖吻鲈 (Lates calcarifer)
LOC108891845,LOC108881966,0.1702458835548475,0.5547293270670439,0.306899014074069,GCF_001640805.2,尖吻鲈 (Lates calcarifer)
LOC108879676,LOC108880560,0.0091697525340832,0.0054348063905753,1.6872270831919085,GCF_001640805.2,尖吻鲈 (Lates calcarifer)
LOC108873829,zgc_113223,0.0,0.0053381008266479,0.0,GCF_001640805.2,尖吻鲈 (Lates calcarifer)
LOC108899603,LOC108900534,0.0449510378352782,0.0299740189494768,1.4996666917121166,GCF_001640805.2,尖吻鲈 (Lates calcarifer)
LOC108899603,LOC108899605,0.0602242555543686,0.0402573408938514,1.4959819555187428,GCF_001640805.2,尖吻鲈 (Lates calcarifer)
LOC108899603,LOC108900657,0.0835058987425729,0.0467502988397932,1.786211015008394,GCF_001640805.2,尖吻鲈 (Lates calcarifer)
LOC108892935,LOC108892785,0.0,0.0050083658569541,0.0,GCF_001640805.2,尖吻鲈 (Lates calcarifer)
LOC108892715,LOC108892672,0.0339253813681115,0.036518369377199,0.928994967373695,GCF_001640805.2,尖吻鲈 (Lates calcarifer)
LOC108891480,zgc_56235,0.0,0.0101696473392241,0.0,GCF_001640805.2,尖吻鲈 (Lates calcarifer)
LOC108873924,LOC127140862,0.0561083022884542,0.0775067636261918,0.7239149161105415,GCF_001640805.2,尖吻鲈 (Lates calcarifer)
LOC108873924,LOC108897944,0.0577817279703468,0.0773585872922142,0.7469335983616427,GCF_001640805.2,尖吻鲈 (Lates calcarifer)
LOC108903062,LOC108903060,0.1182617369734477,0.180276457285887,0.6560021133869147,GCF_001640805.2,尖吻鲈 (Lates calcarifer)
LOC108887613,LOC108898783,0.1429335856771393,0.1614647551884367,0.8852308697977423,GCF_001640805.2,尖吻鲈 (Lates calcarifer)
LOC108873854,LOC108891782,0.0148795952902744,0.0082350539128028,1.806860701560373,GCF_001640805.2,尖吻鲈 (Lates calcarifer)
LOC108889279,LOC108889278,0.0345535128047991,0.0250952779227613,1.3768930119502405,GCF_001640805.2,尖吻鲈 (Lates calcarifer)
LOC127142638,LOC108887455,0.4299513502102954,0.5109845421847063,0.8414175277632572,GCF_001640805.2,尖吻鲈 (Lates calcarifer)
LOC108902408,LOC108886829,0.2058847205908551,0.250595677246469,0.8215812932334058,GCF_001640805.2,尖吻鲈 (Lates calcarifer)
LOC108902408,LOC108886863,0.0,0.0337135408966998,0.0,GCF_001640805.2,尖吻鲈 (Lates calcarifer)
LOC108890390,LOC108881982,0.0046201378135933,0.010850098813315,0.4258152753340495,GCF_001640805.2,尖吻鲈 (Lates calcarifer)
LOC108889727,colec11,0.0,0.0160433924859881,0.0,GCF_001640805.2,尖吻鲈 (Lates calcarifer)
LOC108887128,LOC108887124,0.1657388245199422,0.2265374597417284,0.7316177408756073,GCF_001640805.2,尖吻鲈 (Lates calcarifer)
LOC108887128,LOC108881937,0.1777086267228858,0.2161528927249647,0.8221431806096818,GCF_001640805.2,尖吻鲈 (Lates calcarifer)
LOC108901741,LOC108886000,0.0062435324145237,0.0105635549113042,0.5910446309927809,GCF_001640805.2,尖吻鲈 (Lates calcarifer)
LOC108901741,LOC127139292,0.1727108610826033,0.2528937458345055,0.6829384432291414,GCF_001640805.2,尖吻鲈 (Lates calcarifer)
LOC108901741,LOC127142259,0.1723049905714754,0.2408548039819702,0.7153894700160258,GCF_001640805.2,尖吻鲈 (Lates calcarifer)
LOC108879953,LOC108879954,0.2051634287720193,0.3524464810734152,0.5821122916227485,GCF_001640805.2,尖吻鲈 (Lates calcarifer)
LOC108879953,LOC108898284,0.2057476513392707,0.3612442119456129,0.5695527970708275,GCF_001640805.2,尖吻鲈 (Lates calcarifer)
LOC108874534,LOC127140919,0.3136491757776819,0.4159561996536008,0.7540437575852508,GCF_001640805.2,尖吻鲈 (Lates calcarifer)
LOC108874534,LOC108875522,0.3124150892644234,0.5514001377680547,0.5665850765453384,GCF_001640805.2,尖吻鲈 (Lates calcarifer)
LOC108892791,LOC108892683,0.3533124867694409,0.6711288074665814,0.5264451217690189,GCF_001640805.2,尖吻鲈 (Lates calcarifer)
LOC108892791,LOC108892790,0.2579677879885875,0.5507423210580993,0.4684001539830345,GCF_001640805.2,尖吻鲈 (Lates calcarifer)
asgr1a,LOC108892683,0.3509260109655932,0.669074362696374,0.5244947804476607,GCF_001640805.2,尖吻鲈 (Lates calcarifer)
asgr1a,LOC108892790,0.2546970142011719,0.5481656314070947,0.4646351387397022,GCF_001640805.2,尖吻鲈 (Lates calcarifer)
LOC108886000,LOC127139292,0.1703436253573445,0.2525697256783431,0.6744419779521931,GCF_001640805.2,尖吻鲈 (Lates calcarifer)
LOC108886000,LOC127142259,0.1699487559274559,0.2405504459513016,0.706499442374184,GCF_001640805.2,尖吻鲈 (Lates calcarifer)
LOC108894888,LOC127140810,0.0322514755792251,0.0569668741816511,0.566144378509946,GCF_001640805.2,尖吻鲈 (Lates calcarifer)
LOC108894888,LOC127139144,0.0730975508009399,0.0561665862243822,1.301441937541289,GCF_001640805.2,尖吻鲈 (Lates calcarifer)
LOC108894888,LOC108899973,0.0775960119883985,0.0446315617538267,1.7385905610113557,GCF_001640805.2,尖吻鲈 (Lates calcarifer)
LOC108882217,LOC108888379,0.0015822790678871,0.0050590411046486,0.3127626431881076,GCF_001640805.2,尖吻鲈 (Lates calcarifer)
LOC108887589,LOC108887590,0.293777567276612,0.5744933609617465,0.5113680805376157,GCF_001640805.2,尖吻鲈 (Lates calcarifer)
LOC108887589,LOC127138986,0.2905874111680509,0.3960505726503736,0.7337128923294761,GCF_001640805.2,尖吻鲈 (Lates calcarifer)
LOC127139605,LOC108890929,0.0546766695032067,0.04596032341351,1.1896493636755934,GCF_001640805.2,尖吻鲈 (Lates calcarifer)
rsu1,LOC108874198,0.0,0.0060606390404539,0.0,GCF_001640805.2,尖吻鲈 (Lates calcarifer)
LOC108902931,LOC108902904,0.1091774117764445,0.261684703952432,0.417209757114005,GCF_001640805.2,尖吻鲈 (Lates calcarifer)
LOC108902931,LOC108902888,0.1394280166049342,0.407495199009563,0.3421586731422132,GCF_001640805.2,尖吻鲈 (Lates calcarifer)
LOC108902931,LOC108902891,0.1383283059203507,0.4006158824897423,0.3452891209920831,GCF_001640805.2,尖吻鲈 (Lates calcarifer)
LOC108902931,LOC108902886,0.1490798712644698,0.4069085255915877,0.3663719531256532,GCF_001640805.2,尖吻鲈 (Lates calcarifer)
LOC108901449,LOC108901468,0.0854693069126118,0.1996267211333661,0.4281456231278362,GCF_001640805.2,尖吻鲈 (Lates calcarifer)
LOC108873663,rab36,0.0,0.0119524441971094,0.0,GCF_001640805.2,尖吻鲈 (Lates calcarifer)
LOC108900601,LOC108887515,0.1897613317221924,0.187898966720643,1.0099115233790414,GCF_001640805.2,尖吻鲈 (Lates calcarifer)
LOC108893838,LOC108893845,0.1159725731713663,0.288760873227655,0.4016214935045413,GCF_001640805.2,尖吻鲈 (Lates calcarifer)
LOC108893838,LOC108893856,0.3575485593172607,0.6119420533645867,0.5842849945536235,GCF_001640805.2,尖吻鲈 (Lates calcarifer)
LOC108900564,LOC108885745,0.0169272675487837,0.03180367461057,0.5322425083282016,GCF_001640805.2,尖吻鲈 (Lates calcarifer)
LOC108888424,LOC108881903,0.0110093719972868,0.0389336713737642,0.2827725104986006,GCF_001640805.2,尖吻鲈 (Lates calcarifer)
LOC108888423,LOC108881904,0.0208848835925471,0.0646139259126832,0.3232257334242502,GCF_001640805.2,尖吻鲈 (Lates calcarifer)
LOC108886829,LOC108886863,0.0396442049826601,0.0322781337599866,1.2282062301818957,GCF_001640805.2,尖吻鲈 (Lates calcarifer)
atg5,LOC108891182,0.0032491025543509,0.0044247915953912,0.734295047417633,GCF_001640805.2,尖吻鲈 (Lates calcarifer)
LOC108897221,LOC108891442,0.0783417471235272,0.1877041640268466,0.4173681896173721,GCF_001640805.2,尖吻鲈 (Lates calcarifer)
LOC108897221,LOC108895853,0.0989768083736911,0.3226599583480184,0.3067526844063357,GCF_001640805.2,尖吻鲈 (Lates calcarifer)
LOC108897221,LOC108895857,0.1063276889519637,0.4489263303790547,0.2368488586138064,GCF_001640805.2,尖吻鲈 (Lates calcarifer)
LOC108895786,LOC108891442,0.0764886890848442,0.1884858212106793,0.4058060632547487,GCF_001640805.2,尖吻鲈 (Lates calcarifer)
LOC108895786,LOC108895853,0.0970716842197013,0.324100016392744,0.2995115066642576,GCF_001640805.2,尖吻鲈 (Lates calcarifer)
LOC108895786,LOC108895857,0.1043991235263624,0.451134543541967,0.2314146079497692,GCF_001640805.2,尖吻鲈 (Lates calcarifer)
LOC127140211,LOC108889463,0.4256974211268524,0.6146767326908614,0.6925549617980218,GCF_001640805.2,尖吻鲈 (Lates calcarifer)
LOC108891816,LOC108873843,0.0,0.0163940953593743,0.0,GCF_001640805.2,尖吻鲈 (Lates calcarifer)
LOC108886360,LOC108902271,0.0015649457947151,0.0055970409011922,0.2796023510176332,GCF_001640805.2,尖吻鲈 (Lates calcarifer)
LOC108897020,LOC108872835,0.1077271316694296,0.3153337940046406,0.3416288825289823,GCF_001640805.2,尖吻鲈 (Lates calcarifer)
LOC108897020,LOC108872834,0.1121811195667434,0.3134437425257905,0.3578987369879079,GCF_001640805.2,尖吻鲈 (Lates calcarifer)
LOC108897020,LOC108872836,0.1156463350576256,0.3240303024522294,0.3568997534564685,GCF_001640805.2,尖吻鲈 (Lates calcarifer)
LOC108897020,LOC108880063,0.1174810058547827,0.3243791770529249,0.3621718475338963,GCF_001640805.2,尖吻鲈 (Lates calcarifer)
LOC108873253,LOC108890297,0.0049382894461344,0.0048583165835166,1.0164610233283529,GCF_001640805.2,尖吻鲈 (Lates calcarifer)
LOC108873253,LOC108873257,0.0226135432680605,0.0397849514355329,0.5683943916509054,GCF_001640805.2,尖吻鲈 (Lates calcarifer)
LOC108890297,LOC108873257,0.0196539251660762,0.0396031081027749,0.4962722904240715,GCF_001640805.2,尖吻鲈 (Lates calcarifer)
LOC127139317,LOC127139318,0.0221164061404893,0.0299649058810328,0.7380769433515394,GCF_001640805.2,尖吻鲈 (Lates calcarifer)
LOC127139317,LOC108886874,0.1382346198772591,0.2341413619797028,0.5903895779389989,GCF_001640805.2,尖吻鲈 (Lates calcarifer)
LOC127139317,LOC127138975,0.1369709118153662,0.2391014858741894,0.5728567989219341,GCF_001640805.2,尖吻鲈 (Lates calcarifer)
LOC127139317,LOC108886873,0.1670235133353312,0.2434188521215233,0.6861568521896867,GCF_001640805.2,尖吻鲈 (Lates calcarifer)
LOC127138988,LOC108889318,0.0,0.0052910272349174,0.0,GCF_001640805.2,尖吻鲈 (Lates calcarifer)
LOC127138988,LOC108889319,0.3577295300057787,0.6015373519816279,0.5946921314650206,GCF_001640805.2,尖吻鲈 (Lates calcarifer)
LOC108875485,LOC108896971,0.0175961150092485,0.0168074260496881,1.046925029283413,GCF_001640805.2,尖吻鲈 (Lates calcarifer)
LOC108891076,LOC108874160,0.0,0.0174089053959138,0.0,GCF_001640805.2,尖吻鲈 (Lates calcarifer)
LOC108889318,LOC108889319,0.3577295300057787,0.5887438648031955,0.6076148753165521,GCF_001640805.2,尖吻鲈 (Lates calcarifer)
LOC108889318,LOC127139319,0.3911095208911856,0.7351083466414161,0.5320433684069811,GCF_001640805.2,尖吻鲈 (Lates calcarifer)
LOC108891676,LOC108890251,0.2885096239581155,0.5626363222935168,0.5127817251151544,GCF_001640805.2,尖吻鲈 (Lates calcarifer)
LOC108891676,LOC108890177,0.2912780060616479,0.5761299396382978,0.5055769298233592,GCF_001640805.2,尖吻鲈 (Lates calcarifer)
LOC108891676,LOC108890252,0.2984738047137129,0.567564322885888,0.5258854242212874,GCF_001640805.2,尖吻鲈 (Lates calcarifer)
LOC108891676,LOC108877201,0.2911329258909681,0.5559794738580406,0.5236397017874507,GCF_001640805.2,尖吻鲈 (Lates calcarifer)
LOC108901432,LOC127139311,0.2188525067693665,0.3029912748867379,0.7223063002430563,GCF_001640805.2,尖吻鲈 (Lates calcarifer)
LOC108901432,LOC108873900,0.2313623647851204,0.475010067942868,0.4870683389661282,GCF_001640805.2,尖吻鲈 (Lates calcarifer)
LOC108901432,LOC108873899,0.0,0.0083799754485938,0.0,GCF_001640805.2,尖吻鲈 (Lates calcarifer)
LOC108901432,LOC108892769,0.2313623647851204,0.475010067942868,0.4870683389661282,GCF_001640805.2,尖吻鲈 (Lates calcarifer)
LOC108901145,LOC108872876,0.0163627979008724,0.0340645113896772,0.4803473536928784,GCF_001640805.2,尖吻鲈 (Lates calcarifer)
LOC108882005,LOC127143264,0.2121165604874901,0.2236295684904393,0.9485175056202758,GCF_001640805.2,尖吻鲈 (Lates calcarifer)
LOC108882005,LOC108896022,0.3516171689934331,0.4498387222266897,0.7816516267273245,GCF_001640805.2,尖吻鲈 (Lates calcarifer)
LOC108882005,LOC127143266,0.2916979501877487,0.3706985517892329,0.7868872127496161,GCF_001640805.2,尖吻鲈 (Lates calcarifer)
LOC108882005,LOC108890106,0.3256778208096652,0.3834998318900073,0.8492254591211235,GCF_001640805.2,尖吻鲈 (Lates calcarifer)
LOC108902128,LOC108902129,0.1844927562228994,0.6548793938201614,0.2817202036953442,GCF_001640805.2,尖吻鲈 (Lates calcarifer)
LOC108886827,LOC108886830,0.300549368706049,0.6593673828248136,0.4558147347514482,GCF_001640805.2,尖吻鲈 (Lates calcarifer)
LOC108886827,LOC108886862,0.3038613765912497,0.6405824068722823,0.4743517357507334,GCF_001640805.2,尖吻鲈 (Lates calcarifer)
LOC108885756,LOC108875777,0.0200613765861478,0.0392246245521367,0.511448530488355,GCF_001640805.2,尖吻鲈 (Lates calcarifer)
LOC108897551,LOC108897552,0.0175789297290131,0.0283945582825667,0.6190950235632265,GCF_001640805.2,尖吻鲈 (Lates calcarifer)
LOC108880714,LOC127138934,0.1214152442245625,0.3637143108675005,0.3338203655912609,GCF_001640805.2,尖吻鲈 (Lates calcarifer)
LOC108880714,LOC108880718,0.1597893747579218,0.4476120537161346,0.3569818404829119,GCF_001640805.2,尖吻鲈 (Lates calcarifer)
LOC108880714,LOC108890255,0.3137763847080539,0.5707449471977923,0.5497663820741884,GCF_001640805.2,尖吻鲈 (Lates calcarifer)
LOC108880714,LOC108890244,0.3158927400668693,0.6258589416031178,0.504734723862409,GCF_001640805.2,尖吻鲈 (Lates calcarifer)
LOC108885464,LOC108897586,0.1665330344855944,0.5827714984054859,0.285760430874268,GCF_001640805.2,尖吻鲈 (Lates calcarifer)
LOC108882401,LOC108874709,0.2971232164093804,0.3948562454509843,0.7524845303384318,GCF_001640805.2,尖吻鲈 (Lates calcarifer)
LOC108882401,LOC108891089,0.3035888004596312,0.4047367719779734,0.7500894939097681,GCF_001640805.2,尖吻鲈 (Lates calcarifer)
LOC108874605,LOC108891219,0.0176337270520056,0.1188746724161981,0.1483388066910273,GCF_001640805.2,尖吻鲈 (Lates calcarifer)
LOC108874349,LOC108891618,0.0,0.0171436035570376,0.0,GCF_001640805.2,尖吻鲈 (Lates calcarifer)
LOC108874186,LOC108873693,0.4164049102522462,0.4611336216415895,0.9030027105156342,GCF_001640805.2,尖吻鲈 (Lates calcarifer)
LOC108874186,LOC108873691,0.3449537299635461,0.4570797482365185,0.7546904698675204,GCF_001640805.2,尖吻鲈 (Lates calcarifer)
LOC108900534,LOC108899605,0.0568951607112084,0.0218083900746411,2.608865694188328,GCF_001640805.2,尖吻鲈 (Lates calcarifer)
LOC108900534,LOC108899602,0.1497709495150627,0.1568776368808124,0.9546991686829844,GCF_001640805.2,尖吻鲈 (Lates calcarifer)
LOC108889348,LOC108888645,0.0541064788138307,0.0707773214406126,0.7644606734549861,GCF_001640805.2,尖吻鲈 (Lates calcarifer)
LOC108880504,LOC108877727,0.0106826731855517,0.0719505562576282,0.1484724196891695,GCF_001640805.2,尖吻鲈 (Lates calcarifer)
LOC108889322,LOC108886830,0.3016147975825584,0.6552182141664391,0.4603272483294274,GCF_001640805.2,尖吻鲈 (Lates calcarifer)
LOC108889322,LOC108886862,0.3049297245743516,0.6364955419562796,0.4790759785011927,GCF_001640805.2,尖吻鲈 (Lates calcarifer)
LOC108901849,LOC108883261,0.1297308348091779,0.2404929519504985,0.5394371592057335,GCF_001640805.2,尖吻鲈 (Lates calcarifer)
LOC108901849,LOC108872868,0.1346495648240065,0.2669123053230411,0.5044711770071506,GCF_001640805.2,尖吻鲈 (Lates calcarifer)
LOC108901849,LOC108876300,0.0343759022578495,0.1657195121245266,0.2074342472841607,GCF_001640805.2,尖吻鲈 (Lates calcarifer)
LOC108891701,LOC108891702,0.2464725384181285,0.6900773737566064,0.3571665262351589,GCF_001640805.2,尖吻鲈 (Lates calcarifer)
LOC108879780,zgc_158868,0.0,0.0056285442405507,0.0,GCF_001640805.2,尖吻鲈 (Lates calcarifer)
LOC108901808,LOC108901798,0.0912223375755362,0.1746686167218869,0.5222594607294759,GCF_001640805.2,尖吻鲈 (Lates calcarifer)
LOC108901808,LOC108901801,0.0937422327914434,0.2178122444375556,0.4303809137705219,GCF_001640805.2,尖吻鲈 (Lates calcarifer)
LOC108901808,LOC108901799,0.0715319739443884,0.2046132798491751,0.3495959499653013,GCF_001640805.2,尖吻鲈 (Lates calcarifer)
LOC108900657,LOC108900534,0.0881858380744334,0.0644568223505434,1.3681381560332204,GCF_001640805.2,尖吻鲈 (Lates calcarifer)
LOC108900657,LOC108899605,0.1024759241570392,0.0820256147986145,1.249316136290271,GCF_001640805.2,尖吻鲈 (Lates calcarifer)
LOC108900657,LOC108887405,0.0941034250588506,0.0731282072062923,1.2868280059620198,GCF_001640805.2,尖吻鲈 (Lates calcarifer)
LOC108887405,LOC108900534,0.1479446954271159,0.1385079528648103,1.068131413158032,GCF_001640805.2,尖吻鲈 (Lates calcarifer)
LOC108887405,LOC108899605,0.1335903437483447,0.1247951869932357,1.0704767304494345,GCF_001640805.2,尖吻鲈 (Lates calcarifer)
LOC108887405,LOC108899602,0.1639820803860062,0.2026493322535752,0.8091913186312171,GCF_001640805.2,尖吻鲈 (Lates calcarifer)
cryba1l1,LOC108900142,0.1904987048665807,0.723330056828805,0.2633634577578009,GCF_001640805.2,尖吻鲈 (Lates calcarifer)
LOC108895860,LOC108901798,0.0912223375755362,0.1746686167218869,0.5222594607294759,GCF_001640805.2,尖吻鲈 (Lates calcarifer)
LOC108895860,LOC108901801,0.0937422327914434,0.2178122444375556,0.4303809137705219,GCF_001640805.2,尖吻鲈 (Lates calcarifer)
LOC108895860,LOC108901799,0.0715319739443884,0.2046132798491751,0.3495959499653013,GCF_001640805.2,尖吻鲈 (Lates calcarifer)
LOC127142451,LOC108876335,0.2597441969797596,0.2582150593202897,1.0059219538298625,GCF_001640805.2,尖吻鲈 (Lates calcarifer)
LOC127142451,LOC108893407,0.1964880814492562,0.2128874870697626,0.9229667941210074,GCF_001640805.2,尖吻鲈 (Lates calcarifer)
LOC108901667,LOC108874178,0.4358316328196348,0.6133381894830897,0.7105894273222181,GCF_001640805.2,尖吻鲈 (Lates calcarifer)
LOC108901798,LOC108901801,0.0786244424458642,0.2321051664832124,0.338744904463602,GCF_001640805.2,尖吻鲈 (Lates calcarifer)
LOC108901798,LOC108901797,0.0890436762503197,0.1529313786367764,0.5822459526883959,GCF_001640805.2,尖吻鲈 (Lates calcarifer)
LOC108892727,LOC127138969,0.0033067014160108,0.0106668464691041,0.3099980322758497,GCF_001640805.2,尖吻鲈 (Lates calcarifer)
LOC108892727,LOC108901432,0.2866864969187732,0.3162490620956197,0.906521255807209,GCF_001640805.2,尖吻鲈 (Lates calcarifer)
LOC108892727,LOC127139311,0.2677226894103073,0.307850714843352,0.8696510240248634,GCF_001640805.2,尖吻鲈 (Lates calcarifer)
LOC127138969,LOC108901432,0.2975925638897529,0.3300967501543108,0.9015313351332206,GCF_001640805.2,尖吻鲈 (Lates calcarifer)
LOC127138969,LOC127139311,0.2752555468926207,0.3273535529322504,0.8408509528216057,GCF_001640805.2,尖吻鲈 (Lates calcarifer)
LOC108886359,LOC108902243,0.0031872557927562,0.0121337327973564,0.2626772688987021,GCF_001640805.2,尖吻鲈 (Lates calcarifer)
LOC108886359,LOC108886368,0.0112723538995379,0.0182564795016966,0.6174440093168219,GCF_001640805.2,尖吻鲈 (Lates calcarifer)
LOC127143407,LOC108872863,0.2609519789009992,0.3396573218390245,0.7682801521489752,GCF_001640805.2,尖吻鲈 (Lates calcarifer)
LOC127143407,LOC127140521,0.2956567378295316,0.3904677150691826,0.7571861294016267,GCF_001640805.2,尖吻鲈 (Lates calcarifer)
LOC127143407,LOC127143405,0.2956567378295316,0.3904677150691826,0.7571861294016267,GCF_001640805.2,尖吻鲈 (Lates calcarifer)
LOC127143407,LOC127140515,0.2956567378295316,0.3812932887424567,0.7754050400536473,GCF_001640805.2,尖吻鲈 (Lates calcarifer)
LOC108902243,LOC108886368,0.0080365087184555,0.0060301832389241,1.332713849652324,GCF_001640805.2,尖吻鲈 (Lates calcarifer)
LOC108897745,LOC108874591,0.0,0.0050167411130974,0.0,GCF_001640805.2,尖吻鲈 (Lates calcarifer)
LOC108897745,LOC108892339,0.0050948398583815,0.0049875495525129,1.0215116270503033,GCF_001640805.2,尖吻鲈 (Lates calcarifer)
LOC108902354,LOC127139286,0.2432266173517839,0.4141408501729182,0.5873040953343008,GCF_001640805.2,尖吻鲈 (Lates calcarifer)
LOC108902354,LOC108902367,0.3433410311082082,0.5306004257510207,0.6470802028140811,GCF_001640805.2,尖吻鲈 (Lates calcarifer)
LOC108892683,LOC108892790,0.1119864452443383,0.1405005739631242,0.797053293702062,GCF_001640805.2,尖吻鲈 (Lates calcarifer)
LOC108889890,LOC108889891,0.0324765108396706,0.0371209782035218,0.8748829479011271,GCF_001640805.2,尖吻鲈 (Lates calcarifer)
LOC108889890,LOC108884736,0.0324765108396706,0.0371209782035218,0.8748829479011271,GCF_001640805.2,尖吻鲈 (Lates calcarifer)
LOC108885637,LOC108889315,0.0608011622757925,0.1353718599831313,0.449141810442502,GCF_001640805.2,尖吻鲈 (Lates calcarifer)
LOC108884739,LOC108889891,0.0343020069920131,0.037197705854529,0.9221538319099496,GCF_001640805.2,尖吻鲈 (Lates calcarifer)
LOC108884739,LOC108884736,0.0343020069920131,0.037197705854529,0.9221538319099496,GCF_001640805.2,尖吻鲈 (Lates calcarifer)
LOC108887035,LOC108892672,0.0773731317895053,0.104207365226537,0.7424919689822633,GCF_001640805.2,尖吻鲈 (Lates calcarifer)
LOC108887035,LOC108892715,0.1455876571977131,0.1738512105429932,0.8374267670785612,GCF_001640805.2,尖吻鲈 (Lates calcarifer)
LOC108887035,LOC108891969,0.1817972061222685,0.2443821251151438,0.7439054965113034,GCF_001640805.2,尖吻鲈 (Lates calcarifer)
LOC108887035,LOC108892263,0.171538266647569,0.2139971183999983,0.8015914790354034,GCF_001640805.2,尖吻鲈 (Lates calcarifer)
LOC108894207,LOC108894209,0.2007693327743371,0.5634224634505767,0.3563388856467711,GCF_001640805.2,尖吻鲈 (Lates calcarifer)
LOC108901797,LOC108901801,0.0976623708955705,0.2459510205324571,0.3970805678469729,GCF_001640805.2,尖吻鲈 (Lates calcarifer)
LOC108901797,LOC108901808,0.0891729314248402,0.2250083541550005,0.396309424864341,GCF_001640805.2,尖吻鲈 (Lates calcarifer)
LOC108901797,LOC108895860,0.0891729314248402,0.2250083541550005,0.396309424864341,GCF_001640805.2,尖吻鲈 (Lates calcarifer)
LOC108893054,elovl8b,0.0,0.0118579545199816,0.0,GCF_001640805.2,尖吻鲈 (Lates calcarifer)
LOC108895473,LOC108895476,0.1440963396765328,0.1317868072441773,1.0934048915044137,GCF_001640805.2,尖吻鲈 (Lates calcarifer)
LOC108899331,LOC108899318,0.0506395769165792,0.0960457871805653,0.5272441239028759,GCF_001640805.2,尖吻鲈 (Lates calcarifer)
LOC108875522,LOC127140919,0.0102320823028398,0.0143202441116847,0.7145187067370504,GCF_001640805.2,尖吻鲈 (Lates calcarifer)
LOC108874185,LOC127140876,0.4248130892542532,0.4449750884071708,0.9546896002086558,GCF_001640805.2,尖吻鲈 (Lates calcarifer)
LOC108874185,LOC127140858,0.4639220932917153,0.6077687230599056,0.7633201178172312,GCF_001640805.2,尖吻鲈 (Lates calcarifer)
LOC108879344,LOC108900264,0.0016335427094924,0.023882614906465,0.0683988213137516,GCF_001640805.2,尖吻鲈 (Lates calcarifer)
LOC108876795,LOC108882913,0.029552075573975,0.0434746827136715,0.6797536802880861,GCF_001640805.2,尖吻鲈 (Lates calcarifer)
LOC108902220,LOC108897519,0.0032822809498491,0.0058252720032446,0.5634553971077995,GCF_001640805.2,尖吻鲈 (Lates calcarifer)
LOC108902220,LOC108902216,0.1533150473055113,0.2297806540979499,0.6672234784402559,GCF_001640805.2,尖吻鲈 (Lates calcarifer)
LOC108902220,LOC108902214,0.1647046111384946,0.2409503387614421,0.6835624800742194,GCF_001640805.2,尖吻鲈 (Lates calcarifer)
LOC108902220,LOC108902218,0.1912787737928469,0.2732088288364754,0.700119299246122,GCF_001640805.2,尖吻鲈 (Lates calcarifer)
LOC108902214,LOC108902216,0.0111226433717339,0.0074790273863181,1.487177783582038,GCF_001640805.2,尖吻鲈 (Lates calcarifer)
LOC108902214,LOC108902218,0.0131968214177847,0.0090001080023328,1.466295894934149,GCF_001640805.2,尖吻鲈 (Lates calcarifer)
LOC108902214,LOC108897519,0.1647046111384946,0.248848612720917,0.6618667041684912,GCF_001640805.2,尖吻鲈 (Lates calcarifer)
LOC108902216,LOC108902218,0.0251478050168629,0.0170404924661317,1.4757675030134645,GCF_001640805.2,尖吻鲈 (Lates calcarifer)
LOC108902216,LOC108897519,0.1533150473055113,0.2375393439797445,0.6454301200671198,GCF_001640805.2,尖吻鲈 (Lates calcarifer)
LOC108887124,LOC108881937,0.0618645279339348,0.0272207296445775,2.2726991062217325,GCF_001640805.2,尖吻鲈 (Lates calcarifer)
LOC108887118,LOC108887015,0.0016393449149851,0.0058252720032446,0.2814194623138706,GCF_001640805.2,尖吻鲈 (Lates calcarifer)
LOC108887118,LOC108892265,0.2546595071498384,0.2396011128378805,1.0628477644932592,GCF_001640805.2,尖吻鲈 (Lates calcarifer)
LOC108897519,LOC108902218,0.1912787737928469,0.2820108858549333,0.6782673413934841,GCF_001640805.2,尖吻鲈 (Lates calcarifer)
LOC108887015,LOC108892265,0.2575197899142284,0.2499191103917572,1.0304125583296004,GCF_001640805.2,尖吻鲈 (Lates calcarifer)
LOC108887015,LOC108891970,0.3475138905748166,0.3730455742379223,0.9315588082896756,GCF_001640805.2,尖吻鲈 (Lates calcarifer)
LOC108890242,LOC127143265,0.0099835084786795,0.0057361656286926,1.7404498274494506,GCF_001640805.2,尖吻鲈 (Lates calcarifer)
LOC108890242,LOC127139586,0.0757068856808028,0.1282388188780748,0.5903585696058414,GCF_001640805.2,尖吻鲈 (Lates calcarifer)
LOC108890242,LOC127139587,0.0794266960067398,0.1352918917821753,0.5870765421376436,GCF_001640805.2,尖吻鲈 (Lates calcarifer)
LOC108890242,LOC108882004,0.2365511880229039,0.2920075307933132,0.8100859158674849,GCF_001640805.2,尖吻鲈 (Lates calcarifer)
LOC108889333,LOC108901128,0.0,0.0110907751157845,0.0,GCF_001640805.2,尖吻鲈 (Lates calcarifer)
LOC127143265,LOC127139586,0.0794031414397709,0.1216472226092141,0.6527328757422578,GCF_001640805.2,尖吻鲈 (Lates calcarifer)
LOC127143265,LOC127139587,0.0793796008522533,0.1286454837473055,0.6170414890597817,GCF_001640805.2,尖吻鲈 (Lates calcarifer)
LOC127143265,LOC108882004,0.2410467274005671,0.2842489011900008,0.8480128731946937,GCF_001640805.2,尖吻鲈 (Lates calcarifer)
LOC108902415,LOC108885856,0.0215497665955323,0.008875843235252,2.4279120331850126,GCF_001640805.2,尖吻鲈 (Lates calcarifer)
LOC108902415,LOC108902430,0.0167079655738677,0.0154445612075733,1.081802541963762,GCF_001640805.2,尖吻鲈 (Lates calcarifer)
LOC108902415,LOC108885853,0.0201129371333823,0.0165068561188424,1.218459589674595,GCF_001640805.2,尖吻鲈 (Lates calcarifer)
LOC108902415,LOC108885855,0.0201129371333823,0.0165068561188424,1.218459589674595,GCF_001640805.2,尖吻鲈 (Lates calcarifer)
LOC108901548,LOC108898755,0.0,0.0060484198775478,0.0,GCF_001640805.2,尖吻鲈 (Lates calcarifer)
LOC108882004,LOC127139586,0.1558977099565898,0.1510880450272125,1.0318335241448862,GCF_001640805.2,尖吻鲈 (Lates calcarifer)
LOC108882004,LOC127139587,0.1600261582254916,0.1583128061651827,1.01082257400277,GCF_001640805.2,尖吻鲈 (Lates calcarifer)
LOC108893869,LOC108893872,0.1387592353131577,0.3470545778237643,0.3998196369667833,GCF_001640805.2,尖吻鲈 (Lates calcarifer)
LOC108901776,LOC108891197,0.3461599264819006,0.5548589590627987,0.6238701219974757,GCF_001640805.2,尖吻鲈 (Lates calcarifer)
LOC108901776,LOC108873686,0.3461599264819006,0.5548589590627987,0.6238701219974757,GCF_001640805.2,尖吻鲈 (Lates calcarifer)
LOC108901799,LOC108901798,0.0997544060055566,0.171448744422967,0.5818322341250912,GCF_001640805.2,尖吻鲈 (Lates calcarifer)
LOC108901799,LOC108901801,0.0989187395147586,0.2598747509641614,0.3806400550563691,GCF_001640805.2,尖吻鲈 (Lates calcarifer)
LOC108894467,LOC108894469,0.0550786293962998,0.1162194625597498,0.4739191541862725,GCF_001640805.2,尖吻鲈 (Lates calcarifer)
LOC108894467,LOC108895088,0.0683805020066824,0.130811139594887,0.522742193198929,GCF_001640805.2,尖吻鲈 (Lates calcarifer)
LOC108894467,LOC127142720,0.0568453795271501,0.123435766579598,0.4605259974668136,GCF_001640805.2,尖吻鲈 (Lates calcarifer)
LOC108892088,LOC108876352,0.0490607713429278,0.0371525335674123,1.32052289930398,GCF_001640805.2,尖吻鲈 (Lates calcarifer)
LOC108892088,LOC108892086,0.0946542251416603,0.0959115685461866,0.9868905969990388,GCF_001640805.2,尖吻鲈 (Lates calcarifer)
LOC108892088,LOC108892085,0.0890440143593682,0.0891459021575466,0.9988570669462928,GCF_001640805.2,尖吻鲈 (Lates calcarifer)
LOC108892088,LOC108892157,0.0826760136832015,0.0800935216337108,1.0322434573585244,GCF_001640805.2,尖吻鲈 (Lates calcarifer)
LOC108897667,LOC108897663,0.0,0.0375469431438596,0.0,GCF_001640805.2,尖吻鲈 (Lates calcarifer)
LOC108897667,LOC108897665,0.0,0.0248212932013322,0.0,GCF_001640805.2,尖吻鲈 (Lates calcarifer)
LOC108897667,LOC108897666,0.0,0.0439916659359836,0.0,GCF_001640805.2,尖吻鲈 (Lates calcarifer)
LOC108897667,LOC108897671,0.0,0.0375469431438596,0.0,GCF_001640805.2,尖吻鲈 (Lates calcarifer)
LOC108897668,LOC108897667,0.0032867760079822,0.024770053138415,0.1326915202650448,GCF_001640805.2,尖吻鲈 (Lates calcarifer)
LOC108897668,LOC108897663,0.0032858760116722,0.0122953573317572,0.2672452636398982,GCF_001640805.2,尖吻鲈 (Lates calcarifer)
LOC108897672,LOC108897657,0.0016411385104146,0.024795646695666,0.0661865580905183,GCF_001640805.2,尖吻鲈 (Lates calcarifer)
LOC108897672,LOC108897667,0.0032858760116722,0.037507815430996,0.0876051024010537,GCF_001640805.2,尖吻鲈 (Lates calcarifer)
LOC108897672,LOC108897663,0.0032849765081082,0.0375469431438596,0.0874898522503412,GCF_001640805.2,尖吻鲈 (Lates calcarifer)
LOC108897672,LOC108897665,0.0032849765081082,0.0248212932013322,0.1323450990833922,GCF_001640805.2,尖吻鲈 (Lates calcarifer)
LOC108897663,LOC108897665,0.0,0.0123206056064609,0.0,GCF_001640805.2,尖吻鲈 (Lates calcarifer)
LOC108897663,LOC108897666,0.0,0.0061350035339481,0.0,GCF_001640805.2,尖吻鲈 (Lates calcarifer)
LOC108897664,LOC108897667,0.0032867760079822,0.024770053138415,0.1326915202650448,GCF_001640805.2,尖吻鲈 (Lates calcarifer)
LOC108897664,LOC108897663,0.0032858760116722,0.0122953573317572,0.2672452636398982,GCF_001640805.2,尖吻鲈 (Lates calcarifer)
LOC108897665,LOC108897666,0.0,0.018557647787704,0.0,GCF_001640805.2,尖吻鲈 (Lates calcarifer)
LOC108897665,LOC108897671,0.0,0.0123206056064609,0.0,GCF_001640805.2,尖吻鲈 (Lates calcarifer)
LOC108897666,LOC108897671,0.0,0.0061350035339481,0.0,GCF_001640805.2,尖吻鲈 (Lates calcarifer)
LOC108897669,LOC108897667,0.0,0.0248212932013322,0.0,GCF_001640805.2,尖吻鲈 (Lates calcarifer)
LOC108897669,LOC108897663,0.0,0.0123206056064609,0.0,GCF_001640805.2,尖吻鲈 (Lates calcarifer)
LOC108897669,LOC108897666,0.0,0.018557647787704,0.0,GCF_001640805.2,尖吻鲈 (Lates calcarifer)
LOC108897669,LOC108897671,0.0,0.0123206056064609,0.0,GCF_001640805.2,尖吻鲈 (Lates calcarifer)
LOC108897657,LOC108897667,0.0049342283235318,0.0504391702568755,0.0978253269909664,GCF_001640805.2,尖吻鲈 (Lates calcarifer)
LOC108897657,LOC108897663,0.0049328760999353,0.0375469431438596,0.131378900301824,GCF_001640805.2,尖吻鲈 (Lates calcarifer)
LOC108897657,LOC108897665,0.0049328760999353,0.0248212932013322,0.1987356605444969,GCF_001640805.2,尖吻鲈 (Lates calcarifer)
LOC108900330,LOC108900336,0.1846325575369877,0.2456474120806443,0.7516161313206676,GCF_001640805.2,尖吻鲈 (Lates calcarifer)
LOC108900330,LOC108879383,0.18486874161726,0.2357674613681544,0.7841147397714255,GCF_001640805.2,尖吻鲈 (Lates calcarifer)
LOC108897870,LOC108874491,0.0145443077011247,0.0120807981119497,1.203919440284183,GCF_001640805.2,尖吻鲈 (Lates calcarifer)
LOC108892118,LOC108892119,0.1749113981570007,0.3824515124610059,0.4573426760204913,GCF_001640805.2,尖吻鲈 (Lates calcarifer)
LOC108892118,LOC108887537,0.3452130968422944,0.7476639819903268,0.461722251115155,GCF_001640805.2,尖吻鲈 (Lates calcarifer)
LOC108892118,LOC108887554,0.3159652438386848,0.6673365940297267,0.473472077907075,GCF_001640805.2,尖吻鲈 (Lates calcarifer)
LOC108892118,LOC108887543,0.3459249672119113,0.6883057938388522,0.502574539264884,GCF_001640805.2,尖吻鲈 (Lates calcarifer)
LOC108897709,LOC108897652,0.1021270164492253,0.2192909726168952,0.4657146403725558,GCF_001640805.2,尖吻鲈 (Lates calcarifer)
LOC108897709,LOC108897706,0.0999258273175348,0.1965457303207697,0.5084100639299173,GCF_001640805.2,尖吻鲈 (Lates calcarifer)
LOC108897709,LOC108893189,0.167827735578764,0.4151964751153796,0.4042128140228699,GCF_001640805.2,尖吻鲈 (Lates calcarifer)
LOC108897709,LOC108893188,0.1444500916855674,0.4324197017312517,0.334050671389952,GCF_001640805.2,尖吻鲈 (Lates calcarifer)
LOC108898553,LOC108874380,0.001651528330439,0.0124613458579459,0.1325320996035056,GCF_001640805.2,尖吻鲈 (Lates calcarifer)
LOC108886838,LOC108886864,0.0160823396784723,0.0123537794667653,1.3018153449911984,GCF_001640805.2,尖吻鲈 (Lates calcarifer)
LOC108886651,psme3,0.0,0.0120970364474127,0.0,GCF_001640805.2,尖吻鲈 (Lates calcarifer)
LOC108893942,LOC108893943,0.1526629648847391,0.5367580183382202,0.284416738398016,GCF_001640805.2,尖吻鲈 (Lates calcarifer)
LOC108878273,LOC108878274,0.0133522302577996,0.0383470098919531,0.3481948213282088,GCF_001640805.2,尖吻鲈 (Lates calcarifer)
LOC108886526,LOC108886595,0.0065720965351258,0.0470253136519766,0.1397565699139058,GCF_001640805.2,尖吻鲈 (Lates calcarifer)
LOC108884557,LOC108899631,0.024233235749808,0.0115276044574939,2.1021918161022874,GCF_001640805.2,尖吻鲈 (Lates calcarifer)
LOC108899422,LOC108899429,0.1260643871849791,0.2700590745225397,0.4668030037792991,GCF_001640805.2,尖吻鲈 (Lates calcarifer)
LOC108902600,LOC108893119,0.0016528932309901,0.0063025580972846,0.262257515992158,GCF_001640805.2,尖吻鲈 (Lates calcarifer)
LOC127140518,LOC108875920,0.1657124512574989,0.1378079157180044,1.202488626245501,GCF_001640805.2,尖吻鲈 (Lates calcarifer)
LOC127140518,LOC108900974,0.1567503176921174,0.1843886287324806,0.8501083758236408,GCF_001640805.2,尖吻鲈 (Lates calcarifer)
LOC127140518,LOC108875921,0.1567503176921174,0.1921707997220487,0.8156822884581701,GCF_001640805.2,尖吻鲈 (Lates calcarifer)
LOC127140518,LOC108875919,0.1564085639197928,0.150848166563588,1.0368608878906116,GCF_001640805.2,尖吻鲈 (Lates calcarifer)
LOC108894468,LOC108894467,0.090449359242019,0.1680962159825618,0.5380808765582337,GCF_001640805.2,尖吻鲈 (Lates calcarifer)
LOC108894468,LOC108895086,0.1226409692203554,0.1981363040094927,0.6189727310875835,GCF_001640805.2,尖吻鲈 (Lates calcarifer)
LOC108891975,LOC108874799,0.0034100655507147,0.0056657493238357,0.6018737073962396,GCF_001640805.2,尖吻鲈 (Lates calcarifer)
LOC108891975,LOC108874762,0.0458358389622007,0.0578907717866408,0.7917641715182328,GCF_001640805.2,尖吻鲈 (Lates calcarifer)
LOC127139586,LOC127139587,0.01018979727393,0.0296188538058494,0.3440307765021489,GCF_001640805.2,尖吻鲈 (Lates calcarifer)
LOC108890014,prr18,0.0,0.0059055423231794,0.0,GCF_001640805.2,尖吻鲈 (Lates calcarifer)
LOC108898295,apoa4b.2,0.1196333326583862,0.3336302050072453,0.3585806406700742,GCF_001640805.2,尖吻鲈 (Lates calcarifer)
LOC108874799,LOC108874762,0.042194989521061,0.0519476031496679,0.8122605656990881,GCF_001640805.2,尖吻鲈 (Lates calcarifer)
LOC127140808,LOC108872806,0.1052620830129882,0.3211838523299878,0.3277315539040264,GCF_001640805.2,尖吻鲈 (Lates calcarifer)
LOC127140808,LOC108872835,0.1176685466782233,0.330088957642914,0.3564752590285546,GCF_001640805.2,尖吻鲈 (Lates calcarifer)
LOC127140808,LOC108880063,0.1222438429907154,0.3222392502916258,0.3793573963447502,GCF_001640805.2,尖吻鲈 (Lates calcarifer)
LOC127140808,LOC108872836,0.1222438429907154,0.3222392502916258,0.3793573963447502,GCF_001640805.2,尖吻鲈 (Lates calcarifer)
LOC108899605,LOC108900528,0.0931474556954609,0.0848661341399903,1.0975809919868649,GCF_001640805.2,尖吻鲈 (Lates calcarifer)
LOC108875972,LOC108876053,0.0034246634846858,0.0056818453563432,0.6027378905803171,GCF_001640805.2,尖吻鲈 (Lates calcarifer)
LOC108896451,LOC108896454,0.2368958084105204,0.6344399814169468,0.3733935681062243,GCF_001640805.2,尖吻鲈 (Lates calcarifer)
LOC108896451,LOC108896452,0.236032085992651,0.6002405426285726,0.3932291626937088,GCF_001640805.2,尖吻鲈 (Lates calcarifer)
LOC108896451,LOC108896455,0.2572517470708492,0.5597817026626063,0.4595572628530535,GCF_001640805.2,尖吻鲈 (Lates calcarifer)
LOC108896451,LOC108896450,0.2412409184786615,0.525389636371702,0.4591657348718404,GCF_001640805.2,尖吻鲈 (Lates calcarifer)
LOC108899602,LOC108900653,0.0018055982238766,0.0065431167452537,0.2759538449602572,GCF_001640805.2,尖吻鲈 (Lates calcarifer)
LOC108899602,LOC108900528,0.1478881016197091,0.1445164176361127,1.0233308024011931,GCF_001640805.2,尖吻鲈 (Lates calcarifer)
LOC108893036,LOC108877280,0.0223640422677556,0.0488971496674064,0.4573690372521427,GCF_001640805.2,尖吻鲈 (Lates calcarifer)
LOC108893036,LOC108893039,0.2070855387933787,0.3233457631794695,0.6404461179794033,GCF_001640805.2,尖吻鲈 (Lates calcarifer)
LOC108893036,LOC108877281,0.223380368097953,0.3250267485166099,0.6872676452551647,GCF_001640805.2,尖吻鲈 (Lates calcarifer)
LOC108893036,LOC108877322,0.230849410958535,0.3278099733674003,0.7042171676082759,GCF_001640805.2,尖吻鲈 (Lates calcarifer)
LOC108892721,LOC108900653,0.0018055982238766,0.0065431167452537,0.2759538449602572,GCF_001640805.2,尖吻鲈 (Lates calcarifer)
LOC108892721,LOC108900534,0.1497709495150627,0.1568776368808124,0.9546991686829844,GCF_001640805.2,尖吻鲈 (Lates calcarifer)
LOC108892721,LOC108900528,0.1478881016197091,0.1445164176361127,1.0233308024011931,GCF_001640805.2,尖吻鲈 (Lates calcarifer)
LOC108891172,LOC108889319,0.0515758712006058,0.0352660458278047,1.4624795604371947,GCF_001640805.2,尖吻鲈 (Lates calcarifer)
LOC108891172,LOC127139319,0.1236936856762203,0.1258001897910492,0.9832551594848326,GCF_001640805.2,尖吻鲈 (Lates calcarifer)
pnpla4,LOC108885714,0.0026098329945297,0.0177260836004976,0.1472312245247735,GCF_001640805.2,尖吻鲈 (Lates calcarifer)
LOC108877280,LOC108893039,0.1880396581993064,0.2780715776573599,0.6762275374688205,GCF_001640805.2,尖吻鲈 (Lates calcarifer)
LOC108877280,LOC108877322,0.2137437703860993,0.3002585769151416,0.711865661198105,GCF_001640805.2,尖吻鲈 (Lates calcarifer)
LOC108877280,LOC108877281,0.2229529300841612,0.2884613462267232,0.772904006032496,GCF_001640805.2,尖吻鲈 (Lates calcarifer)
LOC108899456,LOC108899457,0.2818335242623219,0.4976535564317677,0.5663247466432274,GCF_001640805.2,尖吻鲈 (Lates calcarifer)
LOC108880657,LOC108892953,0.2466967423076193,0.4485820029071541,0.5499479263742992,GCF_001640805.2,尖吻鲈 (Lates calcarifer)
LOC108891067,LOC108873689,0.0068162923025925,0.0121092438760402,0.5628999112058151,GCF_001640805.2,尖吻鲈 (Lates calcarifer)
LOC108889325,LOC108889312,0.0034542375394372,0.0057143133573295,0.6044886451679393,GCF_001640805.2,尖吻鲈 (Lates calcarifer)
LOC108889325,LOC108886313,0.0034542375394372,0.0057143133573295,0.6044886451679393,GCF_001640805.2,尖吻鲈 (Lates calcarifer)
LOC108889319,LOC127139319,0.059943131329931,0.0784002957613742,0.7645778724149088,GCF_001640805.2,尖吻鲈 (Lates calcarifer)
LOC108887673,lg7_1h1orf131,0.0016456397167379,0.0346481932491432,0.0474956862802265,GCF_001640805.2,尖吻鲈 (Lates calcarifer)
LOC108872790,LOC108872799,0.1545332737342144,0.2820048007177793,0.5479810036598136,GCF_001640805.2,尖吻鲈 (Lates calcarifer)
LOC108872790,LOC108880068,0.2762447371565742,0.6002405426285724,0.4602233896878137,GCF_001640805.2,尖吻鲈 (Lates calcarifer)
LOC108872799,LOC108880068,0.2617718107991283,0.4620224079116351,0.5665781709210822,GCF_001640805.2,尖吻鲈 (Lates calcarifer)
LOC108880406,LOC108873554,0.0051918292126288,0.0116394188607006,0.4460557073135806,GCF_001640805.2,尖吻鲈 (Lates calcarifer)
LOC108881983,LOC108890391,0.0409475756683302,0.0300340430191607,1.3633720788841828,GCF_001640805.2,尖吻鲈 (Lates calcarifer)
LOC108881983,LOC127139594,0.0337135408966997,0.0477361511932774,0.7062475724152539,GCF_001640805.2,尖吻鲈 (Lates calcarifer)
LOC108881983,LOC108881999,0.0432942545292652,0.0367045717801663,1.1795330235308643,GCF_001640805.2,尖吻鲈 (Lates calcarifer)
LOC108881983,LOC108881998,0.0531623445916274,0.0358374361213779,1.483430466721216,GCF_001640805.2,尖吻鲈 (Lates calcarifer)
LOC108887466,LOC127142646,0.1025182146861682,0.0995696173844556,1.029613424046088,GCF_001640805.2,尖吻鲈 (Lates calcarifer)
LOC108896452,LOC108896454,0.2737157336471989,0.5760135748733157,0.4751897274424443,GCF_001640805.2,尖吻鲈 (Lates calcarifer)
LOC108896452,LOC108896455,0.3023236823234232,0.5672445616361071,0.5329688511273323,GCF_001640805.2,尖吻鲈 (Lates calcarifer)
LOC108896452,LOC108896450,0.2961019686400182,0.5273798952536306,0.5614585829018286,GCF_001640805.2,尖吻鲈 (Lates calcarifer)
LOC108896454,LOC108896455,0.2477847919665414,0.5799776289230296,0.4272316372385902,GCF_001640805.2,尖吻鲈 (Lates calcarifer)
LOC108896454,LOC108896450,0.3366492035537545,0.6471521290937888,0.5202010291230387,GCF_001640805.2,尖吻鲈 (Lates calcarifer)
LOC108877455,LOC108877454,0.0211281577250222,0.0348341229076333,0.6065362340554963,GCF_001640805.2,尖吻鲈 (Lates calcarifer)
LOC108874701,LOC108894789,0.1747318541009928,0.2520882671635323,0.69313759052357,GCF_001640805.2,尖吻鲈 (Lates calcarifer)
LOC108901686,c1qtnf5,0.0,0.0111526218595885,0.0,GCF_001640805.2,尖吻鲈 (Lates calcarifer)
LOC108892123,LOC108892153,0.0955377128944175,0.3207369915139089,0.2978693303927013,GCF_001640805.2,尖吻鲈 (Lates calcarifer)
LOC108892123,LOC108892133,0.1441547370198724,0.2471094008476815,0.5833640344129584,GCF_001640805.2,尖吻鲈 (Lates calcarifer)
LOC108892123,LOC108892168,0.1097363882274822,0.2736205967822536,0.4010530987724222,GCF_001640805.2,尖吻鲈 (Lates calcarifer)
LOC108892123,LOC108892144,0.1676362002424464,0.3701238431951153,0.4529192142697895,GCF_001640805.2,尖吻鲈 (Lates calcarifer)
LOC108882209,LOC108882204,0.067358763951147,0.0940688466062013,0.716058146573539,GCF_001640805.2,尖吻鲈 (Lates calcarifer)
LOC108882209,LOC108882336,0.0650806366590552,0.0821742445767442,0.791983388399453,GCF_001640805.2,尖吻鲈 (Lates calcarifer)
LOC108882209,LOC108892328,0.0945033843707158,0.1279013396306955,0.7388772052238585,GCF_001640805.2,尖吻鲈 (Lates calcarifer)
LOC108882209,LOC108890468,0.1754292567532324,0.2575445095993401,0.6811609264206265,GCF_001640805.2,尖吻鲈 (Lates calcarifer)
LOC108902616,LOC108902614,0.021796706276199,0.047111245934417,0.4626646110472642,GCF_001640805.2,尖吻鲈 (Lates calcarifer)
LOC108902426,LOC108891197,0.3461599264819006,0.5548589590627987,0.6238701219974757,GCF_001640805.2,尖吻鲈 (Lates calcarifer)
LOC108902426,LOC108873686,0.3461599264819006,0.5548589590627987,0.6238701219974757,GCF_001640805.2,尖吻鲈 (Lates calcarifer)
LOC108890391,LOC108881999,0.0213158219321817,0.0181827087074945,1.172312787664899,GCF_001640805.2,尖吻鲈 (Lates calcarifer)
LOC108890391,LOC127139594,0.0536290767171259,0.0545111635761036,0.9838182346310362,GCF_001640805.2,尖吻鲈 (Lates calcarifer)
LOC108890391,LOC108881998,0.0672528197932091,0.0426810992039096,1.5757049618592949,GCF_001640805.2,尖吻鲈 (Lates calcarifer)
LOC108885862,LOC108891197,0.3454997151716619,0.5580504532404025,0.6191191372849296,GCF_001640805.2,尖吻鲈 (Lates calcarifer)
LOC108885862,LOC108873686,0.3454997151716619,0.5580504532404025,0.6191191372849296,GCF_001640805.2,尖吻鲈 (Lates calcarifer)
LOC108882336,LOC108882204,0.0410939336226999,0.0426510845967968,0.9634909407622924,GCF_001640805.2,尖吻鲈 (Lates calcarifer)
LOC108882336,LOC108892328,0.0829064057998678,0.0868738616438412,0.9543308451023064,GCF_001640805.2,尖吻鲈 (Lates calcarifer)
LOC108882336,LOC108890468,0.1595775774307679,0.2285716970432393,0.6981510812363632,GCF_001640805.2,尖吻鲈 (Lates calcarifer)
LOC108882204,LOC108892328,0.0891833313069993,0.1054180913072365,0.8459964528012398,GCF_001640805.2,尖吻鲈 (Lates calcarifer)
LOC108882204,LOC108890468,0.1392314853234426,0.2186406365692099,0.636805158950264,GCF_001640805.2,尖吻鲈 (Lates calcarifer)
LOC108873830,LOC108873834,0.0056207737684556,0.0110926391795554,0.5067120346630546,GCF_001640805.2,尖吻鲈 (Lates calcarifer)
LOC108873830,LOC108892664,0.0056207737684556,0.0110926391795554,0.5067120346630546,GCF_001640805.2,尖吻鲈 (Lates calcarifer)
LOC108892328,LOC108890468,0.1643113818055523,0.22897098856619,0.7176078630505361,GCF_001640805.2,尖吻鲈 (Lates calcarifer)
LOC108889144,kctd14,0.0035294182780594,0.0057034495389144,0.6188216892212931,GCF_001640805.2,尖吻鲈 (Lates calcarifer)
LOC127139311,LOC108873900,0.2722915387638266,0.4997196807984628,0.5448885629814566,GCF_001640805.2,尖吻鲈 (Lates calcarifer)
LOC108895425,LOC108877303,0.1451941705706265,0.1965144438198474,0.7388473221018387,GCF_001640805.2,尖吻鲈 (Lates calcarifer)
LOC108895425,LOC108893014,0.1452867780112488,0.204144009976846,0.7116876857064152,GCF_001640805.2,尖吻鲈 (Lates calcarifer)
LOC108895425,LOC108877304,0.1596571688369453,0.181901055471645,0.8777143619259147,GCF_001640805.2,尖吻鲈 (Lates calcarifer)
LOC108895425,LOC108877308,0.1789517945194081,0.1945559982313708,0.919795823033912,GCF_001640805.2,尖吻鲈 (Lates calcarifer)
LOC108887026,LOC108887121,0.3286967611918503,0.3702282754753018,0.8878218735991112,GCF_001640805.2,尖吻鲈 (Lates calcarifer)
LOC108887026,LOC127142763,0.3439044756752297,0.2845516969285882,1.2085834644013276,GCF_001640805.2,尖吻鲈 (Lates calcarifer)
LOC108880171,LOC108874874,0.003513915651914,0.005888155856804,0.596776942963141,GCF_001640805.2,尖吻鲈 (Lates calcarifer)
LOC108896026,LOC108896020,0.0,0.0060852260806273,0.0,GCF_001640805.2,尖吻鲈 (Lates calcarifer)
LOC108896025,LOC108896020,0.0,0.0060852260806273,0.0,GCF_001640805.2,尖吻鲈 (Lates calcarifer)
LOC108896023,LOC108896020,0.0,0.0060852260806273,0.0,GCF_001640805.2,尖吻鲈 (Lates calcarifer)
LOC108896020,LOC108890108,0.0,0.0060852260806273,0.0,GCF_001640805.2,尖吻鲈 (Lates calcarifer)
LOC108890103,LOC108896026,0.0034782671038132,0.0060975945624376,0.5704326629454958,GCF_001640805.2,尖吻鲈 (Lates calcarifer)
LOC108890103,LOC108896025,0.0034782671038132,0.0060975945624376,0.5704326629454958,GCF_001640805.2,尖吻鲈 (Lates calcarifer)
LOC108890103,LOC108896023,0.0034782671038132,0.0060975945624376,0.5704326629454958,GCF_001640805.2,尖吻鲈 (Lates calcarifer)
LOC108890103,LOC108896020,0.0034782671038132,0.0122451699655715,0.2840521702510246,GCF_001640805.2,尖吻鲈 (Lates calcarifer)
ywhag2,ywhag1,0.0138772389228203,0.6178803154189442,0.0224594287542743,GCF_001640805.2,尖吻鲈 (Lates calcarifer)
LOC108877302,LOC108893013,0.0104531308828362,0.0249503257372042,0.4189576918929437,GCF_001640805.2,尖吻鲈 (Lates calcarifer)
LOC108877302,LOC108893015,0.0686873835393515,0.0821388943548674,0.836234576552724,GCF_001640805.2,尖吻鲈 (Lates calcarifer)
LOC108877303,LOC108893014,0.0034443229306576,0.0191093139757386,0.1802431492323874,GCF_001640805.2,尖吻鲈 (Lates calcarifer)
LOC108877303,LOC108877301,0.0724213486752761,0.1067217679635831,0.6785995964758437,GCF_001640805.2,尖吻鲈 (Lates calcarifer)
LOC108877303,LOC108877304,0.1116359894221809,0.1813471593449473,0.6155927108283722,GCF_001640805.2,尖吻鲈 (Lates calcarifer)
LOC108877303,LOC108877279,0.1214959591165381,0.1428027486168052,0.8507956625019769,GCF_001640805.2,尖吻鲈 (Lates calcarifer)
LOC108877301,LOC108877304,0.0703006015116443,0.0860922044600084,0.8165733698258405,GCF_001640805.2,尖吻鲈 (Lates calcarifer)
LOC108877301,LOC108893014,0.0762628115717444,0.0992906981904182,0.7680760933465157,GCF_001640805.2,尖吻鲈 (Lates calcarifer)
LOC108877301,LOC108877279,0.1012390646808243,0.1287591028961366,0.7862672417226199,GCF_001640805.2,尖吻鲈 (Lates calcarifer)
LOC108877304,LOC108877279,0.1012702746801711,0.0928795237295774,1.090340159097109,GCF_001640805.2,尖吻鲈 (Lates calcarifer)
LOC108877304,LOC108877302,0.1000972178462795,0.1185055159740333,0.8446629426786569,GCF_001640805.2,尖吻鲈 (Lates calcarifer)
LOC108877304,LOC108893013,0.098249614381527,0.1179768409438818,0.8327872961801167,GCF_001640805.2,尖吻鲈 (Lates calcarifer)
LOC108893013,LOC108893015,0.0592293062805661,0.0546279929641996,1.0842299536682949,GCF_001640805.2,尖吻鲈 (Lates calcarifer)
LOC108893014,LOC108877304,0.1157085817087379,0.1573773900594179,0.735230020430839,GCF_001640805.2,尖吻鲈 (Lates calcarifer)
LOC108893014,LOC108877279,0.1215718711190204,0.135043810631934,0.9002402298197008,GCF_001640805.2,尖吻鲈 (Lates calcarifer)
LOC108890255,LOC108890244,0.0070361114113592,0.0742108490399044,0.0948124364885765,GCF_001640805.2,尖吻鲈 (Lates calcarifer)
LOC108890255,LOC108890234,0.0070361114113592,0.0742108490399044,0.0948124364885765,GCF_001640805.2,尖吻鲈 (Lates calcarifer)
LOC108890244,LOC108890234,0.0,0.0118345650779739,0.0,GCF_001640805.2,尖吻鲈 (Lates calcarifer)
LOC108892133,LOC108892153,0.1192713611311656,0.3463508651105352,0.3443657087245939,GCF_001640805.2,尖吻鲈 (Lates calcarifer)
LOC108892133,LOC108892168,0.13579598788625,0.2885631777904508,0.4705936111670579,GCF_001640805.2,尖吻鲈 (Lates calcarifer)
LOC108892133,LOC108892144,0.1944924059187839,0.3178606850822705,0.6118794020356568,GCF_001640805.2,尖吻鲈 (Lates calcarifer)
LOC108881994,LOC108896026,0.0,0.0060852260806273,0.0,GCF_001640805.2,尖吻鲈 (Lates calcarifer)
LOC108881994,LOC108896025,0.0,0.0060852260806273,0.0,GCF_001640805.2,尖吻鲈 (Lates calcarifer)
LOC108881994,LOC108896023,0.0,0.0060852260806273,0.0,GCF_001640805.2,尖吻鲈 (Lates calcarifer)
LOC108881994,LOC108890108,0.0,0.0060852260806273,0.0,GCF_001640805.2,尖吻鲈 (Lates calcarifer)
LOC108882006,LOC108896026,0.0,0.0060852260806273,0.0,GCF_001640805.2,尖吻鲈 (Lates calcarifer)
LOC108882006,LOC108896025,0.0,0.0060852260806273,0.0,GCF_001640805.2,尖吻鲈 (Lates calcarifer)
LOC108882006,LOC108896023,0.0,0.0060852260806273,0.0,GCF_001640805.2,尖吻鲈 (Lates calcarifer)
LOC108882006,LOC108890108,0.0,0.0060852260806273,0.0,GCF_001640805.2,尖吻鲈 (Lates calcarifer)
LOC108896455,LOC108896450,0.2704450154482414,0.6684226189634781,0.4046018309009652,GCF_001640805.2,尖吻鲈 (Lates calcarifer)
LOC108901683,LOC108889321,0.0017867786890551,0.0057471545591768,0.3108979705795525,GCF_001640805.2,尖吻鲈 (Lates calcarifer)
LOC108902366,LOC108885846,0.0052786141651961,0.0181095317289139,0.2914826426333373,GCF_001640805.2,尖吻鲈 (Lates calcarifer)
LOC108902366,LOC108885217,0.3592656171719433,0.633468046502101,0.5671408670977878,GCF_001640805.2,尖吻鲈 (Lates calcarifer)
LOC108902366,LOC127139286,0.4414469175848855,0.60496071281307,0.7297117122402138,GCF_001640805.2,尖吻鲈 (Lates calcarifer)
LOC108891824,LOC108883136,0.0,0.0058139826032384,0.0,GCF_001640805.2,尖吻鲈 (Lates calcarifer)
LOC108885846,LOC108885217,0.3621697834338253,0.619578760676673,0.5845419604737283,GCF_001640805.2,尖吻鲈 (Lates calcarifer)
LOC108877276,LOC108893038,0.1899380863554728,0.2859418794361396,0.6642541719667628,GCF_001640805.2,尖吻鲈 (Lates calcarifer)
LOC108877276,LOC108877322,0.2275767148099532,0.3223247675927533,0.7060478675268569,GCF_001640805.2,尖吻鲈 (Lates calcarifer)
LOC108877276,LOC108893039,0.2557365710458622,0.3936088993055475,0.6497225329433954,GCF_001640805.2,尖吻鲈 (Lates calcarifer)
LOC108877276,LOC108877280,0.3227865925561765,0.4396089766521662,0.7342584198674731,GCF_001640805.2,尖吻鲈 (Lates calcarifer)
LOC108892636,prop1,0.0,0.0055453117687036,0.0,GCF_001640805.2,尖吻鲈 (Lates calcarifer)
LOC108874142,LOC108891179,0.2516885073143013,0.6734561949044701,0.3737266198137853,GCF_001640805.2,尖吻鲈 (Lates calcarifer)
LOC108874142,LOC108874145,0.2988577196056765,0.4853030416965826,0.6158167040554549,GCF_001640805.2,尖吻鲈 (Lates calcarifer)
LOC108874142,LOC108874146,0.2988577196056765,0.4853030416965826,0.6158167040554549,GCF_001640805.2,尖吻鲈 (Lates calcarifer)
LOC108874142,LOC108891178,0.2947041362167376,0.4910106747991123,0.6001990411660809,GCF_001640805.2,尖吻鲈 (Lates calcarifer)
LOC108881999,LOC127139594,0.0535942229866086,0.0479907815064627,1.1167607883066324,GCF_001640805.2,尖吻鲈 (Lates calcarifer)
LOC108881999,LOC108881998,0.0764368499137829,0.0461684197495749,1.6556089709890187,GCF_001640805.2,尖吻鲈 (Lates calcarifer)
LOC108879674,LOC108876372,0.4186732711607132,0.6260294090173828,0.668775723839977,GCF_001640805.2,尖吻鲈 (Lates calcarifer)
LOC108879674,LOC127143118,0.4357625154119315,0.7183161419636352,0.6066444702477423,GCF_001640805.2,尖吻鲈 (Lates calcarifer)
LOC108879674,LOC108887401,0.4746787732271084,0.611075166377112,0.7767927733691775,GCF_001640805.2,尖吻鲈 (Lates calcarifer)
LOC108879674,LOC108887371,0.4803818277112788,0.6147479221388125,0.78142895715686,GCF_001640805.2,尖吻鲈 (Lates calcarifer)
LOC127140947,LOC108895225,0.1750334034394468,0.3866803310384344,0.4526565987191349,GCF_001640805.2,尖吻鲈 (Lates calcarifer)
LOC127140947,LOC108895216,0.1821983592379685,0.3468021150865433,0.5253669205347883,GCF_001640805.2,尖吻鲈 (Lates calcarifer)
LOC127140947,LOC127140808,0.2117232556204098,0.6214280410023785,0.3407043803155311,GCF_001640805.2,尖吻鲈 (Lates calcarifer)
LOC127140947,LOC127139597,0.2006205382501877,0.3662210247104854,0.5478127270513414,GCF_001640805.2,尖吻鲈 (Lates calcarifer)
LOC108892320,LOC108884077,0.0037476655118278,0.0337135408966997,0.11116202606279,GCF_001640805.2,尖吻鲈 (Lates calcarifer)
LOC108889145,rps3,0.0,0.0055248868625719,0.0,GCF_001640805.2,尖吻鲈 (Lates calcarifer)
LOC108893175,LOC127140279,0.0133428082844444,0.020330383235859,0.6562989064028153,GCF_001640805.2,尖吻鲈 (Lates calcarifer)
LOC108893175,LOC127140244,0.0133428082844444,0.0086456288783005,1.5433010683506447,GCF_001640805.2,尖吻鲈 (Lates calcarifer)
LOC108873928,LOC108897942,0.1535044185138244,0.2463638924738802,0.6230800178240372,GCF_001640805.2,尖吻鲈 (Lates calcarifer)
LOC108892655,LOC108875746,0.0414606237101675,0.0468902677360005,0.8842053098011151,GCF_001640805.2,尖吻鲈 (Lates calcarifer)
LOC108892655,LOC108885452,0.1629588238963585,0.1920807951398893,0.848386866462513,GCF_001640805.2,尖吻鲈 (Lates calcarifer)
LOC108892655,LOC108885455,0.1748286715829119,0.1730972349722741,1.0100026820816352,GCF_001640805.2,尖吻鲈 (Lates calcarifer)
LOC108889891,LOC108884734,0.0345306290119433,0.0370445664971822,0.9321374840375009,GCF_001640805.2,尖吻鲈 (Lates calcarifer)
LOC108877306,LOC108893015,0.00704437230341,0.0062176521903552,1.1329633899974665,GCF_001640805.2,尖吻鲈 (Lates calcarifer)
LOC108877306,LOC108893013,0.0668736879028347,0.0612585232607003,1.091663401976533,GCF_001640805.2,尖吻鲈 (Lates calcarifer)
LOC108877306,LOC108893016,0.0785574312861006,0.0543368538645592,1.4457486162506576,GCF_001640805.2,尖吻鲈 (Lates calcarifer)
LOC108877306,LOC108877302,0.0764230025669342,0.0890176370559045,0.858515290839941,GCF_001640805.2,尖吻鲈 (Lates calcarifer)
LOC108899478,LOC108899482,0.1522533735942275,0.2105659171843796,0.7230675107828995,GCF_001640805.2,尖吻鲈 (Lates calcarifer)
LOC108899478,LOC108899481,0.2162938197841998,0.2706932594199526,0.7990365931079293,GCF_001640805.2,尖吻鲈 (Lates calcarifer)
LOC108884736,LOC108884734,0.0345306290119433,0.0370445664971822,0.9321374840375009,GCF_001640805.2,尖吻鲈 (Lates calcarifer)
LOC127143264,LOC108896022,0.2317926990273855,0.2991417740403681,0.7748590104841258,GCF_001640805.2,尖吻鲈 (Lates calcarifer)
LOC127143264,LOC108896026,0.3262601734172587,0.4729304550804959,0.6898692395729243,GCF_001640805.2,尖吻鲈 (Lates calcarifer)
LOC127143264,LOC108896025,0.3262601734172587,0.4729304550804959,0.6898692395729243,GCF_001640805.2,尖吻鲈 (Lates calcarifer)
LOC108873550,LOC108873551,0.3531112412374605,0.4447462575069428,0.7939611301438511,GCF_001640805.2,尖吻鲈 (Lates calcarifer)
LOC108894710,LOC108899099,0.0,0.0093168899989179,0.0,GCF_001640805.2,尖吻鲈 (Lates calcarifer)
med19a,LOC108899099,0.0,0.0093168899989179,0.0,GCF_001640805.2,尖吻鲈 (Lates calcarifer)
LOC108877308,LOC108877303,0.1844441931246909,0.2692997824725531,0.6849028670993801,GCF_001640805.2,尖吻鲈 (Lates calcarifer)
LOC108877308,LOC108893014,0.1845659516605224,0.2595235857476834,0.7111721700699796,GCF_001640805.2,尖吻鲈 (Lates calcarifer)
LOC108877308,LOC108877301,0.201959991535561,0.2622058325367299,0.7702345503976172,GCF_001640805.2,尖吻鲈 (Lates calcarifer)
LOC108884734,LOC108884733,0.0364481069593437,0.0495536228075987,0.7355286030420096,GCF_001640805.2,尖吻鲈 (Lates calcarifer)
LOC108884733,LOC108889890,0.0345620411183942,0.0496561870198997,0.6960268839116348,GCF_001640805.2,尖吻鲈 (Lates calcarifer)
LOC108884733,LOC108884739,0.0364038698599059,0.0497591768358708,0.7316011271646048,GCF_001640805.2,尖吻鲈 (Lates calcarifer)
LOC108884733,LOC108889891,0.052491499445332,0.0463587297973806,1.132289423691195,GCF_001640805.2,尖吻鲈 (Lates calcarifer)
LOC108885212,LOC127139286,0.3750834266651878,0.6952940691327857,0.5394601267532964,GCF_001640805.2,尖吻鲈 (Lates calcarifer)
LOC108885212,LOC108902367,0.3714138498938245,0.5684680529351711,0.6533592309648772,GCF_001640805.2,尖吻鲈 (Lates calcarifer)
LOC108882334,LOC108882203,0.0372578116407449,0.0347430537556788,1.072381601880779,GCF_001640805.2,尖吻鲈 (Lates calcarifer)
LOC108882334,LOC108882210,0.0668889462880478,0.0843646558657998,0.792855083702933,GCF_001640805.2,尖吻鲈 (Lates calcarifer)
LOC108882334,LOC108892329,0.1039196323264103,0.0596905784387605,1.74097211058235,GCF_001640805.2,尖吻鲈 (Lates calcarifer)
LOC108882334,LOC108890469,0.1412181712414193,0.2258288195879413,0.6253328140274262,GCF_001640805.2,尖吻鲈 (Lates calcarifer)
LOC108882210,LOC108882203,0.0756918276877886,0.123365800297761,0.613556005838697,GCF_001640805.2,尖吻鲈 (Lates calcarifer)
LOC108882210,LOC108892329,0.0807045345606145,0.0633650350793115,1.2736445968916426,GCF_001640805.2,尖吻鲈 (Lates calcarifer)
LOC108882210,LOC108890469,0.1351366674838446,0.2007143529793874,0.673278544747234,GCF_001640805.2,尖吻鲈 (Lates calcarifer)
LOC108882203,LOC108892329,0.120488701468786,0.0935316030070077,1.2882137972098973,GCF_001640805.2,尖吻鲈 (Lates calcarifer)
LOC108882203,LOC108890469,0.1668384526653363,0.2052372380243683,0.8129053687885197,GCF_001640805.2,尖吻鲈 (Lates calcarifer)
LOC108874179,LOC127140858,0.1321172612533145,0.1305233582490237,1.01221163036006,GCF_001640805.2,尖吻鲈 (Lates calcarifer)
LOC108893038,LOC108877322,0.0571705240409131,0.0508130785858606,1.1251143530756578,GCF_001640805.2,尖吻鲈 (Lates calcarifer)
LOC108893038,LOC108877281,0.05520937924642,0.0720726104296074,0.7660244150632298,GCF_001640805.2,尖吻鲈 (Lates calcarifer)
LOC108893038,LOC108893039,0.0718027388795026,0.081948578776733,0.8761926070143026,GCF_001640805.2,尖吻鲈 (Lates calcarifer)
LOC108892329,LOC108890469,0.1529341420397414,0.2089685890044536,0.7318522978421511,GCF_001640805.2,尖吻鲈 (Lates calcarifer)
LOC108889438,LOC108903005,0.0,0.0065217802256654,0.0,GCF_001640805.2,尖吻鲈 (Lates calcarifer)
LOC108887609,rtraf,0.0,0.0125263872134486,0.0,GCF_001640805.2,尖吻鲈 (Lates calcarifer)
LOC108874875,LOC108874845,0.2532975738167125,0.3879893648074034,0.652846693213997,GCF_001640805.2,尖吻鲈 (Lates calcarifer)
LOC108874875,LOC108880178,0.1038892006016713,0.1171464391513009,0.8868319118730774,GCF_001640805.2,尖吻鲈 (Lates calcarifer)
LOC108874875,LOC108880176,0.0944101844167521,0.1482840850668045,0.6366845395054951,GCF_001640805.2,尖吻鲈 (Lates calcarifer)
LOC108877322,LOC108893039,0.045077943052279,0.0740945395723022,0.60838414426331,GCF_001640805.2,尖吻鲈 (Lates calcarifer)
LOC108877322,LOC108877281,0.0739838282147263,0.0812481959902497,0.9105904114302408,GCF_001640805.2,尖吻鲈 (Lates calcarifer)
LOC108880718,LOC127138934,0.1531720635593587,0.5432267612548053,0.2819670798352147,GCF_001640805.2,尖吻鲈 (Lates calcarifer)
LOC127138934,LOC108890255,0.2675379734821027,0.7308052931547984,0.3660865294600885,GCF_001640805.2,尖吻鲈 (Lates calcarifer)
LOC127138934,LOC108890244,0.2729306093915583,0.7270504178910772,0.3753943367273427,GCF_001640805.2,尖吻鲈 (Lates calcarifer)
LOC108874748,LOC108891946,0.2185962876118901,0.1852943270330756,1.1797246635234004,GCF_001640805.2,尖吻鲈 (Lates calcarifer)
LOC108874748,LOC108891944,0.2522888635235185,0.2587968648859808,0.9748528585718008,GCF_001640805.2,尖吻鲈 (Lates calcarifer)
LOC108874748,LOC108891945,0.3258534983673375,0.3476313583185595,0.937353580365827,GCF_001640805.2,尖吻鲈 (Lates calcarifer)
LOC108874748,LOC108891948,0.2355824589005168,0.2082238024487094,1.131390629361629,GCF_001640805.2,尖吻鲈 (Lates calcarifer)
LOC108889280,LOC108898606,0.0,0.0081744678435268,0.0,GCF_001640805.2,尖吻鲈 (Lates calcarifer)
LOC108889280,LOC108898610,0.0201720318630769,0.0201600409002656,1.0005947886152906,GCF_001640805.2,尖吻鲈 (Lates calcarifer)
LOC108898613,LOC108898606,0.0,0.0081744678435268,0.0,GCF_001640805.2,尖吻鲈 (Lates calcarifer)
LOC108898613,LOC108898610,0.0201720318630769,0.0201600409002656,1.0005947886152906,GCF_001640805.2,尖吻鲈 (Lates calcarifer)
LOC108897494,tnfsf14,0.198701179352904,0.4976556655253355,0.3992744243012907,GCF_001640805.2,尖吻鲈 (Lates calcarifer)
LOC108897494,LOC127142784,0.2865075666034781,0.4279606910401828,0.6694716888766237,GCF_001640805.2,尖吻鲈 (Lates calcarifer)
LOC108880022,LOC108902742,0.0346346191025101,0.0564972895530331,0.6130315166712405,GCF_001640805.2,尖吻鲈 (Lates calcarifer)
LOC108880022,LOC108902673,0.1665831920093145,0.3191617914610861,0.5219396446132094,GCF_001640805.2,尖吻鲈 (Lates calcarifer)
LOC108880022,LOC108880020,0.1802397323015172,0.2762252087301002,0.6525100773030081,GCF_001640805.2,尖吻鲈 (Lates calcarifer)
LOC108880020,LOC108902673,0.0211475855119393,0.0147207866103304,1.4365798562081422,GCF_001640805.2,尖吻鲈 (Lates calcarifer)
LOC108880020,LOC108902742,0.172414692380215,0.3059267627683257,0.5635815932546652,GCF_001640805.2,尖吻鲈 (Lates calcarifer)
LOC108893039,LOC108877281,0.0310074554254247,0.0185959939599122,1.6674266238345867,GCF_001640805.2,尖吻鲈 (Lates calcarifer)
LOC108891411,LOC108897880,0.3399646113625588,0.6863795915796095,0.4953011650305284,GCF_001640805.2,尖吻鲈 (Lates calcarifer)
LOC108874262,LOC108897880,0.3399646113625588,0.6863795915796095,0.4953011650305284,GCF_001640805.2,尖吻鲈 (Lates calcarifer)
LOC108902742,LOC108902673,0.1675465090110159,0.3338646422815547,0.5018396313728862,GCF_001640805.2,尖吻鲈 (Lates calcarifer)
LOC108880357,LOC108879248,0.0018159815167577,0.0119524441971094,0.1519339046315666,GCF_001640805.2,尖吻鲈 (Lates calcarifer)
LOC108875806,LOC108900974,0.0379942554613217,0.0683065619163606,0.5562314131377974,GCF_001640805.2,尖吻鲈 (Lates calcarifer)
LOC108875806,LOC108875921,0.0379942554613217,0.0754922456251791,0.5032868627324208,GCF_001640805.2,尖吻鲈 (Lates calcarifer)
LOC108875806,LOC108875919,0.0855849800755657,0.1397405050742586,0.6124564959178127,GCF_001640805.2,尖吻鲈 (Lates calcarifer)
LOC108875806,LOC108900972,0.0947174609447644,0.134761404017386,0.7028530285462491,GCF_001640805.2,尖吻鲈 (Lates calcarifer)
LOC108891945,LOC108874755,0.0272296685763497,0.0262362791578254,1.037863197465943,GCF_001640805.2,尖吻鲈 (Lates calcarifer)
LOC108891945,LOC108874756,0.1969833118132613,0.1786483244518112,1.1026317342617775,GCF_001640805.2,尖吻鲈 (Lates calcarifer)
LOC108891945,LOC108891947,0.2380477764200027,0.2717395211688069,0.876014557603218,GCF_001640805.2,尖吻鲈 (Lates calcarifer)
LOC108891945,LOC108874759,0.2380477764200027,0.2717395211688069,0.876014557603218,GCF_001640805.2,尖吻鲈 (Lates calcarifer)
LOC108891625,LOC108891498,0.0090199523743498,0.0126585283405138,0.712559322198721,GCF_001640805.2,尖吻鲈 (Lates calcarifer)
LOC108891625,LOC108891623,0.0292630839924768,0.0385937229566066,0.7582342865802082,GCF_001640805.2,尖吻鲈 (Lates calcarifer)
LOC108891625,LOC108891496,0.0330025744443492,0.0452236003834622,0.7297644186776852,GCF_001640805.2,尖吻鲈 (Lates calcarifer)
LOC108891625,LOC108874720,0.1446397566347219,0.3221719947654187,0.4489519852277591,GCF_001640805.2,尖吻鲈 (Lates calcarifer)
LOC108891623,LOC108891496,0.0035949739292098,0.0063025580972846,0.5703991734338233,GCF_001640805.2,尖吻鲈 (Lates calcarifer)
LOC108891623,LOC108891498,0.0386233052253928,0.0520251847574406,0.742396310661231,GCF_001640805.2,尖吻鲈 (Lates calcarifer)
LOC108891623,LOC108890934,0.1555463957595527,0.3122599562217739,0.4981311008994065,GCF_001640805.2,尖吻鲈 (Lates calcarifer)
LOC108891496,LOC108891498,0.0386233052253928,0.0453212295068324,0.8522122114884406,GCF_001640805.2,尖吻鲈 (Lates calcarifer)
LOC108891496,LOC108890934,0.1555463957595527,0.3024772088277518,0.5142417055565,GCF_001640805.2,尖吻鲈 (Lates calcarifer)
LOC108891498,LOC108874720,0.1423839959098348,0.3032858228714296,0.4694713210191659,GCF_001640805.2,尖吻鲈 (Lates calcarifer)
LOC108890935,LOC108874717,0.0017615979913165,0.0274003074993419,0.0642911759789133,GCF_001640805.2,尖吻鲈 (Lates calcarifer)
LOC108890935,LOC108890934,0.0437016810929818,0.0486281396214808,0.8986911988234308,GCF_001640805.2,尖吻鲈 (Lates calcarifer)
LOC108890935,LOC108874720,0.0588356674451639,0.0779922851430358,0.7543780431264557,GCF_001640805.2,尖吻鲈 (Lates calcarifer)
LOC108890935,LOC108874719,0.0547688512611673,0.0629740350880007,0.8697052870223833,GCF_001640805.2,尖吻鲈 (Lates calcarifer)
LOC108890251,LOC108890177,0.0018159815167577,0.0060606390404539,0.2996353197470318,GCF_001640805.2,尖吻鲈 (Lates calcarifer)
LOC108890251,LOC108890252,0.0054645050481999,0.0060484198775478,0.9034599381046028,GCF_001640805.2,尖吻鲈 (Lates calcarifer)
LOC108890251,LOC108877202,0.1079901798395518,0.1675662575629301,0.6444625631087795,GCF_001640805.2,尖吻鲈 (Lates calcarifer)
LOC108890251,LOC108877201,0.1751359541847725,0.3256314104929464,0.5378349524686475,GCF_001640805.2,尖吻鲈 (Lates calcarifer)
LOC108890252,LOC108890177,0.0072948903374169,0.0121460144399854,0.6005995113427244,GCF_001640805.2,尖吻鲈 (Lates calcarifer)
LOC108890252,LOC108877202,0.1151472107983614,0.1755178778955313,0.6560426332575493,GCF_001640805.2,尖吻鲈 (Lates calcarifer)
LOC108890252,LOC108877201,0.1825194183840113,0.334519222904306,0.5456171301588358,GCF_001640805.2,尖吻鲈 (Lates calcarifer)
LOC108890177,LOC108877202,0.1056473431042894,0.1592674177035756,0.6633330572416107,GCF_001640805.2,尖吻鲈 (Lates calcarifer)
LOC108890177,LOC108877201,0.1727340305946165,0.3354035357106968,0.5150036067109581,GCF_001640805.2,尖吻鲈 (Lates calcarifer)
LOC108886126,LOC108874720,0.0550874628795199,0.0926443128804012,0.5946124610005462,GCF_001640805.2,尖吻鲈 (Lates calcarifer)
LOC108886126,LOC108890934,0.0608441586092762,0.0925342658703785,0.6575311106321027,GCF_001640805.2,尖吻鲈 (Lates calcarifer)
LOC108886126,LOC108874719,0.0730706839114484,0.0885461031392931,0.8252275517591087,GCF_001640805.2,尖吻鲈 (Lates calcarifer)
LOC108886126,LOC108890935,0.0808331060502194,0.1117168972126157,0.7235530888078697,GCF_001640805.2,尖吻鲈 (Lates calcarifer)
LOC108874719,LOC108890934,0.0270299523623976,0.0413898116754681,0.6530581142609624,GCF_001640805.2,尖吻鲈 (Lates calcarifer)
LOC108874719,LOC108874717,0.0528772991866349,0.0703090568782304,0.7520695275178291,GCF_001640805.2,尖吻鲈 (Lates calcarifer)
LOC108874719,LOC108874720,0.0556887381436036,0.0827937050286857,0.6726204380430744,GCF_001640805.2,尖吻鲈 (Lates calcarifer)
LOC108874717,LOC108890934,0.0455790287565706,0.0631213442412829,0.7220858380699824,GCF_001640805.2,尖吻鲈 (Lates calcarifer)
LOC108874717,LOC108874720,0.0569254467372668,0.0930871342900546,0.6115286196252441,GCF_001640805.2,尖吻鲈 (Lates calcarifer)
LOC108890642,LOC108890644,0.3643094545267248,0.6815207887366646,0.5345536930752259,GCF_001640805.2,尖吻鲈 (Lates calcarifer)
LOC108874755,LOC108874756,0.2032387906012739,0.175320694077133,1.1592401665479275,GCF_001640805.2,尖吻鲈 (Lates calcarifer)
LOC108874755,LOC108874748,0.3450069292598284,0.3438288703601119,1.0034262943029848,GCF_001640805.2,尖吻鲈 (Lates calcarifer)
LOC108874755,LOC108891947,0.2505676889642264,0.26666831265966,0.9396230338173612,GCF_001640805.2,尖吻鲈 (Lates calcarifer)
LOC108902405,LOC108885826,0.0021786507694726,0.0082192603422896,0.2650665240840549,GCF_001640805.2,尖吻鲈 (Lates calcarifer)
LOC108890934,LOC108874720,0.0409068360270934,0.0667106145123722,0.6131983092361835,GCF_001640805.2,尖吻鲈 (Lates calcarifer)
LOC108896410,LOC108880263,0.0129662872897889,0.0525378847838152,0.246798807054054,GCF_001640805.2,尖吻鲈 (Lates calcarifer)
LOC108896410,LOC127142197,0.0129803131786581,0.0388855983989722,0.3338077260758121,GCF_001640805.2,尖吻鲈 (Lates calcarifer)
LOC108896410,LOC108880264,0.0098631558452059,0.0813437533100696,0.1212527753373896,GCF_001640805.2,尖吻鲈 (Lates calcarifer)
LOC108896410,LOC127143643,0.114579920921351,0.4011672890850254,0.2856163102995827,GCF_001640805.2,尖吻鲈 (Lates calcarifer)
LOC127142646,LOC127142644,0.1336702894872523,0.105869835555578,1.2625908861176978,GCF_001640805.2,尖吻鲈 (Lates calcarifer)
LOC127142646,LOC108887501,0.1286282536910948,0.1071931707026086,1.1999668714712677,GCF_001640805.2,尖吻鲈 (Lates calcarifer)
LOC127142646,LOC108887727,0.1310910564471768,0.1067977425098728,1.2274702944686136,GCF_001640805.2,尖吻鲈 (Lates calcarifer)
lhfpl4a,lhfpl3,0.2224902919455962,0.6614451284733915,0.3363699910514143,GCF_001640805.2,尖吻鲈 (Lates calcarifer)
lhfpl4a,lhfpl5a,0.2488657990841111,0.6012385232405539,0.4139219119606223,GCF_001640805.2,尖吻鲈 (Lates calcarifer)
LOC108887997,LOC127139668,0.2287770653586989,0.1872727194500443,1.221625157313562,GCF_001640805.2,尖吻鲈 (Lates calcarifer)
LOC108902381,LOC108902425,0.0945393203541676,0.129517997799745,0.7299319164919462,GCF_001640805.2,尖吻鲈 (Lates calcarifer)
LOC108902381,LOC127142259,0.1669619705342021,0.2635484151284164,0.6335153654892909,GCF_001640805.2,尖吻鲈 (Lates calcarifer)
LOC108902381,LOC127139292,0.1640297907544725,0.2665562394926545,0.6153665397841592,GCF_001640805.2,尖吻鲈 (Lates calcarifer)
LOC108900653,LOC108900655,0.0,0.0107915530890747,0.0,GCF_001640805.2,尖吻鲈 (Lates calcarifer)
LOC108900653,LOC108900534,0.15647795194636,0.1814236221370426,0.8625004291236158,GCF_001640805.2,尖吻鲈 (Lates calcarifer)
LOC108892672,LOC108892263,0.0878426401367691,0.1284621071093492,0.6838019561830468,GCF_001640805.2,尖吻鲈 (Lates calcarifer)
LOC108892672,LOC108891969,0.1199348961043041,0.1627678013172932,0.7368465699828909,GCF_001640805.2,尖吻鲈 (Lates calcarifer)
LOC108899481,LOC108899482,0.0689260217128661,0.1012772128529571,0.6805679162294759,GCF_001640805.2,尖吻鲈 (Lates calcarifer)
LOC108887058,LOC108887016,0.0167189585665895,0.0311895253335771,0.5360440207979291,GCF_001640805.2,尖吻鲈 (Lates calcarifer)
LOC108884994,LOC108884995,0.0735190361165751,0.0709619822811368,1.0360341376218587,GCF_001640805.2,尖吻鲈 (Lates calcarifer)
LOC108884994,LOC108888104,0.0846239736547728,0.0678304537232763,1.247580828517055,GCF_001640805.2,尖吻鲈 (Lates calcarifer)
LOC108891946,LOC108891948,0.1688959526612636,0.1281729652004394,1.3177190088185968,GCF_001640805.2,尖吻鲈 (Lates calcarifer)
LOC108891946,LOC108891944,0.218029026515986,0.2257465018583078,0.9658135329726356,GCF_001640805.2,尖吻鲈 (Lates calcarifer)
LOC108891946,LOC108891947,0.2691535149224623,0.2323627750394572,1.158333192038861,GCF_001640805.2,尖吻鲈 (Lates calcarifer)
LOC108888104,LOC108884995,0.0352235932367498,0.0203583928130629,1.7301755379309085,GCF_001640805.2,尖吻鲈 (Lates calcarifer)
LOC108886862,LOC108886830,0.0018633549957464,0.0059880557611653,0.3111786312731014,GCF_001640805.2,尖吻鲈 (Lates calcarifer)
LOC127140858,LOC108874178,0.3611863389922249,0.4991030699899227,0.7236708421759809,GCF_001640805.2,尖吻鲈 (Lates calcarifer)
LOC127140858,LOC127140876,0.3426702835037651,0.408920287862492,0.8379879738786529,GCF_001640805.2,尖吻鲈 (Lates calcarifer)
LOC108902425,LOC108901788,0.2642343758478227,0.4910679682562266,0.5380810660204822,GCF_001640805.2,尖吻鲈 (Lates calcarifer)
LOC108902425,LOC108885876,0.2670851148740313,0.489668251987033,0.5454409465801022,GCF_001640805.2,尖吻鲈 (Lates calcarifer)
LOC108902425,LOC108885831,0.2429790553927359,0.4274766161889935,0.5684031504668583,GCF_001640805.2,尖吻鲈 (Lates calcarifer)
LOC108872798,LOC108874250,0.2833518677734554,0.5959255192543874,0.4754820168265,GCF_001640805.2,尖吻鲈 (Lates calcarifer)
LOC108872798,LOC108892732,0.2840073361881482,0.6607904443310342,0.4297993995292551,GCF_001640805.2,尖吻鲈 (Lates calcarifer)
LOC108872798,LOC108891439,0.2836917096709717,0.5942712195453517,0.4773775009464711,GCF_001640805.2,尖吻鲈 (Lates calcarifer)
LOC108872798,LOC108892074,0.28679167595039,0.6065402029241457,0.4728320968136326,GCF_001640805.2,尖吻鲈 (Lates calcarifer)
LOC108874756,LOC108891947,0.284704833101207,0.3247728800957615,0.8766274850820664,GCF_001640805.2,尖吻鲈 (Lates calcarifer)
LOC108874756,LOC108874759,0.284704833101207,0.3247728800957615,0.8766274850820664,GCF_001640805.2,尖吻鲈 (Lates calcarifer)
LOC108892119,LOC108887536,0.1849811419361352,0.1164105352005602,1.5890412462878618,GCF_001640805.2,尖吻鲈 (Lates calcarifer)
LOC108892119,LOC108887534,0.2978168027294861,0.209302422001829,1.4229018464338816,GCF_001640805.2,尖吻鲈 (Lates calcarifer)
LOC108892119,LOC108887597,0.2955546511833328,0.2590303291758811,1.1410040365684428,GCF_001640805.2,尖吻鲈 (Lates calcarifer)
LOC127140270,LOC108875985,0.0894970110077005,0.2083514728890551,0.4295482521275803,GCF_001640805.2,尖吻鲈 (Lates calcarifer)
LOC127140270,LOC108875982,0.145457047309149,0.4016275839875798,0.3621689672431644,GCF_001640805.2,尖吻鲈 (Lates calcarifer)
LOC127140270,LOC108880240,0.1551124935200856,0.4925846522918025,0.3148951003617514,GCF_001640805.2,尖吻鲈 (Lates calcarifer)
LOC127140270,LOC108875979,0.1575014635515053,0.4911011980234577,0.3207108111024852,GCF_001640805.2,尖吻鲈 (Lates calcarifer)
LOC108879686,LOC108898994,0.0,0.012371414526833,0.0,GCF_001640805.2,尖吻鲈 (Lates calcarifer)
LOC108896027,LOC108896021,0.1787806817150662,0.1592553650878816,1.122603823214433,GCF_001640805.2,尖吻鲈 (Lates calcarifer)
LOC108896027,LOC108881998,0.3273970594408359,0.4218516426883718,0.7760952579309716,GCF_001640805.2,尖吻鲈 (Lates calcarifer)
LOC108896027,LOC108890106,0.3021855647374188,0.283947162071398,1.0642316779395553,GCF_001640805.2,尖吻鲈 (Lates calcarifer)
LOC108896027,LOC127143264,0.2750112700820258,0.3584115254602564,0.7673058775910413,GCF_001640805.2,尖吻鲈 (Lates calcarifer)
LOC108894516,LOC108896641,0.0018814685313887,0.0188887213152046,0.0996080412216268,GCF_001640805.2,尖吻鲈 (Lates calcarifer)
LOC127139622,LOC108891971,0.4847075078694955,0.6576000000233232,0.7370856262960832,GCF_001640805.2,尖吻鲈 (Lates calcarifer)
LOC127139594,LOC108881998,0.0586235796370021,0.0592413084889727,0.9895726669831134,GCF_001640805.2,尖吻鲈 (Lates calcarifer)
LOC108874759,LOC108891946,0.2691535149224623,0.2323627750394572,1.158333192038861,GCF_001640805.2,尖吻鲈 (Lates calcarifer)
tnfsf14,LOC127142784,0.3590318619919662,0.4102909215468376,0.875066551895373,GCF_001640805.2,尖吻鲈 (Lates calcarifer)
LOC127143118,LOC108876372,0.064482880756119,0.1747659264251854,0.3689671211952357,GCF_001640805.2,尖吻鲈 (Lates calcarifer)
LOC127143118,LOC108887401,0.1305716229950793,0.344515425996808,0.3790008026992935,GCF_001640805.2,尖吻鲈 (Lates calcarifer)
LOC127143118,LOC108887371,0.1405972172207797,0.3506413488817316,0.4009715844100349,GCF_001640805.2,尖吻鲈 (Lates calcarifer)
LOC108872586,LOC108872644,0.1460423014573677,0.2034116869486505,0.717964162473294,GCF_001640805.2,尖吻鲈 (Lates calcarifer)
LOC108885542,LOC108900144,0.0726294419606486,0.60298672308565,0.1204494878245141,GCF_001640805.2,尖吻鲈 (Lates calcarifer)
LOC108892174,LOC108892176,0.2934737517612222,0.366926243380217,0.7998167398921049,GCF_001640805.2,尖吻鲈 (Lates calcarifer)
LOC108902348,LOC108885866,0.001861043138539,0.0138252762666285,0.1346116419410177,GCF_001640805.2,尖吻鲈 (Lates calcarifer)
LOC108891944,LOC108891948,0.2368897120638576,0.2283335293447162,1.0374723009086593,GCF_001640805.2,尖吻鲈 (Lates calcarifer)
LOC108891944,LOC108891947,0.2652300301826834,0.2859245960402971,0.9276222957233904,GCF_001640805.2,尖吻鲈 (Lates calcarifer)
lhfpl3,lhfpl5a,0.1932055164198446,0.5843462797915926,0.3306353152256767,GCF_001640805.2,尖吻鲈 (Lates calcarifer)
lhfpl3,lhfpl5b,0.2671050311592468,0.7095402842590806,0.3764480144184687,GCF_001640805.2,尖吻鲈 (Lates calcarifer)
LOC127142543,LOC108876352,0.1003097758467886,0.0960030404667074,1.04486040607823,GCF_001640805.2,尖吻鲈 (Lates calcarifer)
LOC127142543,LOC108892156,0.0991583316440885,0.1120260006416816,0.8851367635737467,GCF_001640805.2,尖吻鲈 (Lates calcarifer)
LOC127142543,LOC108892157,0.0961313950679982,0.1135768803959923,0.8463993264547378,GCF_001640805.2,尖吻鲈 (Lates calcarifer)
LOC127142543,LOC108876353,0.111206217531084,0.1498743543343221,0.7419963076739481,GCF_001640805.2,尖吻鲈 (Lates calcarifer)
LOC108877201,LOC108890247,0.1286179868788901,0.2625103526789626,0.4899539601631776,GCF_001640805.2,尖吻鲈 (Lates calcarifer)
LOC108877201,LOC108890178,0.1309389103362318,0.272264882579729,0.4809247123447445,GCF_001640805.2,尖吻鲈 (Lates calcarifer)
LOC127140520,LOC108872863,0.1920361236983286,0.2667467142182594,0.7199193596859057,GCF_001640805.2,尖吻鲈 (Lates calcarifer)
LOC127140520,LOC108901332,0.2082620199829223,0.3473408222126574,0.5995898168727634,GCF_001640805.2,尖吻鲈 (Lates calcarifer)
LOC127140520,LOC127140521,0.2231602847244155,0.2986612101623282,0.7472021043614052,GCF_001640805.2,尖吻鲈 (Lates calcarifer)
LOC108886657,lrata,0.0,0.0062112156237914,0.0,GCF_001640805.2,尖吻鲈 (Lates calcarifer)
LOC108901638,LOC108888988,0.0039656404355124,0.0114944778586701,0.345003964883995,GCF_001640805.2,尖吻鲈 (Lates calcarifer)
LOC108895868,LOC108885740,0.0253488136011326,0.0362309740000794,0.6996448287886781,GCF_001640805.2,尖吻鲈 (Lates calcarifer)
LOC108875778,LOC108875784,0.1032008356846671,0.0858077633833082,1.2026981197920643,GCF_001640805.2,尖吻鲈 (Lates calcarifer)
LOC108875778,LOC108875781,0.1052862025139401,0.1227220678363517,0.8579239607854227,GCF_001640805.2,尖吻鲈 (Lates calcarifer)
LOC108875778,LOC108875780,0.3061242171351296,0.5698434410438569,0.5372075820937094,GCF_001640805.2,尖吻鲈 (Lates calcarifer)
LOC108896018,LOC108882007,0.00766534938214,0.0064171514483968,1.1945096580282506,GCF_001640805.2,尖吻鲈 (Lates calcarifer)
LOC108896018,LOC108882010,0.0095878582817031,0.0064309075684377,1.4909028282041148,GCF_001640805.2,尖吻鲈 (Lates calcarifer)
LOC108896018,LOC108882014,0.0374264197665918,0.0383575185826405,0.9757257807477124,GCF_001640805.2,尖吻鲈 (Lates calcarifer)
LOC108896018,LOC108882009,0.0433580791036865,0.0454852857113058,0.9532330824275644,GCF_001640805.2,尖吻鲈 (Lates calcarifer)
LOC108894367,LOC108902753,0.0018726601489403,0.0068650364898654,0.2727822571234538,GCF_001640805.2,尖吻鲈 (Lates calcarifer)
LOC108894367,LOC108894366,0.0150995977688303,0.1598949153457812,0.0944345086657486,GCF_001640805.2,尖吻鲈 (Lates calcarifer)
LOC108894367,LOC108894365,0.0208280977090173,0.1688626088093087,0.1233434556997631,GCF_001640805.2,尖吻鲈 (Lates calcarifer)
LOC108894367,LOC108877430,0.0665930117272972,0.2303251187316619,0.2891261365412808,GCF_001640805.2,尖吻鲈 (Lates calcarifer)
LOC108894366,LOC108894365,0.0093868559488729,0.0069284557387021,1.3548265736097922,GCF_001640805.2,尖吻鲈 (Lates calcarifer)
LOC108894366,LOC108902753,0.0170086029356702,0.168429858092853,0.1009833002785865,GCF_001640805.2,尖吻鲈 (Lates calcarifer)
LOC108894366,LOC108877430,0.0533884206054934,0.0485848535757356,1.098869640972979,GCF_001640805.2,尖吻鲈 (Lates calcarifer)
LOC108894365,LOC108902753,0.022750559511391,0.1775207136194576,0.1281572107701205,GCF_001640805.2,尖吻鲈 (Lates calcarifer)
LOC108894365,LOC108877430,0.0533511717567612,0.0564884202423263,0.9444620955568084,GCF_001640805.2,尖吻鲈 (Lates calcarifer)
LOC108891459,LOC108878000,0.2589591396799869,0.24636389247388,1.0511245665086342,GCF_001640805.2,尖吻鲈 (Lates calcarifer)
LOC108902753,LOC108877430,0.068807035475358,0.2303251187316619,0.2987387387631003,GCF_001640805.2,尖吻鲈 (Lates calcarifer)
LOC108882010,LOC108882007,0.0173306812576122,0.0129592857062641,1.337317630803916,GCF_001640805.2,尖吻鲈 (Lates calcarifer)
LOC108882010,LOC108882009,0.0493427029391095,0.0388688008984395,1.2694681029146562,GCF_001640805.2,尖吻鲈 (Lates calcarifer)
LOC108882010,LOC108882014,0.0474272422910036,0.0318146418186181,1.4907363270470269,GCF_001640805.2,尖吻鲈 (Lates calcarifer)
LOC108882009,LOC108882014,0.0231157943935479,0.0332280254241691,0.6956716235306041,GCF_001640805.2,尖吻鲈 (Lates calcarifer)
LOC108882009,LOC108882007,0.0500512683846489,0.0502419945628082,0.9962038493929456,GCF_001640805.2,尖吻鲈 (Lates calcarifer)
LOC108882014,LOC108882007,0.0400616229458422,0.0430106811833732,0.9314342819878187,GCF_001640805.2,尖吻鲈 (Lates calcarifer)
LOC108875780,LOC108875784,0.332467062581627,0.62425823304011,0.5325793797905191,GCF_001640805.2,尖吻鲈 (Lates calcarifer)
LOC108875780,LOC108875781,0.3151802952677386,0.715523294892753,0.440489216098799,GCF_001640805.2,尖吻鲈 (Lates calcarifer)
LOC108877203,LOC108890180,0.0058177408714285,0.0062630844130649,0.9288938944032964,GCF_001640805.2,尖吻鲈 (Lates calcarifer)
LOC108877203,LOC108877202,0.2018367336184722,0.2166581473924159,0.9315907850578136,GCF_001640805.2,尖吻鲈 (Lates calcarifer)
LOC108877203,LOC108890179,0.2048846333138652,0.2326161962278793,0.8807840409923681,GCF_001640805.2,尖吻鲈 (Lates calcarifer)
LOC108877203,LOC108890247,0.174466721451565,0.2884646939366107,0.6048113516793273,GCF_001640805.2,尖吻鲈 (Lates calcarifer)
LOC108896024,LOC108890106,0.0309322189005367,0.0134532755150004,2.2992332882833733,GCF_001640805.2,尖吻鲈 (Lates calcarifer)
LOC108896024,LOC108882002,0.0428548888786663,0.0202943610855044,2.1116648461170886,GCF_001640805.2,尖吻鲈 (Lates calcarifer)
LOC108896024,LOC127143266,0.0629140750766838,0.0358726298481864,1.75381831058769,GCF_001640805.2,尖吻鲈 (Lates calcarifer)
LOC108896024,LOC108896021,0.3161852514006424,0.3354697747674964,0.9425148707354648,GCF_001640805.2,尖吻鲈 (Lates calcarifer)
LOC108896022,LOC127143266,0.3842177877262345,0.4565994947399795,0.8414765941539984,GCF_001640805.2,尖吻鲈 (Lates calcarifer)
LOC108896022,LOC108896024,0.4353176543528095,0.5380799048467431,0.8090204641200968,GCF_001640805.2,尖吻鲈 (Lates calcarifer)
LOC108893009,LOC108893008,0.1342861735867389,0.6241694887714061,0.215143764638453,GCF_001640805.2,尖吻鲈 (Lates calcarifer)
LOC108893009,LOC108900401,0.1375923120030626,0.6030781883594466,0.2281500386829691,GCF_001640805.2,尖吻鲈 (Lates calcarifer)
LOC108892657,LOC108885452,0.3078867179206741,0.4752497029896091,0.6478419996559278,GCF_001640805.2,尖吻鲈 (Lates calcarifer)
LOC108890180,LOC108877202,0.2042925179670607,0.2258870697530124,0.9044011159666492,GCF_001640805.2,尖吻鲈 (Lates calcarifer)
LOC108890180,LOC108890247,0.1705208904438097,0.284360849843093,0.5996637390059185,GCF_001640805.2,尖吻鲈 (Lates calcarifer)
LOC108890180,LOC108890179,0.2021173424284593,0.242080044197288,0.8349194709487894,GCF_001640805.2,尖吻鲈 (Lates calcarifer)
LOC108890106,LOC108882002,0.0231009599689052,0.0066741263565975,3.4612709940784168,GCF_001640805.2,尖吻鲈 (Lates calcarifer)
LOC108890106,LOC127143266,0.071300752448552,0.0216827577149282,3.288361811996935,GCF_001640805.2,尖吻鲈 (Lates calcarifer)
LOC108890106,LOC108896021,0.3111489905396999,0.3326453044351707,0.9353776722266638,GCF_001640805.2,尖吻鲈 (Lates calcarifer)
LOC108885824,LOC108885876,0.2763661725010188,0.5100495742680691,0.5418417864530318,GCF_001640805.2,尖吻鲈 (Lates calcarifer)
LOC108885824,LOC108901788,0.2759365068923765,0.5131059234182624,0.5377768883549696,GCF_001640805.2,尖吻鲈 (Lates calcarifer)
LOC108885824,LOC108885831,0.2535413942792295,0.4459150867668119,0.5685867148330354,GCF_001640805.2,尖吻鲈 (Lates calcarifer)
LOC108882002,LOC127143266,0.0691932798837014,0.0286951602147893,2.411322305426253,GCF_001640805.2,尖吻鲈 (Lates calcarifer)
LOC108882002,LOC108896017,0.3147798660703561,0.4776070606926926,0.6590770781609013,GCF_001640805.2,尖吻鲈 (Lates calcarifer)
LOC108887371,LOC108876372,0.1376399094645473,0.3960505726503726,0.3475311461954474,GCF_001640805.2,尖吻鲈 (Lates calcarifer)
LOC108900400,LOC108893008,0.1342861735867389,0.6241694887714061,0.215143764638453,GCF_001640805.2,尖吻鲈 (Lates calcarifer)
LOC108900400,LOC108900401,0.1375923120030626,0.6030781883594466,0.2281500386829691,GCF_001640805.2,尖吻鲈 (Lates calcarifer)
LOC127142259,LOC127139292,0.0058158611301727,0.0065146989419702,0.8927290703649644,GCF_001640805.2,尖吻鲈 (Lates calcarifer)
LOC127142259,LOC108902368,0.2052614625839307,0.3314042102357274,0.6193689043296358,GCF_001640805.2,尖吻鲈 (Lates calcarifer)
LOC108896021,LOC127143266,0.2660572821230609,0.3425688018717865,0.77665356760257,GCF_001640805.2,尖吻鲈 (Lates calcarifer)
LOC108896017,LOC108890106,0.3241515636702087,0.4873877811049659,0.6650793808070417,GCF_001640805.2,尖吻鲈 (Lates calcarifer)
LOC108896017,LOC127143266,0.2903195394775287,0.4565796274158609,0.6358574102849764,GCF_001640805.2,尖吻鲈 (Lates calcarifer)
LOC108893008,LOC108900401,0.0018867934479354,0.0069606068058546,0.2710673796928786,GCF_001640805.2,尖吻鲈 (Lates calcarifer)
LOC108886658,ppp2r2ab,0.0,0.0075567389915561,0.0,GCF_001640805.2,尖吻鲈 (Lates calcarifer)
LOC108873690,LOC108873693,0.3155494351792141,0.3183053839779292,0.9913418090379954,GCF_001640805.2,尖吻鲈 (Lates calcarifer)
LOC108873690,LOC108891064,0.2022430573975305,0.2908554028145335,0.6953388365506574,GCF_001640805.2,尖吻鲈 (Lates calcarifer)
LOC108873690,LOC108891062,0.2203407821244002,0.3021683280847437,0.7291987996260324,GCF_001640805.2,尖吻鲈 (Lates calcarifer)
LOC108873690,LOC108873691,0.2214768573686032,0.3094496266665288,0.7157121491934214,GCF_001640805.2,尖吻鲈 (Lates calcarifer)
LOC108882012,LOC108882002,0.3147798660703561,0.4776070606926926,0.6590770781609013,GCF_001640805.2,尖吻鲈 (Lates calcarifer)
LOC108882012,LOC108890106,0.3241515636702087,0.4873877811049659,0.6650793808070417,GCF_001640805.2,尖吻鲈 (Lates calcarifer)
LOC108882012,LOC127143266,0.2903195394775287,0.4565796274158609,0.6358574102849764,GCF_001640805.2,尖吻鲈 (Lates calcarifer)
LOC108876372,LOC108887401,0.1281108109335134,0.3977300695033599,0.322104916768007,GCF_001640805.2,尖吻鲈 (Lates calcarifer)
LOC108875784,LOC108875781,0.1224829430311054,0.0879668148923251,1.3923766954735075,GCF_001640805.2,尖吻鲈 (Lates calcarifer)
LOC108885124,LOC108895252,0.0255654697039775,0.0244023151686938,1.0476657451247058,GCF_001640805.2,尖吻鲈 (Lates calcarifer)
LOC108874665,LOC108891825,0.0380309606646357,0.0547117497346257,0.6951150502241541,GCF_001640805.2,尖吻鲈 (Lates calcarifer)
cd99,LOC108902583,0.3634929211151044,0.5055260536454441,0.7190389466455549,GCF_001640805.2,尖吻鲈 (Lates calcarifer)
LOC108892144,LOC108892153,0.1695295749679436,0.3572742486188217,0.4745082401637512,GCF_001640805.2,尖吻鲈 (Lates calcarifer)
LOC108892144,LOC108892168,0.1637363695813948,0.3846640175467508,0.4256607379750429,GCF_001640805.2,尖吻鲈 (Lates calcarifer)
LOC108892153,LOC108892168,0.0455566376891122,0.0788224714499663,0.5779651012088598,GCF_001640805.2,尖吻鲈 (Lates calcarifer)
LOC108874215,LOC108874521,0.0201201898282723,0.0181758232516429,1.1069754337786943,GCF_001640805.2,尖吻鲈 (Lates calcarifer)
LOC108874215,LOC108875528,0.0201201898282723,0.0321027224545453,0.6267440357047832,GCF_001640805.2,尖吻鲈 (Lates calcarifer)
LOC108874215,LOC108874517,0.0201201898282723,0.0181758232516429,1.1069754337786943,GCF_001640805.2,尖吻鲈 (Lates calcarifer)
LOC108874215,LOC108874214,0.0201201898282723,0.0181758232516429,1.1069754337786943,GCF_001640805.2,尖吻鲈 (Lates calcarifer)
LOC108886659,bnip3lb,0.0,0.0064102954338438,0.0,GCF_001640805.2,尖吻鲈 (Lates calcarifer)
LOC108889678,LOC108889679,0.2560344621658069,0.5007419829036587,0.5113101575408892,GCF_001640805.2,尖吻鲈 (Lates calcarifer)
LOC108875739,LOC108885452,0.0522094389681193,0.0407234571792355,1.2820482980688666,GCF_001640805.2,尖吻鲈 (Lates calcarifer)
LOC108875739,LOC108885455,0.0661751631487691,0.0353006331434893,1.8746168908580636,GCF_001640805.2,尖吻鲈 (Lates calcarifer)
LOC108875739,LOC108892655,0.1750087365497902,0.1582803968572246,1.1056880070098336,GCF_001640805.2,尖吻鲈 (Lates calcarifer)
LOC127140279,LOC127140244,0.0,0.0115386891296095,0.0,GCF_001640805.2,尖吻鲈 (Lates calcarifer)
LOC108891948,LOC108891947,0.2500369417636893,0.2525518319669876,0.9900420829114116,GCF_001640805.2,尖吻鲈 (Lates calcarifer)
LOC108886064,LOC108885442,0.0,0.0056285442405507,0.0,GCF_001640805.2,尖吻鲈 (Lates calcarifer)
LOC108878189,LOC108878188,0.0361352947346477,0.0571149649871695,0.6326764752944382,GCF_001640805.2,尖吻鲈 (Lates calcarifer)
LOC108878189,LOC127143199,0.2103774291977265,0.6707607742135272,0.313640029777227,GCF_001640805.2,尖吻鲈 (Lates calcarifer)
rab28,LOC108879931,0.0,0.012072695281631,0.0,GCF_001640805.2,尖吻鲈 (Lates calcarifer)
LOC108900375,LOC108900372,0.2611204619618311,0.6087172326714234,0.4289684075738663,GCF_001640805.2,尖吻鲈 (Lates calcarifer)
LOC108879170,LOC108888745,0.0,0.007159958912685,0.0,GCF_001640805.2,尖吻鲈 (Lates calcarifer)
LOC108899475,LOC108899476,0.3173585332307437,0.6312764061623125,0.5027251614867816,GCF_001640805.2,尖吻鲈 (Lates calcarifer)
LOC127143199,LOC108878188,0.1888415074546596,0.6144378358740359,0.3073402977960059,GCF_001640805.2,尖吻鲈 (Lates calcarifer)
LOC108900142,LOC108893636,0.3247539518935858,0.6881445468616119,0.4719269423476153,GCF_001640805.2,尖吻鲈 (Lates calcarifer)
LOC108887069,LOC108901708,0.0,0.0130722263514627,0.0,GCF_001640805.2,尖吻鲈 (Lates calcarifer)
ccdc124,LOC127140241,0.0,0.0082418411816964,0.0,GCF_001640805.2,尖吻鲈 (Lates calcarifer)
LOC127143416,LOC108876300,0.0816749939230043,0.1940264777055168,0.4209476711058287,GCF_001640805.2,尖吻鲈 (Lates calcarifer)
LOC108882013,LOC108882009,0.2172934460607145,0.2388760134749825,0.9096494993352342,GCF_001640805.2,尖吻鲈 (Lates calcarifer)
LOC108882013,LOC108882014,0.2232733893148295,0.2273778840541299,0.9819485753578248,GCF_001640805.2,尖吻鲈 (Lates calcarifer)
LOC108882013,LOC108882007,0.2483114912699615,0.2640838426007376,0.9402752126921226,GCF_001640805.2,尖吻鲈 (Lates calcarifer)
LOC108882013,LOC108896018,0.2504785903677671,0.2566457115363423,0.9759702933212588,GCF_001640805.2,尖吻鲈 (Lates calcarifer)
tesca,LOC108892989,0.1245145902895132,0.1635535044059068,0.7613079936244785,GCF_001640805.2,尖吻鲈 (Lates calcarifer)
LOC108890679,LOC108890684,0.0364462165936242,0.0447268046973557,0.8148629628304049,GCF_001640805.2,尖吻鲈 (Lates calcarifer)
LOC108882211,LOC108892330,0.0019255466289343,0.0073350217902297,0.2625140979811672,GCF_001640805.2,尖吻鲈 (Lates calcarifer)
LOC108877202,LOC108890179,0.0870337382390945,0.0515127785167519,1.689556276037239,GCF_001640805.2,尖吻鲈 (Lates calcarifer)
LOC108890179,LOC108890248,0.0287253874909347,0.0742491448141337,0.3868783615332186,GCF_001640805.2,尖吻鲈 (Lates calcarifer)
LOC108890179,LOC108890177,0.1575865649963869,0.172180831233375,0.9152387281880008,GCF_001640805.2,尖吻鲈 (Lates calcarifer)
LOC108890179,LOC108890251,0.1600959776260261,0.1806435444348954,0.8862535227973524,GCF_001640805.2,尖吻鲈 (Lates calcarifer)
LOC108890247,LOC108890178,0.0019900509188287,0.0066593112308475,0.2988373496661844,GCF_001640805.2,尖吻鲈 (Lates calcarifer)
LOC108890247,LOC108890251,0.1684360245628776,0.2686083389385691,0.6270692310911429,GCF_001640805.2,尖吻鲈 (Lates calcarifer)
LOC108890247,LOC108890177,0.170930483625082,0.2781222085840559,0.6145876824986535,GCF_001640805.2,尖吻鲈 (Lates calcarifer)
LOC108890178,LOC108890251,0.1658882718816617,0.278493526647553,0.595662936509118,GCF_001640805.2,尖吻鲈 (Lates calcarifer)
LOC108890178,LOC108890177,0.1683734322391639,0.2881451343734147,0.5843355037221086,GCF_001640805.2,尖吻鲈 (Lates calcarifer)
LOC108879054,LOC108879053,0.0200479694584938,0.1993871759250144,0.1005479382788061,GCF_001640805.2,尖吻鲈 (Lates calcarifer)
lhfpl5b,lhfpl5a,0.1007077177110865,0.661532984454313,0.152233856931803,GCF_001640805.2,尖吻鲈 (Lates calcarifer)
LOC108896443,LOC108896454,0.3574310453314424,0.6975834656195908,0.5123846291482461,GCF_001640805.2,尖吻鲈 (Lates calcarifer)
LOC108896443,LOC108896451,0.3498808825672561,0.7139651892682338,0.4900531396017507,GCF_001640805.2,尖吻鲈 (Lates calcarifer)
LOC108896443,LOC108896450,0.4205245103371849,0.6557207543234694,0.6413164560744385,GCF_001640805.2,尖吻鲈 (Lates calcarifer)
LOC108883533,LOC127142370,0.1474581049554833,0.2523541774659099,0.5843299541787977,GCF_001640805.2,尖吻鲈 (Lates calcarifer)
LOC108887571,LOC108885708,0.1070478402515365,0.4296873768170014,0.2491295905514276,GCF_001640805.2,尖吻鲈 (Lates calcarifer)
LOC108887571,LOC108873190,0.1070478402515365,0.4296873768170014,0.2491295905514276,GCF_001640805.2,尖吻鲈 (Lates calcarifer)
LOC108887571,LOC108873226,0.1070478402515365,0.4296873768170014,0.2491295905514276,GCF_001640805.2,尖吻鲈 (Lates calcarifer)
LOC108891530,LOC108885272,0.0,0.0064516526869973,0.0,GCF_001640805.2,尖吻鲈 (Lates calcarifer)
LOC108888425,LOC108881905,0.0020060192500799,0.0132893842388271,0.150948999143164,GCF_001640805.2,尖吻鲈 (Lates calcarifer)
LOC108888097,eef1akmt1,0.0019782405138835,0.0139376833302847,0.1419346721406071,GCF_001640805.2,尖吻鲈 (Lates calcarifer)
znrf1,LOC108879922,0.118886555281395,0.1114240035845641,1.0669743633037496,GCF_001640805.2,尖吻鲈 (Lates calcarifer)
LOC108891734,LOC108891735,0.0153851548748271,0.0343571520234706,0.4478006461163311,GCF_001640805.2,尖吻鲈 (Lates calcarifer)
LOC108891734,LOC108897234,0.1435559545124338,0.5880328005238088,0.2441291614762932,GCF_001640805.2,尖吻鲈 (Lates calcarifer)
LOC108891734,LOC108902456,0.079996232088905,0.5213068660997634,0.1534532485394045,GCF_001640805.2,尖吻鲈 (Lates calcarifer)
LOC108891734,LOC108899293,0.0748354416482636,0.635473395290403,0.1177632961550888,GCF_001640805.2,尖吻鲈 (Lates calcarifer)
LOC108885456,LOC108885452,0.3301515831014325,0.3903158498059069,0.8458574850742228,GCF_001640805.2,尖吻鲈 (Lates calcarifer)
mea1,LOC108882366,0.0517446536152135,0.1044201879981508,0.4955426207059681,GCF_001640805.2,尖吻鲈 (Lates calcarifer)
LOC108895551,LOC108897856,0.006002032699218,0.0208105836603779,0.2884125114974787,GCF_001640805.2,尖吻鲈 (Lates calcarifer)
LOC108888422,LOC108881898,0.0,0.0065217802256654,0.0,GCF_001640805.2,尖吻鲈 (Lates calcarifer)
LOC108873190,LOC108873226,0.0,0.0137618540011474,0.0,GCF_001640805.2,尖吻鲈 (Lates calcarifer)
LOC108873226,LOC108885708,0.0,0.0138572071256799,0.0,GCF_001640805.2,尖吻鲈 (Lates calcarifer)
LOC108890802,LOC108874400,0.027672121749885,0.0369187809926186,0.749540505018779,GCF_001640805.2,尖吻鲈 (Lates calcarifer)
LOC108890802,LOC108874392,0.0283602349527074,0.0372987270549554,0.7603539635795565,GCF_001640805.2,尖吻鲈 (Lates calcarifer)
LOC108892264,LOC108887056,0.102633361760612,0.1548767662433769,0.6626775871555296,GCF_001640805.2,尖吻鲈 (Lates calcarifer)
LOC108892264,LOC108891970,0.1390720071604055,0.1216948714323877,1.142792670911135,GCF_001640805.2,尖吻鲈 (Lates calcarifer)
LOC108892264,LOC108892265,0.1059875052129076,0.124030397867214,0.8545284626626537,GCF_001640805.2,尖吻鲈 (Lates calcarifer)
LOC108875520,LOC108874509,0.311908173598277,0.6961674927421789,0.4480361074741968,GCF_001640805.2,尖吻鲈 (Lates calcarifer)
LOC108892697,LOC108892808,0.0,0.0068337602634419,0.0,GCF_001640805.2,尖吻鲈 (Lates calcarifer)
LOC108873693,LOC108891064,0.1465333212684597,0.1492611966585428,0.9817241490008716,GCF_001640805.2,尖吻鲈 (Lates calcarifer)
LOC108873693,LOC108873691,0.1457383144404387,0.1434676700825363,1.0158268713543346,GCF_001640805.2,尖吻鲈 (Lates calcarifer)
LOC108873693,LOC108891062,0.2280096969586901,0.2939821847416656,0.7755901846877278,GCF_001640805.2,尖吻鲈 (Lates calcarifer)
cldn5a,cldn5b,0.1469199694473719,0.7058999479756347,0.2081314354374242,GCF_001640805.2,尖吻鲈 (Lates calcarifer)
LOC108883046,LOC108883048,0.246185985560639,0.3882790924867014,0.634043888338054,GCF_001640805.2,尖吻鲈 (Lates calcarifer)
LOC108883046,LOC108883045,0.3227164374413676,0.450224896940177,0.7167894082149084,GCF_001640805.2,尖吻鲈 (Lates calcarifer)
LOC108883046,LOC108884080,0.3404749727519387,0.5064432118568777,0.6722865758306539,GCF_001640805.2,尖吻鲈 (Lates calcarifer)
LOC108882432,LOC108882467,0.0341696102332903,0.025426163756761,1.3438759602185135,GCF_001640805.2,尖吻鲈 (Lates calcarifer)
LOC108882432,LOC108882471,0.2264385820747539,0.2625932443421553,0.8623168605956503,GCF_001640805.2,尖吻鲈 (Lates calcarifer)
LOC127139630,LOC108875521,0.0187446998731309,0.0270854218375708,0.6920586279047621,GCF_001640805.2,尖吻鲈 (Lates calcarifer)
LOC127139630,LOC108874531,0.0166970386583482,0.0122351816186428,1.3646743610987204,GCF_001640805.2,尖吻鲈 (Lates calcarifer)
LOC127139630,LOC108874520,0.0187446998731309,0.0121904349741306,1.5376563603275055,GCF_001640805.2,尖吻鲈 (Lates calcarifer)
LOC127139630,LOC108891278,0.0187446998731309,0.0121904349741306,1.5376563603275055,GCF_001640805.2,尖吻鲈 (Lates calcarifer)
LOC108890243,LOC108882014,0.2887442638403053,0.3568362048942182,0.8091787208809199,GCF_001640805.2,尖吻鲈 (Lates calcarifer)
LOC108890243,LOC108882007,0.2870959036011531,0.3517201326108542,0.8162623545886076,GCF_001640805.2,尖吻鲈 (Lates calcarifer)
LOC108890243,LOC108896018,0.2834454438995333,0.3537858702370237,0.8011779659533468,GCF_001640805.2,尖吻鲈 (Lates calcarifer)
LOC108890243,LOC108882009,0.2984922810175356,0.3884169189635555,0.7684842406299573,GCF_001640805.2,尖吻鲈 (Lates calcarifer)
LOC108890734,LOC108891002,0.1250629458931995,0.2818420049715362,0.4437342329644222,GCF_001640805.2,尖吻鲈 (Lates calcarifer)
LOC108890734,LOC108890738,0.1311231637985975,0.294031565832018,0.4459492756417486,GCF_001640805.2,尖吻鲈 (Lates calcarifer)
LOC108890734,LOC108891004,0.2873645357905401,0.5474515156664022,0.5249132161790379,GCF_001640805.2,尖吻鲈 (Lates calcarifer)
LOC108890734,LOC108890739,0.2873645357905401,0.5474515156664022,0.5249132161790379,GCF_001640805.2,尖吻鲈 (Lates calcarifer)
LOC108888378,LOC108888376,0.112068852497633,0.3248027806500401,0.3450366165996035,GCF_001640805.2,尖吻鲈 (Lates calcarifer)
LOC108888378,LOC108882225,0.1309542163405423,0.3223070082671336,0.4063027268460922,GCF_001640805.2,尖吻鲈 (Lates calcarifer)
LOC127139318,LOC108886874,0.1431610336080747,0.2272398291189201,0.6299997415204666,GCF_001640805.2,尖吻鲈 (Lates calcarifer)
LOC127139318,LOC108886873,0.1433175349604253,0.2118886559611965,0.6763813490169633,GCF_001640805.2,尖吻鲈 (Lates calcarifer)
LOC127139318,LOC127138975,0.1433175349604253,0.2118886559611965,0.6763813490169633,GCF_001640805.2,尖吻鲈 (Lates calcarifer)
LOC127139286,LOC108902367,0.3223413302762282,0.500464038850796,0.6440848997190949,GCF_001640805.2,尖吻鲈 (Lates calcarifer)
LOC108882467,LOC127142402,0.1809074475364345,0.2497764526975124,0.7242774312097362,GCF_001640805.2,尖吻鲈 (Lates calcarifer)
LOC108882467,LOC108882471,0.241170913820588,0.2583610745647428,0.9334645872134,GCF_001640805.2,尖吻鲈 (Lates calcarifer)
LOC108888377,LOC108882213,0.2035586757779699,0.4437797378641621,0.4586930371306808,GCF_001640805.2,尖吻鲈 (Lates calcarifer)
LOC108888377,LOC108888381,0.2767646161407806,0.4611359943628879,0.6001800326239174,GCF_001640805.2,尖吻鲈 (Lates calcarifer)
LOC108888377,LOC108888376,0.2691280395605943,0.4780684844954186,0.5629487161126041,GCF_001640805.2,尖吻鲈 (Lates calcarifer)
LOC127139144,LOC108899973,0.0524651946306165,0.0242795768338522,2.160877637598117,GCF_001640805.2,尖吻鲈 (Lates calcarifer)
LOC127143639,LOC108886932,0.0500962571222276,0.0427576910375847,1.1716314867936195,GCF_001640805.2,尖吻鲈 (Lates calcarifer)
LOC108890721,LOC108890954,0.0,0.0108697554769251,0.0,GCF_001640805.2,尖吻鲈 (Lates calcarifer)
LOC108879408,LOC108894872,0.0346586944495618,0.0454984573650292,0.7617553749459864,GCF_001640805.2,尖吻鲈 (Lates calcarifer)
LOC127138917,LOC108883628,0.2774366111084428,0.2643669690978002,1.049437499908726,GCF_001640805.2,尖吻鲈 (Lates calcarifer)
LOC127138917,LOC108883630,0.2287747764669961,0.1781627360563053,1.2840775884509077,GCF_001640805.2,尖吻鲈 (Lates calcarifer)
LOC108891970,LOC108887056,0.0988348149995501,0.1307650403585832,0.7558198638453044,GCF_001640805.2,尖吻鲈 (Lates calcarifer)
LOC108891970,LOC108892265,0.1346035970685271,0.1117042940416576,1.2049993084270307,GCF_001640805.2,尖吻鲈 (Lates calcarifer)
LOC108891970,LOC108887033,0.1925225934217608,0.2147493463451853,0.8964990892791938,GCF_001640805.2,尖吻鲈 (Lates calcarifer)
LOC108892265,LOC108887056,0.0601478233168681,0.0651797139727734,0.9227997432144728,GCF_001640805.2,尖吻鲈 (Lates calcarifer)
LOC108899973,LOC127140810,0.0406184541837594,0.0222151860462838,1.828409363717845,GCF_001640805.2,尖吻鲈 (Lates calcarifer)
LOC108894361,LOC108902771,0.0,0.0068807822070309,0.0,GCF_001640805.2,尖吻鲈 (Lates calcarifer)
LOC108874143,LOC108891177,0.0050437311807554,0.0113926241204814,0.4427190019977891,GCF_001640805.2,尖吻鲈 (Lates calcarifer)
LOC108874143,LOC108891179,0.1333043775782593,0.206840463599724,0.6444792051724894,GCF_001640805.2,尖吻鲈 (Lates calcarifer)
LOC108891177,LOC108891179,0.1396716764871555,0.2215382196104053,0.6304631170765052,GCF_001640805.2,尖吻鲈 (Lates calcarifer)
LOC127142193,LOC127140266,0.0020304580929526,0.0075094494693223,0.2703870771416078,GCF_001640805.2,尖吻鲈 (Lates calcarifer)
LOC108874488,LOC108874548,0.0074796630802798,0.0099918213876574,0.7485785413977863,GCF_001640805.2,尖吻鲈 (Lates calcarifer)
LOC108874488,LOC108874546,0.0074796630802798,0.0099918213876574,0.7485785413977863,GCF_001640805.2,尖吻鲈 (Lates calcarifer)
LOC108874488,LOC108874487,0.0074796630802798,0.0099918213876574,0.7485785413977863,GCF_001640805.2,尖吻鲈 (Lates calcarifer)
LOC127140809,LOC108895225,0.1995619718821922,0.7224532055987608,0.276228232272563,GCF_001640805.2,尖吻鲈 (Lates calcarifer)
LOC127140809,LOC127140512,0.2253016136943091,0.6462315864289987,0.3486391232271699,GCF_001640805.2,尖吻鲈 (Lates calcarifer)
LOC127140809,LOC108900661,0.2253016136943091,0.6462315864289987,0.3486391232271699,GCF_001640805.2,尖吻鲈 (Lates calcarifer)
dharma,LOC108890351,0.0405338092546712,0.0782602331996898,0.5179362186571135,GCF_001640805.2,尖吻鲈 (Lates calcarifer)
dusp19a,LOC108879787,0.16160297465218,0.2016553244622576,0.8013821359942623,GCF_001640805.2,尖吻鲈 (Lates calcarifer)
LOC108879348,aanat2,0.0,0.0068493626724543,0.0,GCF_001640805.2,尖吻鲈 (Lates calcarifer)
LOC108901862,LOC108886222,0.1276514136506161,0.7005234499214849,0.1822228986979999,GCF_001640805.2,尖吻鲈 (Lates calcarifer)
LOC108886020,LOC108886021,0.0082531781932603,0.0851428697227404,0.0969332866056317,GCF_001640805.2,尖吻鲈 (Lates calcarifer)
LOC108886020,LOC108880311,0.0117926957845926,0.0433646781666196,0.2719424260288913,GCF_001640805.2,尖吻鲈 (Lates calcarifer)
LOC108886021,LOC108880311,0.009434086655145,0.0702267037754946,0.1343375973519214,GCF_001640805.2,尖吻鲈 (Lates calcarifer)
LOC108896466,LOC108875863,0.1942953636780495,0.2762692470728306,0.7032826336506032,GCF_001640805.2,尖吻鲈 (Lates calcarifer)
LOC108880123,LOC108884512,0.0,0.0070588756367599,0.0,GCF_001640805.2,尖吻鲈 (Lates calcarifer)
LOC108900662,LOC108899603,0.0382678650400124,0.0406603624456106,0.9411589749403106,GCF_001640805.2,尖吻鲈 (Lates calcarifer)
LOC108900662,LOC108900534,0.0544569022535505,0.0633861186562337,0.8591297812205606,GCF_001640805.2,尖吻鲈 (Lates calcarifer)
LOC108900662,LOC108899605,0.0549744479550574,0.0465265431895895,1.1815717262948977,GCF_001640805.2,尖吻鲈 (Lates calcarifer)
LOC108889562,LOC108901749,0.0682789606426841,0.2424202574033943,0.2816553425610218,GCF_001640805.2,尖吻鲈 (Lates calcarifer)
LOC108900970,LOC127140518,0.3141468282599887,0.3242129511919343,0.96895212577123,GCF_001640805.2,尖吻鲈 (Lates calcarifer)
LOC108900280,ube2e1,0.1468387214954179,0.3422221871361418,0.4290742301784279,GCF_001640805.2,尖吻鲈 (Lates calcarifer)
LOC127140816,LOC108873245,0.0257443937963892,0.0438614614252191,0.5869479255788518,GCF_001640805.2,尖吻鲈 (Lates calcarifer)
LOC108902430,LOC108885856,0.0288844360583937,0.0088627323785884,3.2590892768212205,GCF_001640805.2,尖吻鲈 (Lates calcarifer)
LOC108902430,LOC108902432,0.0412892594761571,0.0088366265236951,4.672513811174553,GCF_001640805.2,尖吻鲈 (Lates calcarifer)
LOC108889091,tmem176,0.0,0.0065934490583779,0.0,GCF_001640805.2,尖吻鲈 (Lates calcarifer)
LOC108887065,gfer,0.0164300108143999,0.0039630211099539,4.145829749211431,GCF_001640805.2,尖吻鲈 (Lates calcarifer)
LOC108881856,LOC108892235,0.0091013631107499,0.0067492019014271,1.3485095339680817,GCF_001640805.2,尖吻鲈 (Lates calcarifer)
LOC108891680,hes2.1,0.0941073012224378,0.4921993453221166,0.1911975343259546,GCF_001640805.2,尖吻鲈 (Lates calcarifer)
LOC108902906,LOC108882336,0.1470960095352113,0.2579304113315485,0.5702933933840449,GCF_001640805.2,尖吻鲈 (Lates calcarifer)
LOC108902906,LOC108882204,0.1486651071463145,0.2740366296784965,0.5425008595410419,GCF_001640805.2,尖吻鲈 (Lates calcarifer)
LOC108902906,LOC108892328,0.1526546624165997,0.2581661121505845,0.5913040295837064,GCF_001640805.2,尖吻鲈 (Lates calcarifer)
LOC108902906,LOC108882209,0.1589694665614727,0.2452823597492711,0.6481080283309901,GCF_001640805.2,尖吻鲈 (Lates calcarifer)
LOC108899793,LOC108899792,0.0,0.0133633824875953,0.0,GCF_001640805.2,尖吻鲈 (Lates calcarifer)
LOC108899793,LOC108901752,0.1172939967527039,0.6138482249668953,0.1910798011333006,GCF_001640805.2,尖吻鲈 (Lates calcarifer)
LOC108899793,LOC108901751,0.112459152037069,0.5749872319146541,0.1955854770245776,GCF_001640805.2,尖吻鲈 (Lates calcarifer)
LOC108899793,LOC108901358,0.1168562185536681,0.5590907105113668,0.2090111968535244,GCF_001640805.2,尖吻鲈 (Lates calcarifer)
LOC108899792,LOC108901752,0.1172939967527039,0.6138482249668953,0.1910798011333006,GCF_001640805.2,尖吻鲈 (Lates calcarifer)
LOC108899792,LOC108901751,0.112459152037069,0.5749872319146541,0.1955854770245776,GCF_001640805.2,尖吻鲈 (Lates calcarifer)
LOC108899792,LOC108901358,0.1168562185536681,0.5590907105113668,0.2090111968535244,GCF_001640805.2,尖吻鲈 (Lates calcarifer)
LOC108901976,LOC108901957,0.0940730361805292,0.1287835332614544,0.7304741048651273,GCF_001640805.2,尖吻鲈 (Lates calcarifer)
snap25a,LOC108897703,0.0473242085986301,0.5312191771416278,0.089086031971344,GCF_001640805.2,尖吻鲈 (Lates calcarifer)
tspan13b,LOC108879439,0.0107035455789995,0.005357165634285,1.997986679840244,GCF_001640805.2,尖吻鲈 (Lates calcarifer)
crip2,LOC108877093,0.0,0.0078534749004715,0.0,GCF_001640805.2,尖吻鲈 (Lates calcarifer)
LOC108875058,LOC108874706,0.0132307731029257,0.0147970274297308,0.8941507451923668,GCF_001640805.2,尖吻鲈 (Lates calcarifer)
LOC108873274,LOC108887433,0.1258695799702001,0.174946261109846,0.7194756788267034,GCF_001640805.2,尖吻鲈 (Lates calcarifer)
LOC108873274,LOC108887434,0.12036772135254,0.1478975599192491,0.8138587372114852,GCF_001640805.2,尖吻鲈 (Lates calcarifer)
LOC108873274,LOC108887510,0.1381443485473245,0.1742875741916666,0.7926230495089981,GCF_001640805.2,尖吻鲈 (Lates calcarifer)
LOC108874492,LOC108897900,0.0,0.0070423052623792,0.0,GCF_001640805.2,尖吻鲈 (Lates calcarifer)
LOC108896694,LOC108875986,0.0273154734911274,0.0595550832033078,0.4586589762267384,GCF_001640805.2,尖吻鲈 (Lates calcarifer)
LOC108896694,LOC108896693,0.0295335276998212,0.0679559078870911,0.4345983832471382,GCF_001640805.2,尖吻鲈 (Lates calcarifer)
LOC108896694,LOC108896695,0.0318612536164274,0.109803287529467,0.2901666637975393,GCF_001640805.2,尖吻鲈 (Lates calcarifer)
LOC108896694,LOC108875990,0.0386114668763575,0.1187762368285963,0.3250773715964501,GCF_001640805.2,尖吻鲈 (Lates calcarifer)
LOC108901358,LOC108901752,0.0411845739009645,0.2520090324989351,0.1634249911305801,GCF_001640805.2,尖吻鲈 (Lates calcarifer)
LOC108901358,LOC108901751,0.038296607150025,0.2750415168434539,0.1392393686216557,GCF_001640805.2,尖吻鲈 (Lates calcarifer)
LOC108896979,LOC108897008,0.1861414322400707,0.6612199438852971,0.2815121261260095,GCF_001640805.2,尖吻鲈 (Lates calcarifer)
LOC108896979,LOC108896057,0.2016786821592277,0.6012629393893978,0.335425100978349,GCF_001640805.2,尖吻鲈 (Lates calcarifer)
LOC108896979,LOC108896073,0.4161633382184313,0.6520698171734536,0.6382189870747076,GCF_001640805.2,尖吻鲈 (Lates calcarifer)
LOC108874378,LOC108898556,0.0,0.0305385697640886,0.0,GCF_001640805.2,尖吻鲈 (Lates calcarifer)
LOC108901751,LOC108901752,0.0022296560457047,0.0648663348563828,0.0343730850624022,GCF_001640805.2,尖吻鲈 (Lates calcarifer)
LOC108891384,LOC108872653,0.0043399759439859,0.0072904583779664,0.5952953461887205,GCF_001640805.2,尖吻鲈 (Lates calcarifer)
atxn7l3b,LOC108873424,0.0184699774262465,0.0278488270634755,0.6632228130882535,GCF_001640805.2,尖吻鲈 (Lates calcarifer)
ube2e2,LOC108889222,0.1662170850625171,0.6995248989344041,0.2376142512092391,GCF_001640805.2,尖吻鲈 (Lates calcarifer)
LOC108897234,LOC108899293,0.0949320706269841,0.6923090897438656,0.1371238252297197,GCF_001640805.2,尖吻鲈 (Lates calcarifer)
LOC108897234,LOC108891735,0.0835693013706877,0.4869564721732,0.1716155470687817,GCF_001640805.2,尖吻鲈 (Lates calcarifer)
LOC108897234,LOC108902454,0.0814521214041626,0.4172159983820611,0.1952277039232176,GCF_001640805.2,尖吻鲈 (Lates calcarifer)
LOC108896693,LOC108875986,0.0064493410667134,0.0234699724662927,0.2747911645817186,GCF_001640805.2,尖吻鲈 (Lates calcarifer)
LOC108896693,LOC108875985,0.069245576167496,0.1552801078107234,0.4459397738949412,GCF_001640805.2,尖吻鲈 (Lates calcarifer)
LOC108896693,LOC108896695,0.0638206535385442,0.1656917894071427,0.3851769225674926,GCF_001640805.2,尖吻鲈 (Lates calcarifer)
LOC108896692,LOC108875988,0.0021443903100338,0.0314182062818702,0.0682531106580475,GCF_001640805.2,尖吻鲈 (Lates calcarifer)
LOC108896692,LOC108896695,0.0217801149158727,0.0719592792925467,0.3026727772984888,GCF_001640805.2,尖吻鲈 (Lates calcarifer)
LOC108896692,LOC108875990,0.0195663270632233,0.0472597258715506,0.414016939421181,GCF_001640805.2,尖吻鲈 (Lates calcarifer)
LOC108896692,LOC108875984,0.0195521572267114,0.0638683562552302,0.3061321501461106,GCF_001640805.2,尖吻鲈 (Lates calcarifer)
LOC108875986,LOC108875985,0.0669340227304817,0.1646873256590502,0.406430928807808,GCF_001640805.2,尖吻鲈 (Lates calcarifer)
LOC108875986,LOC108896695,0.063844495980994,0.1750107911163387,0.3648031962700703,GCF_001640805.2,尖吻鲈 (Lates calcarifer)
LOC108902795,LOC108891194,0.2162490421688028,0.3021173239839946,0.7157783582786507,GCF_001640805.2,尖吻鲈 (Lates calcarifer)
LOC108902795,LOC108873685,0.2163406931780409,0.2898687673067986,0.7463401289765886,GCF_001640805.2,尖吻鲈 (Lates calcarifer)
LOC108902795,LOC108902796,0.2214978959288429,0.3521759957256934,0.6289409233369939,GCF_001640805.2,尖吻鲈 (Lates calcarifer)
LOC108891064,LOC108873691,0.028849710620847,0.0519838499176716,0.5549744904722754,GCF_001640805.2,尖吻鲈 (Lates calcarifer)
LOC108891064,LOC108891062,0.1831791952985292,0.3318188668949246,0.5520457501789241,GCF_001640805.2,尖吻鲈 (Lates calcarifer)
LOC108901706,rpl19,0.0266497318263481,0.7197247782547417,0.0370276703422257,GCF_001640805.2,尖吻鲈 (Lates calcarifer)
LOC108873691,LOC108891062,0.1748216453415104,0.3175625166841933,0.5505109581788755,GCF_001640805.2,尖吻鲈 (Lates calcarifer)
LOC108883854,LOC108874180,0.0,0.0067568024567744,0.0,GCF_001640805.2,尖吻鲈 (Lates calcarifer)
cryba2b,cryba4,0.3424996742621693,0.7259031127091868,0.471825603535306,GCF_001640805.2,尖吻鲈 (Lates calcarifer)
LOC108891194,LOC108873685,0.0021857938968449,0.0079260975463441,0.2757717633506899,GCF_001640805.2,尖吻鲈 (Lates calcarifer)
LOC108891194,LOC108902796,0.159512261355352,0.2623158758206194,0.6080922889487328,GCF_001640805.2,尖吻鲈 (Lates calcarifer)
LOC108891000,vbp1,0.0,0.0080000758531463,0.0,GCF_001640805.2,尖吻鲈 (Lates calcarifer)
LOC108896249,LOC127139013,0.2426687027401637,0.4390695640981986,0.5526885090260788,GCF_001640805.2,尖吻鲈 (Lates calcarifer)
LOC108873685,LOC108902796,0.1580959102446776,0.2682982072822374,0.5892544413402211,GCF_001640805.2,尖吻鲈 (Lates calcarifer)
LOC127140186,LOC108892796,0.0671452593382279,0.0304438638259005,2.205543281963544,GCF_001640805.2,尖吻鲈 (Lates calcarifer)
LOC127140186,LOC108892738,0.0594731180978609,0.0305126824773327,1.9491278140505133,GCF_001640805.2,尖吻鲈 (Lates calcarifer)
LOC127140186,LOC127138914,0.1043822882611949,0.0756123129748418,1.3804932577042792,GCF_001640805.2,尖吻鲈 (Lates calcarifer)
LOC108886923,dnal1,0.0,0.0315006929809731,0.0,GCF_001640805.2,尖吻鲈 (Lates calcarifer)
LOC108890044,LOC108901163,0.1526669707855522,0.4964700792354817,0.3075048772740651,GCF_001640805.2,尖吻鲈 (Lates calcarifer)
LOC108890044,LOC108889760,0.1856258775204893,0.5906361399192739,0.3142812723005065,GCF_001640805.2,尖吻鲈 (Lates calcarifer)
LOC108886932,LOC108896125,0.0043923990845346,0.0364022919498058,0.1206627069139276,GCF_001640805.2,尖吻鲈 (Lates calcarifer)
LOC108885853,LOC108885856,0.0264556486324244,0.0088366265236951,2.993862936436691,GCF_001640805.2,尖吻鲈 (Lates calcarifer)
LOC108885853,LOC108902432,0.0338767262759335,0.0087977548391172,3.8506103995201286,GCF_001640805.2,尖吻鲈 (Lates calcarifer)
LOC108885855,LOC108885856,0.0264556486324244,0.0088366265236951,2.993862936436691,GCF_001640805.2,尖吻鲈 (Lates calcarifer)
LOC108885855,LOC108902432,0.0338767262759335,0.0087977548391172,3.8506103995201286,GCF_001640805.2,尖吻鲈 (Lates calcarifer)
LOC108873105,LOC108872950,0.037339333437001,0.0154139007635697,2.422445428301395,GCF_001640805.2,尖吻鲈 (Lates calcarifer)
LOC108886073,LOC108902101,0.0436787456638581,0.0538905778259878,0.8105080224765147,GCF_001640805.2,尖吻鲈 (Lates calcarifer)
LOC108902104,LOC108902101,0.0436787456638581,0.0538905778259878,0.8105080224765147,GCF_001640805.2,尖吻鲈 (Lates calcarifer)
rac2,LOC108889076,0.0,0.0094638479694086,0.0,GCF_001640805.2,尖吻鲈 (Lates calcarifer)
LOC108887048,LOC108900260,0.0,0.0244586891915706,0.0,GCF_001640805.2,尖吻鲈 (Lates calcarifer)
vsnl1b,LOC108888417,0.0207215943224511,0.0252655469877565,0.8201522148913958,GCF_001640805.2,尖吻鲈 (Lates calcarifer)
LOC108884155,LOC108884156,0.1762983577115769,0.4658802607011422,0.378419891510859,GCF_001640805.2,尖吻鲈 (Lates calcarifer)
myl1,mylz3,0.1203799333375704,0.7498859054967734,0.1605309987228295,GCF_001640805.2,尖吻鲈 (Lates calcarifer)
tm4sf21a,LOC108893761,0.1725519897503771,0.512168010294568,0.3369050512372603,GCF_001640805.2,尖吻鲈 (Lates calcarifer)
LOC108889832,zgc_114119,0.0,0.0075950016134468,0.0,GCF_001640805.2,尖吻鲈 (Lates calcarifer)
LOC108892735,LOC108892794,0.0207429940441322,0.0591115432196023,0.3509127475672716,GCF_001640805.2,尖吻鲈 (Lates calcarifer)
LOC108886874,LOC127138975,0.0,0.00847466644045,0.0,GCF_001640805.2,尖吻鲈 (Lates calcarifer)
LOC108886874,LOC108886873,0.0022953346148295,0.00847466644045,0.2708466027493203,GCF_001640805.2,尖吻鲈 (Lates calcarifer)
LOC108886874,LOC127139221,0.0260373277183275,0.0149073230681966,1.7466132315784932,GCF_001640805.2,尖吻鲈 (Lates calcarifer)
LOC108886873,LOC127139221,0.0291298749871979,0.0261871988296709,1.1123707875999655,GCF_001640805.2,尖吻鲈 (Lates calcarifer)
LOC127138975,LOC127139221,0.0260634311925018,0.0261871988296709,0.995273735156856,GCF_001640805.2,尖吻鲈 (Lates calcarifer)
LOC108902754,LOC108894366,0.0,0.0340001559761408,0.0,GCF_001640805.2,尖吻鲈 (Lates calcarifer)
LOC108902754,LOC108894367,0.0046171750285438,0.1562883017480013,0.029542678350863,GCF_001640805.2,尖吻鲈 (Lates calcarifer)
LOC108902754,LOC108894365,0.0069284557387021,0.025426163756761,0.2724931611777203,GCF_001640805.2,尖吻鲈 (Lates calcarifer)
LOC108902754,LOC108902753,0.0069364656282459,0.1665800584393272,0.0416404321935832,GCF_001640805.2,尖吻鲈 (Lates calcarifer)
LOC108891631,her12,0.0296667889336595,0.04034586119895,0.735311827584227,GCF_001640805.2,尖吻鲈 (Lates calcarifer)
LOC108891631,LOC108890684,0.5515453393206192,0.6929299055266572,0.7959612291540809,GCF_001640805.2,尖吻鲈 (Lates calcarifer)
LOC108901987,LOC108901985,0.1910990642726375,0.3288535534322513,0.5811068856581681,GCF_001640805.2,尖吻鲈 (Lates calcarifer)
LOC108901987,LOC108877837,0.1926882976524668,0.3071538251218506,0.6273348462322609,GCF_001640805.2,尖吻鲈 (Lates calcarifer)
LOC108901987,LOC108901988,0.2788210925807601,0.4520503252356134,0.6167921512619986,GCF_001640805.2,尖吻鲈 (Lates calcarifer)
LOC108877830,LOC108901985,0.1910990642726375,0.3288535534322513,0.5811068856581681,GCF_001640805.2,尖吻鲈 (Lates calcarifer)
LOC108877830,LOC108877837,0.1926882976524668,0.3071538251218506,0.6273348462322609,GCF_001640805.2,尖吻鲈 (Lates calcarifer)
LOC108877830,LOC108901988,0.2788210925807601,0.4520503252356134,0.6167921512619986,GCF_001640805.2,尖吻鲈 (Lates calcarifer)
apodb,LOC108900050,0.0,0.0103807885589036,0.0,GCF_001640805.2,尖吻鲈 (Lates calcarifer)
LOC108892881,LOC108902460,0.1931770014780118,0.7341510626448775,0.2631297716604343,GCF_001640805.2,尖吻鲈 (Lates calcarifer)
LOC108885353,LOC108885366,0.0094045119395514,0.0163049899773044,0.5767873486976667,GCF_001640805.2,尖吻鲈 (Lates calcarifer)
LOC108885353,LOC108885375,0.0047188515873959,0.0081191591286918,0.581199544509507,GCF_001640805.2,尖吻鲈 (Lates calcarifer)
LOC108885353,LOC108885380,0.0095277184451319,0.0081411925570765,1.1703099242936157,GCF_001640805.2,尖吻鲈 (Lates calcarifer)
LOC108885353,LOC108885388,0.0119239395508487,0.0247275144281773,0.4822134301238622,GCF_001640805.2,尖吻鲈 (Lates calcarifer)
LOC108885366,LOC108885375,0.0047188515873959,0.0246260152475344,0.1916205906624846,GCF_001640805.2,尖吻鲈 (Lates calcarifer)
LOC108885366,LOC108885380,0.0047487297545049,0.0081411925570765,0.5832965774009663,GCF_001640805.2,尖吻鲈 (Lates calcarifer)
LOC108885366,LOC108885388,0.0119239395508487,0.0247275144281773,0.4822134301238622,GCF_001640805.2,尖吻鲈 (Lates calcarifer)
LOC108899293,LOC108891735,0.0729503988849177,0.560410801372666,0.1301730778675814,GCF_001640805.2,尖吻鲈 (Lates calcarifer)
LOC108899293,LOC108902454,0.1029840865983213,0.5463857432979276,0.188482382385602,GCF_001640805.2,尖吻鲈 (Lates calcarifer)
LOC127142438,LOC108875796,0.084698122269843,0.1165270010780051,0.7268540465839735,GCF_001640805.2,尖吻鲈 (Lates calcarifer)
LOC108901988,LOC108877837,0.0131122220852605,0.0099339200625155,1.3199443928221282,GCF_001640805.2,尖吻鲈 (Lates calcarifer)
LOC108901988,LOC108901989,0.1107008160676625,0.1403211266599593,0.7889105418596315,GCF_001640805.2,尖吻鲈 (Lates calcarifer)
LOC108901988,LOC108877846,0.1159648447490625,0.1516647832805611,0.7646128668811789,GCF_001640805.2,尖吻鲈 (Lates calcarifer)
LOC108885375,LOC108885380,0.0047506097075939,0.0163494212569383,0.2905674539138737,GCF_001640805.2,尖吻鲈 (Lates calcarifer)
LOC108885375,LOC108885388,0.0071344176507739,0.0331088240729696,0.2154838732734857,GCF_001640805.2,尖吻鲈 (Lates calcarifer)
LOC108891735,LOC108902456,0.0628329328299482,0.4634428194917683,0.1355786090263597,GCF_001640805.2,尖吻鲈 (Lates calcarifer)
LOC108885380,LOC108885388,0.0071344176507739,0.016371727831059,0.4357767075286394,GCF_001640805.2,尖吻鲈 (Lates calcarifer)
LOC108901989,LOC108877846,0.0115921936775188,0.0090362538871308,1.2828539151636806,GCF_001640805.2,尖吻鲈 (Lates calcarifer)
LOC108901989,LOC108901985,0.1249113724302231,0.1581892229580958,0.7896326316952201,GCF_001640805.2,尖吻鲈 (Lates calcarifer)
LOC108901989,LOC108877837,0.1279691377730724,0.1462698815244198,0.8748837179560298,GCF_001640805.2,尖吻鲈 (Lates calcarifer)
LOC108877846,LOC108901985,0.1310367208096177,0.171215321257197,0.7653329144111841,GCF_001640805.2,尖吻鲈 (Lates calcarifer)
LOC108877846,LOC108877837,0.1404344568034743,0.1590702863457186,0.8828453134123254,GCF_001640805.2,尖吻鲈 (Lates calcarifer)
LOC108873899,LOC108892769,0.2371430476514718,0.4040748626102843,0.5868789909858554,GCF_001640805.2,尖吻鲈 (Lates calcarifer)
LOC108873899,LOC108873900,0.2471853079374687,0.4492493369518484,0.5502185258961497,GCF_001640805.2,尖吻鲈 (Lates calcarifer)
LOC108873899,LOC127139311,0.2850138318352501,0.4524120701002357,0.6299872409949249,GCF_001640805.2,尖吻鲈 (Lates calcarifer)
LOC127138974,LOC108902459,0.0325506334828698,0.0999397180713864,0.3257026746825434,GCF_001640805.2,尖吻鲈 (Lates calcarifer)
LOC127138974,LOC108902456,0.0575174185948849,0.1772915835481728,0.3244227246650804,GCF_001640805.2,尖吻鲈 (Lates calcarifer)
LOC127138974,LOC108902454,0.0704294437964436,0.2210996551654837,0.318541626596976,GCF_001640805.2,尖吻鲈 (Lates calcarifer)
LOC127138974,LOC108902457,0.0712278649928986,0.2123972423853921,0.3353521175367077,GCF_001640805.2,尖吻鲈 (Lates calcarifer)
LOC108879378,LOC108872596,0.3111471529252013,0.4842194349577133,0.6425746892054709,GCF_001640805.2,尖吻鲈 (Lates calcarifer)
LOC108879378,LOC108879376,0.3150197949202382,0.4842194349577133,0.6505723896599664,GCF_001640805.2,尖吻鲈 (Lates calcarifer)
LOC108889202,LOC108902911,0.0048899928729608,0.0235006171278266,0.2080793387834377,GCF_001640805.2,尖吻鲈 (Lates calcarifer)
LOC108886863,LOC108892070,0.2163923784314489,0.566916608061158,0.3817005452909662,GCF_001640805.2,尖吻鲈 (Lates calcarifer)
LOC108892882,LOC108902457,0.1301090158251752,0.6953555609236661,0.1871114910655876,GCF_001640805.2,尖吻鲈 (Lates calcarifer)
LOC108892882,LOC108902454,0.1438402973314444,0.6480787340276892,0.2219488000130842,GCF_001640805.2,尖吻鲈 (Lates calcarifer)
LOC108896035,LOC108879352,0.0,0.0104896814810549,0.0,GCF_001640805.2,尖吻鲈 (Lates calcarifer)
LOC108872595,LOC108872596,0.3111471529252013,0.4842194349577133,0.6425746892054709,GCF_001640805.2,尖吻鲈 (Lates calcarifer)
LOC108872595,LOC108879376,0.3150197949202382,0.4842194349577133,0.6505723896599664,GCF_001640805.2,尖吻鲈 (Lates calcarifer)
LOC108887514,LOC108900575,0.0,0.0090635544113039,0.0,GCF_001640805.2,尖吻鲈 (Lates calcarifer)
LOC108873902,LOC108873901,0.3842183204209025,0.4013571985625231,0.9572976934187196,GCF_001640805.2,尖吻鲈 (Lates calcarifer)
LOC108873902,LOC108873899,0.4882912238059806,0.7311443145189174,0.6678452038942125,GCF_001640805.2,尖吻鲈 (Lates calcarifer)
LOC108873902,LOC108873904,0.5523191230351169,0.6285997791722929,0.8786498839728859,GCF_001640805.2,尖吻鲈 (Lates calcarifer)
LOC108873902,LOC108892725,0.6138256694936974,0.5525943990899173,1.1108068965313866,GCF_001640805.2,尖吻鲈 (Lates calcarifer)
LOC108872859,LOC108872902,0.1780348324321894,0.2644874558645963,0.6731314793369024,GCF_001640805.2,尖吻鲈 (Lates calcarifer)
LOC108872859,LOC108872903,0.1850779473573729,0.3985631378143341,0.464362932237826,GCF_001640805.2,尖吻鲈 (Lates calcarifer)
LOC108872859,LOC127140522,0.2549137588488591,0.4427085764105131,0.5758048803023045,GCF_001640805.2,尖吻鲈 (Lates calcarifer)
LOC108872859,LOC108872904,0.263151799571844,0.4803971887927006,0.5477796409116756,GCF_001640805.2,尖吻鲈 (Lates calcarifer)
id1,id3,0.5480254444907984,0.7495179979295765,0.7311704935767133,GCF_001640805.2,尖吻鲈 (Lates calcarifer)
LOC108902435,LOC108902456,0.0822078118553665,0.2476812651529326,0.3319096896755865,GCF_001640805.2,尖吻鲈 (Lates calcarifer)
LOC108902435,LOC108902459,0.0784296029396827,0.2826891946513521,0.2774411064293134,GCF_001640805.2,尖吻鲈 (Lates calcarifer)
LOC108902435,LOC108902457,0.0798497152844718,0.2770816918940871,0.2881811307655577,GCF_001640805.2,尖吻鲈 (Lates calcarifer)
LOC108902435,LOC127138974,0.0883017796648736,0.2716574451575133,0.3250482592651718,GCF_001640805.2,尖吻鲈 (Lates calcarifer)
LOC108875746,LOC127142496,0.0260606517393313,0.0386002582920762,0.6751419004022828,GCF_001640805.2,尖吻鲈 (Lates calcarifer)
LOC108875746,LOC108875739,0.2235137386097574,0.2440668003259712,0.9157891950533074,GCF_001640805.2,尖吻鲈 (Lates calcarifer)
LOC108902457,LOC108902454,0.0582701811147372,0.2466937732393726,0.2362045071084805,GCF_001640805.2,尖吻鲈 (Lates calcarifer)
LOC108902457,LOC108902456,0.0605550267508609,0.1893104502107423,0.3198715479438695,GCF_001640805.2,尖吻鲈 (Lates calcarifer)
LOC108902457,LOC108902459,0.0635363735469596,0.2186406365692099,0.2905972766267875,GCF_001640805.2,尖吻鲈 (Lates calcarifer)
LOC108902977,LOC108902974,0.1277590243104291,0.2603971499881415,0.490631423255774,GCF_001640805.2,尖吻鲈 (Lates calcarifer)
LOC108902977,LOC108902975,0.1367411675954658,0.2819297293999651,0.4850186175345676,GCF_001640805.2,尖吻鲈 (Lates calcarifer)
LOC108876340,LOC108883140,0.0413562398891916,0.0192010486790913,2.1538531868952493,GCF_001640805.2,尖吻鲈 (Lates calcarifer)
LOC108876340,LOC108892088,0.0438436503649456,0.0095542693330723,4.588906679988559,GCF_001640805.2,尖吻鲈 (Lates calcarifer)
LOC108876340,LOC108892156,0.0728968401748393,0.0552088630074345,1.320382927737941,GCF_001640805.2,尖吻鲈 (Lates calcarifer)
LOC108883140,LOC108892088,0.0023818995804136,0.0093604959177068,0.2544629687736853,GCF_001640805.2,尖吻鲈 (Lates calcarifer)
LOC108883140,LOC108876352,0.0472918485717039,0.0255479730307748,1.8510998314714284,GCF_001640805.2,尖吻鲈 (Lates calcarifer)
LOC108883140,LOC108892156,0.0851267027938095,0.079942491013384,1.0648492649491943,GCF_001640805.2,尖吻鲈 (Lates calcarifer)
LOC108902461,LOC108902454,0.1299171556788889,0.6452335980991907,0.2013490246968152,GCF_001640805.2,尖吻鲈 (Lates calcarifer)
LOC108902461,LOC108902457,0.1182288287325873,0.5221574775678685,0.2264237013003808,GCF_001640805.2,尖吻鲈 (Lates calcarifer)
LOC108902461,LOC108902456,0.1866678388308827,0.6342443905090376,0.294315316972792,GCF_001640805.2,尖吻鲈 (Lates calcarifer)
LOC108902454,LOC108902456,0.0424975984216082,0.0729319106665341,0.5827023868320083,GCF_001640805.2,尖吻鲈 (Lates calcarifer)
LOC108902454,LOC108902459,0.0744611021860829,0.2557840614923836,0.2911092339047098,GCF_001640805.2,尖吻鲈 (Lates calcarifer)
LOC108902456,LOC108902459,0.0436787456638581,0.1909816637801856,0.2287064883576001,GCF_001640805.2,尖吻鲈 (Lates calcarifer)
LOC108902462,LOC108902454,0.0934631570212134,0.3408293345284681,0.2742227489031077,GCF_001640805.2,尖吻鲈 (Lates calcarifer)
LOC108902462,LOC108902457,0.0799788533274886,0.2795064639638801,0.286143125970153,GCF_001640805.2,尖吻鲈 (Lates calcarifer)
LOC108902462,LOC108902456,0.0925747790371673,0.3012845688672104,0.3072669117613163,GCF_001640805.2,尖吻鲈 (Lates calcarifer)
LOC108902462,LOC108902459,0.1086530667053486,0.3831192178244932,0.2836011916142578,GCF_001640805.2,尖吻鲈 (Lates calcarifer)
LOC108901835,LOC108901821,0.038169910774658,0.0234028347505171,1.6309951841972763,GCF_001640805.2,尖吻鲈 (Lates calcarifer)
LOC108901835,LOC108901866,0.1069547128416389,0.2351614475394574,0.4548139755080101,GCF_001640805.2,尖吻鲈 (Lates calcarifer)
LOC108901821,LOC108886001,0.038169910774658,0.0234028347505171,1.6309951841972763,GCF_001640805.2,尖吻鲈 (Lates calcarifer)
LOC108901821,LOC108901866,0.1166005458601142,0.2174535290260592,0.536209029958493,GCF_001640805.2,尖吻鲈 (Lates calcarifer)
LOC108886001,LOC108901866,0.1069547128416389,0.2351614475394574,0.4548139755080101,GCF_001640805.2,尖吻鲈 (Lates calcarifer)
LOC108889248,ak6,0.0,0.0092880443997912,0.0,GCF_001640805.2,尖吻鲈 (Lates calcarifer)
LOC108902460,LOC108902456,0.0913205452888737,0.3719249801619864,0.2455348528864623,GCF_001640805.2,尖吻鲈 (Lates calcarifer)
LOC108902460,LOC108902454,0.1083071330787791,0.407405274951773,0.2658461726878723,GCF_001640805.2,尖吻鲈 (Lates calcarifer)
LOC108902460,LOC108902459,0.1121488004782226,0.4611115029675289,0.2432140594118297,GCF_001640805.2,尖吻鲈 (Lates calcarifer)
LOC108902460,LOC108902457,0.1243441911320579,0.4509072639256949,0.2757644444436111,GCF_001640805.2,尖吻鲈 (Lates calcarifer)
LOC127142282,LOC108885217,0.1171751176639442,0.2329956068847633,0.5029069827994548,GCF_001640805.2,尖吻鲈 (Lates calcarifer)
LOC127142282,LOC108885212,0.3968960684621094,0.42642870476055,0.9307442581403524,GCF_001640805.2,尖吻鲈 (Lates calcarifer)
LOC108901673,LOC108901886,0.002554280885237,0.0163271753881798,0.1564435258707565,GCF_001640805.2,尖吻鲈 (Lates calcarifer)
LOC108901880,LOC108891197,0.1987599544793007,0.6810704735024837,0.291834637107603,GCF_001640805.2,尖吻鲈 (Lates calcarifer)
LOC108901880,LOC108873686,0.1987599544793007,0.6810704735024837,0.291834637107603,GCF_001640805.2,尖吻鲈 (Lates calcarifer)
LOC108891002,LOC108890738,0.0049586957492346,0.0090362538871308,0.5487556913708044,GCF_001640805.2,尖吻鲈 (Lates calcarifer)
LOC108891002,LOC108891004,0.2574759313371113,0.5551750282207732,0.4637743382699885,GCF_001640805.2,尖吻鲈 (Lates calcarifer)
LOC108891002,LOC108890739,0.2574759313371113,0.5551750282207732,0.4637743382699885,GCF_001640805.2,尖吻鲈 (Lates calcarifer)
LOC108890738,LOC108891004,0.2558719657829259,0.5430115826877235,0.4712090385189323,GCF_001640805.2,尖吻鲈 (Lates calcarifer)
LOC108890738,LOC108890739,0.2558719657829259,0.5430115826877235,0.4712090385189323,GCF_001640805.2,尖吻鲈 (Lates calcarifer)
LOC108902732,LOC108902775,0.0747077857225767,0.3916420368122298,0.1907552782910146,GCF_001640805.2,尖吻鲈 (Lates calcarifer)
LOC108902749,LOC108902758,0.0871047374344899,0.609392881538706,0.1429369132349431,GCF_001640805.2,尖吻鲈 (Lates calcarifer)
LOC108891197,LOC108901866,0.3036292495151202,0.7405399901684158,0.4100106051613336,GCF_001640805.2,尖吻鲈 (Lates calcarifer)
LOC108891197,LOC108901821,0.2976905395151895,0.7497970503946598,0.3970281549633977,GCF_001640805.2,尖吻鲈 (Lates calcarifer)
mylpfb,mylpfa,0.060418091400934,0.5601467168628959,0.1078611899027202,GCF_001640805.2,尖吻鲈 (Lates calcarifer)
LOC108873686,LOC108901866,0.3036292495151202,0.7405399901684158,0.4100106051613336,GCF_001640805.2,尖吻鲈 (Lates calcarifer)
LOC108873686,LOC108901821,0.2976905395151895,0.7497970503946598,0.3970281549633977,GCF_001640805.2,尖吻鲈 (Lates calcarifer)
LOC108895724,LOC108895686,0.1808612541939957,0.178182485319659,1.0150338506589522,GCF_001640805.2,尖吻鲈 (Lates calcarifer)
LOC108900521,prorsd1,0.0076792479758207,0.0267090538416578,0.2875147888557361,GCF_001640805.2,尖吻鲈 (Lates calcarifer)
LOC127140522,LOC108872903,0.1793360519749289,0.2161433308805485,0.8297089308484789,GCF_001640805.2,尖吻鲈 (Lates calcarifer)
LOC127140522,LOC108872904,0.1727186584346226,0.2880676863925732,0.5995766501878482,GCF_001640805.2,尖吻鲈 (Lates calcarifer)
LOC127139679,LOC108876340,0.0955477524996762,0.128204081780006,0.7452785525474372,GCF_001640805.2,尖吻鲈 (Lates calcarifer)
LOC127139679,LOC108876352,0.0985309285004371,0.1272694564660106,0.7741914771730908,GCF_001640805.2,尖吻鲈 (Lates calcarifer)
LOC127139679,LOC108883140,0.1204728809065609,0.155001199094857,0.7772383801549457,GCF_001640805.2,尖吻鲈 (Lates calcarifer)
LOC127139679,LOC108892156,0.1154415617041923,0.1777406517451084,0.6494944210609905,GCF_001640805.2,尖吻鲈 (Lates calcarifer)
LOC108886744,LOC108902035,0.0025167808852292,0.0288497106208471,0.087237647486508,GCF_001640805.2,尖吻鲈 (Lates calcarifer)
LOC127143406,LOC108872863,0.1970842881706414,0.3144513383505479,0.626756079985048,GCF_001640805.2,尖吻鲈 (Lates calcarifer)
LOC127143406,LOC108901332,0.1960850459912951,0.4147284339125659,0.4728034780287919,GCF_001640805.2,尖吻鲈 (Lates calcarifer)
LOC127143406,LOC127140521,0.2208411904433597,0.3003740983456857,0.7352204855866251,GCF_001640805.2,尖吻鲈 (Lates calcarifer)
LOC108892285,LOC108892290,0.0337233861457928,0.0589162200458456,0.5723956173622645,GCF_001640805.2,尖吻鲈 (Lates calcarifer)
LOC108891003,LOC108890740,0.1483801132460983,0.3603826332535869,0.411729366386224,GCF_001640805.2,尖吻鲈 (Lates calcarifer)
LOC108891003,LOC108891005,0.1551534424431391,0.3752961320903321,0.4134160444952158,GCF_001640805.2,尖吻鲈 (Lates calcarifer)
LOC108891003,LOC108890742,0.1695359978662491,0.4445243782076629,0.381387402305862,GCF_001640805.2,尖吻鲈 (Lates calcarifer)
LOC108891003,LOC108891007,0.1730345464842408,0.478524534183804,0.361600156571653,GCF_001640805.2,尖吻鲈 (Lates calcarifer)
LOC108887121,LOC127142763,0.2529035548627856,0.2858589384166238,0.8847145248059115,GCF_001640805.2,尖吻鲈 (Lates calcarifer)
LOC108889561,LOC108889563,0.2195154264475864,0.5264878217703332,0.4169430276838281,GCF_001640805.2,尖吻鲈 (Lates calcarifer)
LOC108873634,LOC108877208,0.0072246193806081,0.150232945972521,0.0480894475831525,GCF_001640805.2,尖吻鲈 (Lates calcarifer)
LOC108873634,LOC108892335,0.010863195346772,0.1384448840509638,0.0784658488555862,GCF_001640805.2,尖吻鲈 (Lates calcarifer)
LOC108873634,LOC108901361,0.0327523234959399,0.487839712096455,0.0671374688936028,GCF_001640805.2,尖吻鲈 (Lates calcarifer)
LOC108873634,LOC108901363,0.0327523234959399,0.5259431438230496,0.0622735059494552,GCF_001640805.2,尖吻鲈 (Lates calcarifer)
LOC108879956,LOC108879953,0.1940490853411363,0.3560544254936775,0.5449983807168889,GCF_001640805.2,尖吻鲈 (Lates calcarifer)
LOC108898285,LOC108879953,0.1972661329723719,0.3574956077061864,0.551800158435788,GCF_001640805.2,尖吻鲈 (Lates calcarifer)
LOC108900619,LOC108900606,0.064001073993101,0.0583732384835012,1.0964112263737156,GCF_001640805.2,尖吻鲈 (Lates calcarifer)
LOC108900619,LOC108880546,0.0675186307845182,0.0703491904785361,0.9597641468968792,GCF_001640805.2,尖吻鲈 (Lates calcarifer)
isg15,LOC127138921,0.1354793671296017,0.1554262604684764,0.8716633001479163,GCF_001640805.2,尖吻鲈 (Lates calcarifer)
LOC108894289,LOC108880401,0.0,0.0084507936347567,0.0,GCF_001640805.2,尖吻鲈 (Lates calcarifer)
LOC108891001,LOC108890737,0.0132629450924367,0.0181277706958598,0.7316368523718082,GCF_001640805.2,尖吻鲈 (Lates calcarifer)
LOC108891001,LOC108891005,0.2636940886260092,0.2805366839060894,0.9399629487111272,GCF_001640805.2,尖吻鲈 (Lates calcarifer)
LOC108891001,LOC108891003,0.3003369651634966,0.4203700244075869,0.7144585667989797,GCF_001640805.2,尖吻鲈 (Lates calcarifer)
LOC108887510,LOC108887434,0.0317530750052277,0.0390801875965694,0.8125108132289282,GCF_001640805.2,尖吻鲈 (Lates calcarifer)
LOC108887510,LOC108887433,0.0259991370752582,0.0408264049162628,0.6368216140653055,GCF_001640805.2,尖吻鲈 (Lates calcarifer)
LOC108881159,si_ch211-276k2.2,0.2235487282694407,0.2961058602256327,0.7549621885196618,GCF_001640805.2,尖吻鲈 (Lates calcarifer)
LOC108890736,LOC108890737,0.0132629450924367,0.0181277706958598,0.7316368523718082,GCF_001640805.2,尖吻鲈 (Lates calcarifer)
LOC108890736,LOC108891005,0.2636940886260092,0.2805366839060894,0.9399629487111272,GCF_001640805.2,尖吻鲈 (Lates calcarifer)
LOC108890736,LOC108891003,0.3003369651634966,0.4203700244075869,0.7144585667989797,GCF_001640805.2,尖吻鲈 (Lates calcarifer)
LOC108890737,LOC108891005,0.2597708015628449,0.2939099951383938,0.8838447343055695,GCF_001640805.2,尖吻鲈 (Lates calcarifer)
LOC108890737,LOC108890740,0.2617298797337887,0.2871935323415656,0.9113362602557064,GCF_001640805.2,尖吻鲈 (Lates calcarifer)
LOC108887434,LOC108887433,0.0478792516984321,0.0824427272688703,0.5807577367289604,GCF_001640805.2,尖吻鲈 (Lates calcarifer)
LOC108903060,LOC108903065,0.0120002560098308,0.0134532755150004,0.8919951127478606,GCF_001640805.2,尖吻鲈 (Lates calcarifer)
LOC108901985,LOC108877837,0.0157969859129298,0.0098523584290274,1.603371012811311,GCF_001640805.2,尖吻鲈 (Lates calcarifer)
LOC127140946,LOC108877171,0.0027039236137204,0.0089419837176796,0.302385208818307,GCF_001640805.2,尖吻鲈 (Lates calcarifer)
LOC108891004,LOC108890739,0.0,0.0274420855742191,0.0,GCF_001640805.2,尖吻鲈 (Lates calcarifer)
LOC108891004,LOC108890740,0.2086677618393899,0.4656812758716957,0.4480913720415119,GCF_001640805.2,尖吻鲈 (Lates calcarifer)
LOC108891004,LOC108891005,0.2154148938288505,0.4855876576792532,0.4436169050473257,GCF_001640805.2,尖吻鲈 (Lates calcarifer)
LOC108889802,LOC108889803,0.0233972182822833,0.0067114541820105,3.486162260482614,GCF_001640805.2,尖吻鲈 (Lates calcarifer)
LOC108889802,LOC108872396,0.0233972182822833,0.0067114541820105,3.486162260482614,GCF_001640805.2,尖吻鲈 (Lates calcarifer)
LOC108890739,LOC108890740,0.2086677618393899,0.4327391098385791,0.4822022255331335,GCF_001640805.2,尖吻鲈 (Lates calcarifer)
LOC108890739,LOC108891005,0.2154148938288505,0.4517791169407593,0.4768146329727263,GCF_001640805.2,尖吻鲈 (Lates calcarifer)
LOC108898614,LOC108889395,0.0,0.00847466644045,0.0,GCF_001640805.2,尖吻鲈 (Lates calcarifer)
LOC108889395,LOC108898615,0.0,0.0086207845693013,0.0,GCF_001640805.2,尖吻鲈 (Lates calcarifer)
LOC108880175,LOC127142191,0.1419864999855887,0.1793778157695806,0.7915499437677238,GCF_001640805.2,尖吻鲈 (Lates calcarifer)
LOC108880175,LOC108887536,0.3014668942459777,0.4449822252914219,0.677480755660622,GCF_001640805.2,尖吻鲈 (Lates calcarifer)
LOC108880175,LOC108887597,0.4164386871613048,0.4565764599587378,0.9120897016875106,GCF_001640805.2,尖吻鲈 (Lates calcarifer)
LOC108880175,LOC108887534,0.4160305267457205,0.5848067000212688,0.7113983590314372,GCF_001640805.2,尖吻鲈 (Lates calcarifer)
LOC108894718,LOC108894712,0.2107553030917209,0.2732782813194513,0.771211316443243,GCF_001640805.2,尖吻鲈 (Lates calcarifer)
her12,LOC108890684,0.5128057299783522,0.6179319415767478,0.829874126056423,GCF_001640805.2,尖吻鲈 (Lates calcarifer)
LOC108901986,LOC108901985,0.1893400354260276,0.3973495554388276,0.4765074802132922,GCF_001640805.2,尖吻鲈 (Lates calcarifer)
LOC108901986,LOC108877837,0.1909551155774959,0.3732180839305915,0.5116448634171983,GCF_001640805.2,尖吻鲈 (Lates calcarifer)
LOC108901986,LOC108901988,0.1905709988460085,0.3932203806126434,0.4846417129984361,GCF_001640805.2,尖吻鲈 (Lates calcarifer)
LOC108877856,LOC108901985,0.1893400354260276,0.3973495554388276,0.4765074802132922,GCF_001640805.2,尖吻鲈 (Lates calcarifer)
LOC108877856,LOC108877837,0.1909551155774959,0.3732180839305915,0.5116448634171983,GCF_001640805.2,尖吻鲈 (Lates calcarifer)
LOC108877856,LOC108901988,0.1905709988460085,0.3932203806126434,0.4846417129984361,GCF_001640805.2,尖吻鲈 (Lates calcarifer)
LOC108892821,LOC108892882,0.2231895206765443,0.6654773962506771,0.3353825718709634,GCF_001640805.2,尖吻鲈 (Lates calcarifer)
LOC108877410,btf3l4,0.0,0.0095847949847992,0.0,GCF_001640805.2,尖吻鲈 (Lates calcarifer)
LOC108887597,LOC108887534,0.0967643316924819,0.156079255462252,0.6199692035043344,GCF_001640805.2,尖吻鲈 (Lates calcarifer)
LOC108887597,LOC108887536,0.0095899015676952,0.0104713742863264,0.915820722807866,GCF_001640805.2,尖吻鲈 (Lates calcarifer)
LOC108879922,LOC108902337,0.2629955725713652,0.2739010567054835,0.9601845853926566,GCF_001640805.2,尖吻鲈 (Lates calcarifer)
LOC108891005,LOC108890740,0.0112256539068041,0.0089821432850367,1.2497745304848125,GCF_001640805.2,尖吻鲈 (Lates calcarifer)
LOC108891005,LOC108891007,0.1198304530362152,0.2996212058412457,0.3999398263543048,GCF_001640805.2,尖吻鲈 (Lates calcarifer)
LOC108891005,LOC108890742,0.1198304530362152,0.2733027159827931,0.4384532096774319,GCF_001640805.2,尖吻鲈 (Lates calcarifer)
LOC108890741,LOC108891005,0.2374139904605375,0.4390212648359532,0.5407801614102924,GCF_001640805.2,尖吻鲈 (Lates calcarifer)
LOC108890741,LOC108890740,0.2336237107574623,0.4228481313990728,0.5525002794371449,GCF_001640805.2,尖吻鲈 (Lates calcarifer)
LOC108890741,LOC108891007,0.2553793134320137,0.407690380830965,0.6264050501056538,GCF_001640805.2,尖吻鲈 (Lates calcarifer)
LOC108890741,LOC108890742,0.2573405261425112,0.3998437530257274,0.6436027177995026,GCF_001640805.2,尖吻鲈 (Lates calcarifer)
LOC108890740,LOC108890742,0.1067866460023133,0.260481890963318,0.4099580420250844,GCF_001640805.2,尖吻鲈 (Lates calcarifer)
LOC108890740,LOC108891007,0.1100263918607006,0.286346523016695,0.3842421088321918,GCF_001640805.2,尖吻鲈 (Lates calcarifer)
LOC108879428,LOC108877139,0.0,0.019803130647383,0.0,GCF_001640805.2,尖吻鲈 (Lates calcarifer)
LOC108892981,pin1,0.0,0.029904293435533,0.0,GCF_001640805.2,尖吻鲈 (Lates calcarifer)
LOC108891007,LOC108890742,0.0028063643594965,0.0182379807380297,0.1538747298731773,GCF_001640805.2,尖吻鲈 (Lates calcarifer)
LOC108890248,LOC108877202,0.1503203811365003,0.1530437299601334,0.9822054204746412,GCF_001640805.2,尖吻鲈 (Lates calcarifer)
LOC108890248,LOC108890177,0.1971716171841051,0.1616303293347066,1.219892442190098,GCF_001640805.2,尖吻鲈 (Lates calcarifer)
LOC108890248,LOC108890251,0.2008376122632713,0.1727553788052825,1.1625549007631253,GCF_001640805.2,尖吻鲈 (Lates calcarifer)
LOC108889073,LOC108889068,0.0515742442533261,0.055516664918965,0.9289867164860596,GCF_001640805.2,尖吻鲈 (Lates calcarifer)
oxt,avp,0.2995638069841403,0.745939497017566,0.401592633426523,GCF_001640805.2,尖吻鲈 (Lates calcarifer)
LOC108884890,LOC108884862,0.0219527867250849,0.0126585283405138,1.7342289825922887,GCF_001640805.2,尖吻鲈 (Lates calcarifer)
LOC108887534,LOC108887536,0.0171527933539125,0.0281557989407107,0.6092099673687894,GCF_001640805.2,尖吻鲈 (Lates calcarifer)
LOC108879937,LOC108879939,0.089658862987337,0.0865825168223802,1.0355308008805957,GCF_001640805.2,尖吻鲈 (Lates calcarifer)
LOC108879937,LOC108879940,0.0960568247792254,0.0423392828981834,2.268740002286309,GCF_001640805.2,尖吻鲈 (Lates calcarifer)
LOC108879937,LOC127142995,0.089658862987337,0.0865825168223802,1.0355308008805957,GCF_001640805.2,尖吻鲈 (Lates calcarifer)
LOC108879937,LOC127142994,0.1219106867868045,0.1951791488663832,0.6246091731359212,GCF_001640805.2,尖吻鲈 (Lates calcarifer)
LOC108891533,LOC108890685,0.1629175157821175,0.1819861573218625,0.8952192748044014,GCF_001640805.2,尖吻鲈 (Lates calcarifer)
LOC108888271,LOC108888326,0.0,0.0106763368664039,0.0,GCF_001640805.2,尖吻鲈 (Lates calcarifer)
gadd45gb.1,LOC108901137,0.0945706637155349,0.1871046053506924,0.5054427363681402,GCF_001640805.2,尖吻鲈 (Lates calcarifer)
LOC108892087,LOC108892156,0.0382277675662705,0.0129552881953809,2.950746211875106,GCF_001640805.2,尖吻鲈 (Lates calcarifer)
LOC108892087,LOC108892157,0.0618037847710806,0.0452114263186838,1.366994802053832,GCF_001640805.2,尖吻鲈 (Lates calcarifer)
LOC108892087,LOC108876340,0.0810062495677255,0.051253333584541,1.5805069427163785,GCF_001640805.2,尖吻鲈 (Lates calcarifer)
LOC108892087,LOC108892088,0.0792706787530345,0.0822479334134095,0.9638014654373112,GCF_001640805.2,尖吻鲈 (Lates calcarifer)
LOC108897898,phlda1,0.0,0.0200011853116209,0.0,GCF_001640805.2,尖吻鲈 (Lates calcarifer)
LOC108897898,phlda2,0.4456094901078086,0.7497228413394444,0.5943656315868526,GCF_001640805.2,尖吻鲈 (Lates calcarifer)
LOC108887611,LOC108900598,0.0,0.0094638479694085,0.0,GCF_001640805.2,尖吻鲈 (Lates calcarifer)
phlda1,phlda2,0.4475258118146934,0.7089657853523679,0.6312375308665503,GCF_001640805.2,尖吻鲈 (Lates calcarifer)
LOC108902772,LOC108894362,0.0,0.0103094406784763,0.0,GCF_001640805.2,尖吻鲈 (Lates calcarifer)
LOC127141182,LOC108887558,0.0491979618643599,0.0767091368403137,0.6413572605669631,GCF_001640805.2,尖吻鲈 (Lates calcarifer)
LOC127141182,LOC108887560,0.061292368026049,0.0704488648756527,0.870026339448257,GCF_001640805.2,尖吻鲈 (Lates calcarifer)
LOC127141182,LOC108887600,0.0681531716113556,0.0264111797182999,2.580466769688945,GCF_001640805.2,尖吻鲈 (Lates calcarifer)
LOC127141182,LOC108887543,0.0691223800901558,0.0790688661073374,0.8742047722844648,GCF_001640805.2,尖吻鲈 (Lates calcarifer)
LOC108879918,LOC108895391,0.0,0.0204094226436635,0.0,GCF_001640805.2,尖吻鲈 (Lates calcarifer)
LOC108879918,LOC108895396,0.0,0.0270299523623976,0.0,GCF_001640805.2,尖吻鲈 (Lates calcarifer)
LOC108891499,LOC108891501,0.0801770250113761,0.1078779155242389,0.7432200058904664,GCF_001640805.2,尖吻鲈 (Lates calcarifer)
LOC108891499,LOC108891626,0.0888793801269301,0.1140121554739693,0.7795605631473443,GCF_001640805.2,尖吻鲈 (Lates calcarifer)
LOC108897008,LOC108896057,0.118011476896931,0.2543175293724689,0.4640320200818462,GCF_001640805.2,尖吻鲈 (Lates calcarifer)
LOC108879230,LOC108880995,0.0775899075761688,0.0592664902171132,1.3091699422714378,GCF_001640805.2,尖吻鲈 (Lates calcarifer)
LOC108879230,LOC127139298,0.1563596978453965,0.2129324298977682,0.7343160359390393,GCF_001640805.2,尖吻鲈 (Lates calcarifer)
LOC108879230,LOC108886229,0.1493831408424672,0.2326161962278799,0.6421871875857074,GCF_001640805.2,尖吻鲈 (Lates calcarifer)
LOC108879230,LOC108879237,0.1493831408424672,0.2326161962278799,0.6421871875857074,GCF_001640805.2,尖吻鲈 (Lates calcarifer)
LOC108891501,LOC108891626,0.0072220105465743,0.0049100011697357,1.4708775613108491,GCF_001640805.2,尖吻鲈 (Lates calcarifer)
LOC108886229,LOC127139298,0.0852051795893005,0.0878710038021839,0.9696620717013228,GCF_001640805.2,尖吻鲈 (Lates calcarifer)
LOC108886229,LOC108880995,0.1387395700567893,0.2780150609692117,0.4990361657858305,GCF_001640805.2,尖吻鲈 (Lates calcarifer)
LOC108885402,LOC108885396,0.0028544278032587,0.0198687115852322,0.1436644641507769,GCF_001640805.2,尖吻鲈 (Lates calcarifer)
LOC108885402,LOC108885425,0.0114834779283361,0.0300040009602744,0.382731554486362,GCF_001640805.2,尖吻鲈 (Lates calcarifer)
LOC108885402,LOC108885435,0.0143820322607527,0.0098685634331334,1.4573582424839535,GCF_001640805.2,尖吻鲈 (Lates calcarifer)
LOC108885396,LOC108885416,0.0057224884199369,0.019835866907707,0.288491974994729,GCF_001640805.2,尖吻鲈 (Lates calcarifer)
LOC108885396,LOC108885425,0.0085960826392549,0.0506949683493961,0.1695648092727803,GCF_001640805.2,尖吻鲈 (Lates calcarifer)
LOC108885396,LOC108885435,0.0114834779283361,0.0300040009602744,0.382731554486362,GCF_001640805.2,尖吻鲈 (Lates calcarifer)
LOC108885425,LOC108885416,0.0143889305410114,0.0299540642134684,0.4803665518798495,GCF_001640805.2,尖吻鲈 (Lates calcarifer)
LOC108885425,LOC108885435,0.0202129654211002,0.0402781342288958,0.501834700342185,GCF_001640805.2,尖吻鲈 (Lates calcarifer)
LOC108885416,LOC108885435,0.0057224884199369,0.0098523584290274,0.5808242220539939,GCF_001640805.2,尖吻鲈 (Lates calcarifer)
LOC108885435,LOC108885454,0.0086957495856894,0.0202715042909395,0.4289641982601191,GCF_001640805.2,尖吻鲈 (Lates calcarifer)
LOC108879237,LOC127139298,0.0852051795893005,0.0878710038021839,0.9696620717013228,GCF_001640805.2,尖吻鲈 (Lates calcarifer)
LOC108879237,LOC108880995,0.1387395700567893,0.2780150609692117,0.4990361657858305,GCF_001640805.2,尖吻鲈 (Lates calcarifer)
LOC108880268,LOC108880272,0.1036696776965477,0.3446492470338303,0.3007976329232242,GCF_001640805.2,尖吻鲈 (Lates calcarifer)
LOC108880268,LOC108896405,0.1036696776965477,0.3097592353076606,0.3346782464567372,GCF_001640805.2,尖吻鲈 (Lates calcarifer)
LOC108880268,LOC108880269,0.1803015409566536,0.4684610718137773,0.3848805200794296,GCF_001640805.2,尖吻鲈 (Lates calcarifer)
LOC108880268,LOC108880271,0.1956389512559207,0.5453904200999526,0.3587135821345493,GCF_001640805.2,尖吻鲈 (Lates calcarifer)
LOC108886232,LOC108886233,0.1178357307636682,0.1691847045840683,0.6964916305724042,GCF_001640805.2,尖吻鲈 (Lates calcarifer)
LOC108886232,LOC127142996,0.1086829389472056,0.1190612918069159,0.912831847343458,GCF_001640805.2,尖吻鲈 (Lates calcarifer)
LOC108886232,LOC127142217,0.1116542326643044,0.1613698332317368,0.6919151518485008,GCF_001640805.2,尖吻鲈 (Lates calcarifer)
LOC108886232,LOC108886234,0.1562468154674171,0.2086610883732031,0.7488066734702359,GCF_001640805.2,尖吻鲈 (Lates calcarifer)
LOC108885454,LOC108885396,0.0057831611844028,0.0306686679885742,0.1885690368605952,GCF_001640805.2,尖吻鲈 (Lates calcarifer)
LOC108885454,LOC108885416,0.0057859496214977,0.0100672652491054,0.5747290329925339,GCF_001640805.2,尖吻鲈 (Lates calcarifer)
LOC108885454,LOC108885402,0.0086915506748869,0.0100841855320134,0.861899123860286,GCF_001640805.2,尖吻鲈 (Lates calcarifer)
LOC108889076,rac3a,0.0920593687488843,0.6997444361190657,0.1315614158498573,GCF_001640805.2,尖吻鲈 (Lates calcarifer)
LOC127139298,LOC127142212,0.0556153410148232,0.0516332867726301,1.077121843118921,GCF_001640805.2,尖吻鲈 (Lates calcarifer)
LOC127142994,LOC108879939,0.114517862760865,0.1239929853190377,0.923583398417314,GCF_001640805.2,尖吻鲈 (Lates calcarifer)
LOC127142994,LOC127142995,0.114517862760865,0.1239929853190377,0.923583398417314,GCF_001640805.2,尖吻鲈 (Lates calcarifer)
LOC127142994,LOC108879940,0.1210964736203105,0.1498430592661594,0.8081553741185459,GCF_001640805.2,尖吻鲈 (Lates calcarifer)
LOC108902968,LOC108902969,0.0133402726520474,0.0550246680501015,0.2424416743396034,GCF_001640805.2,尖吻鲈 (Lates calcarifer)
LOC108879939,LOC108879940,0.0418852597643345,0.0870541284395656,0.4811404182101715,GCF_001640805.2,尖吻鲈 (Lates calcarifer)
LOC108879940,LOC127142995,0.0418852597643345,0.0870541284395656,0.4811404182101715,GCF_001640805.2,尖吻鲈 (Lates calcarifer)
hbbe2,LOC108902971,0.1788649419329652,0.6453745291843053,0.277149056624584,GCF_001640805.2,尖吻鲈 (Lates calcarifer)
hbbe2,LOC108902972,0.1717049655384298,0.687830044043614,0.2496328373925206,GCF_001640805.2,尖吻鲈 (Lates calcarifer)
LOC108902971,LOC108902972,0.0210329256761354,0.0195769679269779,1.0743709523654634,GCF_001640805.2,尖吻鲈 (Lates calcarifer)
LOC127142398,LOC108884888,0.2074142706530765,0.2330754736457838,0.8899017447382479,GCF_001640805.2,尖吻鲈 (Lates calcarifer)
LOC127142398,LOC108884861,0.2402653415189098,0.2178256405639917,1.1030168023232594,GCF_001640805.2,尖吻鲈 (Lates calcarifer)
LOC127142398,LOC127142400,0.2426225985668091,0.2541230462103794,0.9547445703368066,GCF_001640805.2,尖吻鲈 (Lates calcarifer)
LOC127142398,LOC108884902,0.2504160445943821,0.2446743337735293,1.0234667475427452,GCF_001640805.2,尖吻鲈 (Lates calcarifer)
LOC108892725,LOC108873904,0.0730705020842965,0.0737503851848653,0.9907812942418592,GCF_001640805.2,尖吻鲈 (Lates calcarifer)
LOC108892725,LOC108873900,0.0730705020842965,0.0737503851848653,0.9907812942418592,GCF_001640805.2,尖吻鲈 (Lates calcarifer)
LOC108892725,LOC108892769,0.0730705020842965,0.0737503851848653,0.9907812942418592,GCF_001640805.2,尖吻鲈 (Lates calcarifer)
LOC108892725,LOC108873899,0.3159704090431135,0.5333136609349599,0.5924663705204574,GCF_001640805.2,尖吻鲈 (Lates calcarifer)
LOC108883628,LOC108883630,0.247375938901967,0.2478052628385915,0.9982674946782542,GCF_001640805.2,尖吻鲈 (Lates calcarifer)
LOC108880099,LOC108899681,0.0119346128460271,0.0106953684143676,1.1158673907852237,GCF_001640805.2,尖吻鲈 (Lates calcarifer)
LOC108889203,LOC108902913,0.0,0.0106763368664039,0.0,GCF_001640805.2,尖吻鲈 (Lates calcarifer)
LOC108902974,LOC108902975,0.0198788395349977,0.0460895844102477,0.4313087173460773,GCF_001640805.2,尖吻鲈 (Lates calcarifer)
LOC127142399,LOC108884900,0.0197780223469113,0.0468902677360005,0.4217937602375112,GCF_001640805.2,尖吻鲈 (Lates calcarifer)
LOC127142399,LOC108884893,0.0276503008437582,0.0313891963894931,0.8808859105744282,GCF_001640805.2,尖吻鲈 (Lates calcarifer)
LOC127142399,LOC108884896,0.3416213866436016,0.5940120622359484,0.5751085009245245,GCF_001640805.2,尖吻鲈 (Lates calcarifer)
LOC127142399,LOC108884898,0.3474221318397971,0.5639907604371592,0.616006779207702,GCF_001640805.2,尖吻鲈 (Lates calcarifer)
LOC108884900,LOC108884893,0.0288333981167682,0.0388256739038041,0.742637415340346,GCF_001640805.2,尖吻鲈 (Lates calcarifer)
LOC108884900,LOC108884896,0.3223214902187601,0.5956256871563662,0.5411477328279546,GCF_001640805.2,尖吻鲈 (Lates calcarifer)
LOC108884900,LOC108884898,0.3374464258112231,0.5654965807330012,0.5967258464654592,GCF_001640805.2,尖吻鲈 (Lates calcarifer)
LOC108898223,LOC108897862,0.0124484185567783,0.0111942376625067,1.1120380799553915,GCF_001640805.2,尖吻鲈 (Lates calcarifer)
LOC127139221,LOC127139318,0.1599684411533985,0.2480345110971346,0.6449442879775393,GCF_001640805.2,尖吻鲈 (Lates calcarifer)
LOC108902976,LOC108902978,0.1854308271699525,0.5419959308048323,0.3421258659536403,GCF_001640805.2,尖吻鲈 (Lates calcarifer)
LOC108877717,LOC108883150,0.1983685193456371,0.4076625092014929,0.4865998586286253,GCF_001640805.2,尖吻鲈 (Lates calcarifer)
LOC108877717,LOC108883151,0.2437494010714501,0.3449111120139201,0.7067020823081304,GCF_001640805.2,尖吻鲈 (Lates calcarifer)
LOC108883150,LOC108883151,0.1567200670839753,0.1667948116768766,0.9395979737522132,GCF_001640805.2,尖吻鲈 (Lates calcarifer)
LOC127142217,LOC108886233,0.1266749338065849,0.1912431772576613,0.6623762249877087,GCF_001640805.2,尖吻鲈 (Lates calcarifer)
LOC127142217,LOC108879215,0.0840037937823711,0.1906360520413028,0.4406500915376228,GCF_001640805.2,尖吻鲈 (Lates calcarifer)
LOC127142217,LOC108880843,0.0946740676071833,0.136741167595466,0.6923596549011949,GCF_001640805.2,尖吻鲈 (Lates calcarifer)
LOC108879167,LOC127142167,0.0943550215391373,0.1429652697064873,0.6599856156173555,GCF_001640805.2,尖吻鲈 (Lates calcarifer)
LOC108879167,LOC127143007,0.0903780943280581,0.1884858212106796,0.479495453544159,GCF_001640805.2,尖吻鲈 (Lates calcarifer)
LOC108879167,LOC108879942,0.0910795101446205,0.1442789194855921,0.6312738580892675,GCF_001640805.2,尖吻鲈 (Lates calcarifer)
LOC108879167,LOC127142211,0.0945373044662833,0.1723795725396061,0.5484252169413072,GCF_001640805.2,尖吻鲈 (Lates calcarifer)
LOC108886233,LOC108886234,0.130886218207536,0.1252086678868981,1.045344706692084,GCF_001640805.2,尖吻鲈 (Lates calcarifer)
LOC108886233,LOC108879252,0.130886218207536,0.1252086678868981,1.045344706692084,GCF_001640805.2,尖吻鲈 (Lates calcarifer)
LOC108884888,LOC108884861,0.052377298106543,0.0440493552482976,1.1890593587874865,GCF_001640805.2,尖吻鲈 (Lates calcarifer)
LOC108884888,LOC127142400,0.0560026828092804,0.0788718571855023,0.7100464577316229,GCF_001640805.2,尖吻鲈 (Lates calcarifer)
LOC108884888,LOC108884902,0.0597855923742648,0.0901647225461821,0.6630707740895321,GCF_001640805.2,尖吻鲈 (Lates calcarifer)
LOC108887537,LOC108887543,0.0537845710708251,0.0560501689960921,0.9595791062570226,GCF_001640805.2,尖吻鲈 (Lates calcarifer)
LOC108887537,LOC108887549,0.0479651962581185,0.0208709119670552,2.2981840148543387,GCF_001640805.2,尖吻鲈 (Lates calcarifer)
LOC108887537,LOC108887552,0.0609309265052515,0.0321477783238367,1.895338641801968,GCF_001640805.2,尖吻鲈 (Lates calcarifer)
LOC108887537,LOC108887546,0.0602776715237472,0.023202326237458,2.5979150067476664,GCF_001640805.2,尖吻鲈 (Lates calcarifer)
LOC108880269,LOC108880272,0.1052049904128414,0.1788082675837488,0.5883675952710985,GCF_001640805.2,尖吻鲈 (Lates calcarifer)
LOC108880269,LOC108896405,0.1052049904128414,0.1788082675837488,0.5883675952710985,GCF_001640805.2,尖吻鲈 (Lates calcarifer)
LOC108880176,LOC108880178,0.0529631754104649,0.0938723572155045,0.5642041702316734,GCF_001640805.2,尖吻鲈 (Lates calcarifer)
LOC108880176,LOC108887600,0.2290991909553401,0.6662864578178094,0.3438448857352965,GCF_001640805.2,尖吻鲈 (Lates calcarifer)
LOC108880176,LOC108887543,0.2652646630169256,0.7051547124530355,0.376179380683913,GCF_001640805.2,尖吻鲈 (Lates calcarifer)
LOC108886234,LOC108879943,0.0571881103751599,0.0843219707844615,0.6782112638394153,GCF_001640805.2,尖吻鲈 (Lates calcarifer)
LOC108886234,LOC127143001,0.0403767215548154,0.1070857862302198,0.3770502414579187,GCF_001640805.2,尖吻鲈 (Lates calcarifer)
LOC108879252,LOC108879943,0.0571881103751599,0.0843219707844615,0.6782112638394153,GCF_001640805.2,尖吻鲈 (Lates calcarifer)
LOC108879252,LOC127143001,0.0403767215548154,0.1070857862302198,0.3770502414579187,GCF_001640805.2,尖吻鲈 (Lates calcarifer)
LOC108882216,LOC108888377,0.2593921728086737,0.4496184456387355,0.576916217127562,GCF_001640805.2,尖吻鲈 (Lates calcarifer)
LOC108884896,LOC108884898,0.0928516016989732,0.1523435133177884,0.6094883836982603,GCF_001640805.2,尖吻鲈 (Lates calcarifer)
LOC108884896,LOC108884893,0.3920637541862013,0.6600445582968744,0.5939958890015713,GCF_001640805.2,尖吻鲈 (Lates calcarifer)
LOC108887552,LOC108887538,0.0472639101762236,0.0557476420790225,0.8478190002947005,GCF_001640805.2,尖吻鲈 (Lates calcarifer)
LOC108887552,LOC108887543,0.0575975876849335,0.0431773888661084,1.3339757034299051,GCF_001640805.2,尖吻鲈 (Lates calcarifer)
LOC108887552,LOC108887546,0.0573832609020395,0.0106953684143676,5.365243970927957,GCF_001640805.2,尖吻鲈 (Lates calcarifer)
LOC108887543,LOC108887538,0.059548689886455,0.0817505363239083,0.7284195622951496,GCF_001640805.2,尖吻鲈 (Lates calcarifer)
LOC108887543,LOC108887546,0.0709062290351962,0.0323209795973151,2.193814355833643,GCF_001640805.2,尖吻鲈 (Lates calcarifer)
LOC108887538,LOC108887554,0.073149431414924,0.0814542917141771,0.8980426921101367,GCF_001640805.2,尖吻鲈 (Lates calcarifer)
LOC108887538,LOC108887546,0.0671529160871929,0.0448698377342384,1.4966159780861228,GCF_001640805.2,尖吻鲈 (Lates calcarifer)
LOC108887549,LOC108887538,0.0676621543677966,0.0769446526218062,0.8793613599162714,GCF_001640805.2,尖吻鲈 (Lates calcarifer)
LOC108887549,LOC108887552,0.0678977078211017,0.0317507728699205,2.138458427430134,GCF_001640805.2,尖吻鲈 (Lates calcarifer)
LOC108887549,LOC108887546,0.0808516099940276,0.0229160012414794,3.528172700902159,GCF_001640805.2,尖吻鲈 (Lates calcarifer)
LOC108887554,LOC108887545,0.0569451861604327,0.0677017211278672,0.8411187368912112,GCF_001640805.2,尖吻鲈 (Lates calcarifer)
LOC108887554,LOC108887543,0.0712509507655236,0.0650226465946575,1.0957866912076424,GCF_001640805.2,尖吻鲈 (Lates calcarifer)
LOC108887554,LOC108887537,0.0622452140426064,0.0500781919988467,1.2429604895488224,GCF_001640805.2,尖吻鲈 (Lates calcarifer)
LOC108887545,LOC108887543,0.0641670088764071,0.0888182001316423,0.7224533798399623,GCF_001640805.2,尖吻鲈 (Lates calcarifer)
LOC108887545,LOC108887537,0.0596126849237075,0.0814542917141772,0.7318544384731522,GCF_001640805.2,尖吻鲈 (Lates calcarifer)
LOC108887545,LOC108887600,0.0442026432770363,0.0705764467737247,0.626308709175378,GCF_001640805.2,尖吻鲈 (Lates calcarifer)
LOC127142209,LOC108880874,0.0463900509568615,0.1200273840033898,0.3864955596762104,GCF_001640805.2,尖吻鲈 (Lates calcarifer)
LOC127142209,LOC108880843,0.0144148581367625,0.0121706524663175,1.1843948528360213,GCF_001640805.2,尖吻鲈 (Lates calcarifer)
LOC127142209,LOC127142211,0.0574709711809629,0.1388568248516971,0.4138865427921426,GCF_001640805.2,尖吻鲈 (Lates calcarifer)
LOC127142209,LOC127143002,0.0613344697438102,0.1388568248516971,0.4417101558336592,GCF_001640805.2,尖吻鲈 (Lates calcarifer)
LOC127142191,LOC108887536,0.4330628713101582,0.7105359892081403,0.6094875951220808,GCF_001640805.2,尖吻鲈 (Lates calcarifer)
LOC127142191,LOC108887597,0.4489657553008719,0.7156207544471744,0.6273794499541916,GCF_001640805.2,尖吻鲈 (Lates calcarifer)
LOC127142191,LOC108887534,0.4841673757584093,0.6890985346379549,0.7026097886172197,GCF_001640805.2,尖吻鲈 (Lates calcarifer)
LOC127143642,LOC127142198,0.1301331953338498,0.2092680072814999,0.6218494504934012,GCF_001640805.2,尖吻鲈 (Lates calcarifer)
scp2b,LOC108901684,0.1082461202660549,0.1053128841223105,1.0278525858273686,GCF_001640805.2,尖吻鲈 (Lates calcarifer)
LOC108880874,LOC127142211,0.0180405571151534,0.0900437621201392,0.2003532137082761,GCF_001640805.2,尖吻鲈 (Lates calcarifer)
LOC108880874,LOC127143002,0.0217013331445892,0.0900437621201392,0.2410087343489113,GCF_001640805.2,尖吻鲈 (Lates calcarifer)
LOC108880874,LOC108880843,0.0459421007323453,0.1108303120050494,0.4145264946132451,GCF_001640805.2,尖吻鲈 (Lates calcarifer)
LOC127142996,LOC127143003,0.0683971177185003,0.1145720659143077,0.5969790033257913,GCF_001640805.2,尖吻鲈 (Lates calcarifer)
LOC127142996,LOC108880996,0.0693419907151233,0.0823932343805997,0.8415981146560085,GCF_001640805.2,尖吻鲈 (Lates calcarifer)
LOC127142996,LOC108880863,0.073244015558416,0.0962718108160345,0.7608043822752828,GCF_001640805.2,尖吻鲈 (Lates calcarifer)
LOC108884898,LOC108884893,0.4182133389545623,0.677150783656511,0.6176074059846376,GCF_001640805.2,尖吻鲈 (Lates calcarifer)
LOC127141504,LOC108887543,0.1118346643479758,0.1448437032745297,0.7721058066018226,GCF_001640805.2,尖吻鲈 (Lates calcarifer)
LOC127141504,LOC108887538,0.1186977354355096,0.17168044202322,0.6913876387821486,GCF_001640805.2,尖吻鲈 (Lates calcarifer)
LOC127141504,LOC108887600,0.1164728362356167,0.1496339600856996,0.7783850415300739,GCF_001640805.2,尖吻鲈 (Lates calcarifer)
LOC127141504,LOC108887545,0.1111897533374118,0.211507430624486,0.5257014044807726,GCF_001640805.2,尖吻鲈 (Lates calcarifer)
LOC108880995,LOC127139298,0.167027048536508,0.2768230979529674,0.6033710690026526,GCF_001640805.2,尖吻鲈 (Lates calcarifer)
LOC108880272,LOC108896405,0.0,0.0229025428950612,0.0,GCF_001640805.2,尖吻鲈 (Lates calcarifer)
LOC108880272,LOC108880271,0.1804693978309132,0.5613073944262466,0.32151615963546,GCF_001640805.2,尖吻鲈 (Lates calcarifer)
LOC108879802,LOC108902228,0.0,0.0103807885589036,0.0,GCF_001640805.2,尖吻鲈 (Lates calcarifer)
LOC108896405,LOC108880271,0.1804693978309132,0.5873215629171641,0.3072752802307152,GCF_001640805.2,尖吻鲈 (Lates calcarifer)
tmem170a,LOC108879804,0.0038461622751895,0.0240984586370949,0.1596020033110815,GCF_001640805.2,尖吻鲈 (Lates calcarifer)
LOC108887560,LOC108887558,0.0324726043149931,0.0880129524129093,0.3689525623756963,GCF_001640805.2,尖吻鲈 (Lates calcarifer)
LOC108887560,LOC108887600,0.0504391702568755,0.0723451996406717,0.6972013417255011,GCF_001640805.2,尖吻鲈 (Lates calcarifer)
LOC108887560,LOC108887543,0.0531340942666718,0.0983494617578283,0.5402581093682758,GCF_001640805.2,尖吻鲈 (Lates calcarifer)
LOC108887600,LOC108887558,0.0475049588881223,0.0709619822811369,0.6694423881779039,GCF_001640805.2,尖吻鲈 (Lates calcarifer)
LOC108887600,LOC108887537,0.0368305043998828,0.0284057619693268,1.2965856870747978,GCF_001640805.2,尖吻鲈 (Lates calcarifer)
LOC108887558,LOC108887543,0.037325170734907,0.1071235853154901,0.3484309325997684,GCF_001640805.2,尖吻鲈 (Lates calcarifer)
LOC108887558,LOC108887537,0.0474013932541301,0.0831107747552176,0.5703399275694315,GCF_001640805.2,尖吻鲈 (Lates calcarifer)
LOC108880094,LOC108877263,0.0,0.3741711724231203,0.0,GCF_001640805.2,尖吻鲈 (Lates calcarifer)
LOC108880094,LOC108873636,0.0,0.4418226388433591,0.0,GCF_001640805.2,尖吻鲈 (Lates calcarifer)
LOC108880094,LOC108901359,0.0,0.2823581784261843,0.0,GCF_001640805.2,尖吻鲈 (Lates calcarifer)
LOC108880094,LOC108899798,0.0,0.0098523584290274,0.0,GCF_001640805.2,尖吻鲈 (Lates calcarifer)
LOC108877263,LOC108873636,0.0,0.1284267687841439,0.0,GCF_001640805.2,尖吻鲈 (Lates calcarifer)
LOC108877263,LOC108901359,0.0,0.3581705655668769,0.0,GCF_001640805.2,尖吻鲈 (Lates calcarifer)
LOC108877263,LOC108899798,0.0,0.3896838111566893,0.0,GCF_001640805.2,尖吻鲈 (Lates calcarifer)
LOC108873636,LOC108901359,0.0,0.3905205936800587,0.0,GCF_001640805.2,尖吻鲈 (Lates calcarifer)
LOC108873636,LOC108899798,0.0,0.4233973520533891,0.0,GCF_001640805.2,尖吻鲈 (Lates calcarifer)
LOC108883132,LOC108883131,0.0,0.0194816148024455,0.0,GCF_001640805.2,尖吻鲈 (Lates calcarifer)
LOC108883132,h3f3c,0.0032948982153154,0.5020165620019568,0.0065633257241075,GCF_001640805.2,尖吻鲈 (Lates calcarifer)
LOC108883132,LOC108872509,0.0198796839969319,0.6177401672507795,0.0321813038083722,GCF_001640805.2,尖吻鲈 (Lates calcarifer)
LOC108883131,h3f3c,0.0032948982153154,0.4653119902217903,0.0070810516052788,GCF_001640805.2,尖吻鲈 (Lates calcarifer)
LOC108883131,LOC108872509,0.0198796839969319,0.5744068167506708,0.0346090669838987,GCF_001640805.2,尖吻鲈 (Lates calcarifer)
h3f3c,LOC108872509,0.0131871529184001,0.7405399901684147,0.017807482503951,GCF_001640805.2,尖吻鲈 (Lates calcarifer)
LOC108901359,LOC108899798,0.0,0.2961880072313843,0.0,GCF_001640805.2,尖吻鲈 (Lates calcarifer)
LOC108881002,LOC127142998,0.0488387995345446,0.0503920833658505,0.9691760346555036,GCF_001640805.2,尖吻鲈 (Lates calcarifer)
LOC108881002,LOC127142163,0.055958147843381,0.0500185308740042,1.118748329181011,GCF_001640805.2,尖吻鲈 (Lates calcarifer)
LOC108881002,LOC127142210,0.0670393012875689,0.092940535384193,0.721313913358097,GCF_001640805.2,尖吻鲈 (Lates calcarifer)
LOC108881002,LOC127139300,0.088644716795783,0.0725472198439133,1.2218899219915484,GCF_001640805.2,尖吻鲈 (Lates calcarifer)
LOC127142210,LOC127139300,0.060558194055111,0.0468902677360005,1.2914874872556303,GCF_001640805.2,尖吻鲈 (Lates calcarifer)
LOC127142210,LOC127142998,0.0642925644113358,0.1052680182711918,0.6107511613423277,GCF_001640805.2,尖吻鲈 (Lates calcarifer)
LOC127142210,LOC127139299,0.0706135733423297,0.0695620192069884,1.0151167856731185,GCF_001640805.2,尖吻鲈 (Lates calcarifer)
LOC127139299,LOC127139300,0.0651093532290502,0.0436486794322411,1.491668340851502,GCF_001640805.2,尖吻鲈 (Lates calcarifer)
LOC127139299,LOC108881002,0.1082012165524331,0.0781375143636086,1.3847537566772945,GCF_001640805.2,尖吻鲈 (Lates calcarifer)
LOC127139299,LOC127142164,0.0741780555441855,0.1077546945271038,0.6883974370650486,GCF_001640805.2,尖吻鲈 (Lates calcarifer)
LOC108901810,LOC108901821,0.1696688130760655,0.2436994233898964,0.6962216435145651,GCF_001640805.2,尖吻鲈 (Lates calcarifer)
LOC108901810,LOC108901835,0.193188030970876,0.262549746538782,0.7358149589466074,GCF_001640805.2,尖吻鲈 (Lates calcarifer)
LOC108901810,LOC108886001,0.193188030970876,0.262549746538782,0.7358149589466074,GCF_001640805.2,尖吻鲈 (Lates calcarifer)
LOC108901810,LOC108901866,0.1878185613801896,0.3268771544883473,0.5745845459104579,GCF_001640805.2,尖吻鲈 (Lates calcarifer)
LOC127142216,LOC127139300,0.0805525319753924,0.0868347720661563,0.9276529443069458,GCF_001640805.2,尖吻鲈 (Lates calcarifer)
LOC127142216,LOC127142163,0.0998961205491666,0.0717980164696412,1.391349308255699,GCF_001640805.2,尖吻鲈 (Lates calcarifer)
LOC127142216,LOC108881002,0.0888988641889684,0.0956098559954671,0.929808577404228,GCF_001640805.2,尖吻鲈 (Lates calcarifer)
LOC127142216,LOC127142998,0.0996642422986789,0.1219158870398836,0.8174836333354552,GCF_001640805.2,尖吻鲈 (Lates calcarifer)
LOC108880546,LOC108900606,0.0032485161777556,0.0111319297784466,0.2918196792837612,GCF_001640805.2,尖吻鲈 (Lates calcarifer)
LOC127142163,LOC127142998,0.0164660839852267,0.0447894260262167,0.3676332886156782,GCF_001640805.2,尖吻鲈 (Lates calcarifer)
LOC127142163,LOC127142210,0.0656312035573435,0.0764636778297771,0.8583317650957268,GCF_001640805.2,尖吻鲈 (Lates calcarifer)
LOC127142163,LOC127139300,0.0990576351851462,0.0630779464863814,1.570400444258801,GCF_001640805.2,尖吻鲈 (Lates calcarifer)
LOC108888746,LOC108879171,0.0,0.0104168341205003,0.0,GCF_001640805.2,尖吻鲈 (Lates calcarifer)
LOC127139300,LOC127142164,0.0560026828092804,0.1066884194381383,0.5249181036162289,GCF_001640805.2,尖吻鲈 (Lates calcarifer)
LOC127139300,LOC127142999,0.0689124798142314,0.1126372696627235,0.611808862382586,GCF_001640805.2,尖吻鲈 (Lates calcarifer)
LOC127142998,LOC127139300,0.1025645074865034,0.0873298890824368,1.174449075386842,GCF_001640805.2,尖吻鲈 (Lates calcarifer)
LOC108883045,LOC108883048,0.0778926049501739,0.1482448709183308,0.5254320400271086,GCF_001640805.2,尖吻鲈 (Lates calcarifer)
LOC108883045,LOC108884080,0.3869144769937251,0.6568652197433998,0.589031760799987,GCF_001640805.2,尖吻鲈 (Lates calcarifer)
LOC127142196,LOC127143643,0.0281977906320929,0.0287116399282626,0.9821031018272148,GCF_001640805.2,尖吻鲈 (Lates calcarifer)
LOC127142196,LOC127142197,0.0895990960782507,0.3190599571053102,0.2808221278882618,GCF_001640805.2,尖吻鲈 (Lates calcarifer)
LOC127142196,LOC108880264,0.129802342591517,0.2830803304949763,0.4585353647304033,GCF_001640805.2,尖吻鲈 (Lates calcarifer)
LOC127142196,LOC108880263,0.1172492192966473,0.5298430196601736,0.2212904859477957,GCF_001640805.2,尖吻鲈 (Lates calcarifer)
LOC108880095,LOC108899844,0.0,0.031919710814097,0.0,GCF_001640805.2,尖吻鲈 (Lates calcarifer)
LOC108880095,LOC108880093,0.0,0.1857782370426047,0.0,GCF_001640805.2,尖吻鲈 (Lates calcarifer)
LOC108880095,LOC108877267,0.0043573107309908,0.3905555393686403,0.0111566993468706,GCF_001640805.2,尖吻鲈 (Lates calcarifer)
LOC108880095,LOC108877213,0.0043573107309908,0.4575144776975349,0.0095238750758647,GCF_001640805.2,尖吻鲈 (Lates calcarifer)
LOC108889198,LOC108897030,0.0,0.0112784080234054,0.0,GCF_001640805.2,尖吻鲈 (Lates calcarifer)
LOC108889198,LOC108889197,0.1431133384672801,0.6242582330401096,0.2292534257342904,GCF_001640805.2,尖吻鲈 (Lates calcarifer)
LOC108889198,LOC108896956,0.141068347425248,0.6113823803233354,0.230736691087896,GCF_001640805.2,尖吻鲈 (Lates calcarifer)
LOC127143643,LOC127142197,0.0818994689737439,0.2827124533501074,0.2896917627902324,GCF_001640805.2,尖吻鲈 (Lates calcarifer)
LOC127143643,LOC108880263,0.0926892220210577,0.4687383968467374,0.1977419017613872,GCF_001640805.2,尖吻鲈 (Lates calcarifer)
LOC108899844,LOC108880093,0.0,0.1697348445566165,0.0,GCF_001640805.2,尖吻鲈 (Lates calcarifer)
LOC108899844,LOC108877267,0.0043573107309908,0.4575144776975349,0.0095238750758647,GCF_001640805.2,尖吻鲈 (Lates calcarifer)
LOC108899844,LOC108877213,0.0043573107309908,0.5310427011946742,0.0082051984166024,GCF_001640805.2,尖吻鲈 (Lates calcarifer)
LOC108897514,LOC108897845,0.2660789953444848,0.468154948516302,0.5683566865794211,GCF_001640805.2,尖吻鲈 (Lates calcarifer)
LOC108897514,LOC108897681,0.2800946721505169,0.2631716726867382,1.0643040312470204,GCF_001640805.2,尖吻鲈 (Lates calcarifer)
LOC108897514,LOC108897765,0.2334094273964813,0.3553382640642311,0.6568654462562753,GCF_001640805.2,尖吻鲈 (Lates calcarifer)
LOC108897030,LOC108889197,0.1431133384672801,0.6506926873363655,0.2199399828098881,GCF_001640805.2,尖吻鲈 (Lates calcarifer)
LOC108897030,LOC108896956,0.141068347425248,0.6373590028204027,0.221332634827469,GCF_001640805.2,尖吻鲈 (Lates calcarifer)
tafa3a,LOC108880138,0.050960395736822,0.1008227018171548,0.505445646846881,GCF_001640805.2,尖吻鲈 (Lates calcarifer)
LOC127142599,LOC108892089,0.241106709908926,0.2312080756546589,1.0428126665828577,GCF_001640805.2,尖吻鲈 (Lates calcarifer)
LOC127142599,LOC127139677,0.241106709908926,0.2312080756546589,1.0428126665828577,GCF_001640805.2,尖吻鲈 (Lates calcarifer)
LOC108880270,LOC108880264,0.1931946735961597,0.367932320643337,0.5250820946046679,GCF_001640805.2,尖吻鲈 (Lates calcarifer)
LOC108880270,LOC127142197,0.2090013235222114,0.32994995412399,0.6334334068240907,GCF_001640805.2,尖吻鲈 (Lates calcarifer)
LOC108880270,LOC108880263,0.2108807944051972,0.3611086088504797,0.5839816311123016,GCF_001640805.2,尖吻鲈 (Lates calcarifer)
LOC108880270,LOC108896410,0.1899906835769558,0.3793640893608901,0.5008135690888157,GCF_001640805.2,尖吻鲈 (Lates calcarifer)
LOC127142197,LOC108880264,0.0198687115852322,0.0394828001140665,0.5032244807316398,GCF_001640805.2,尖吻鲈 (Lates calcarifer)
LOC127142197,LOC108880263,0.0532965566864638,0.1857782370426048,0.2868826700849852,GCF_001640805.2,尖吻鲈 (Lates calcarifer)
LOC108880263,LOC108880264,0.0611197756883871,0.2071900324711186,0.2949938033187335,GCF_001640805.2,尖吻鲈 (Lates calcarifer)
LOC108880089,LOC108901361,0.0252276035715003,0.691526636873286,0.0364810294012188,GCF_001640805.2,尖吻鲈 (Lates calcarifer)
LOC108880089,LOC108901363,0.0252276035715003,0.7426102062676454,0.03397152821033,GCF_001640805.2,尖吻鲈 (Lates calcarifer)
LOC108880089,LOC108901365,0.0252579491754198,0.7127285961008109,0.0354383832970935,GCF_001640805.2,尖吻鲈 (Lates calcarifer)
LOC108899799,LOC108901361,0.0252276035715003,0.691526636873286,0.0364810294012188,GCF_001640805.2,尖吻鲈 (Lates calcarifer)
LOC108899799,LOC108901363,0.0252276035715003,0.7426102062676454,0.03397152821033,GCF_001640805.2,尖吻鲈 (Lates calcarifer)
LOC108899799,LOC108901365,0.0252579491754198,0.7127285961008109,0.0354383832970935,GCF_001640805.2,尖吻鲈 (Lates calcarifer)
LOC127142496,LOC108892655,0.0215365432510396,0.0304301373353748,0.7077373004821629,GCF_001640805.2,尖吻鲈 (Lates calcarifer)
LOC127142496,LOC108875739,0.2599019106577307,0.2425592621299527,1.0714986035803755,GCF_001640805.2,尖吻鲈 (Lates calcarifer)
LOC108884861,LOC127142400,0.0453099430940429,0.0324960575726525,1.3943212339756,GCF_001640805.2,尖吻鲈 (Lates calcarifer)
LOC108884861,LOC108884902,0.0490256174044759,0.0433333505001086,1.1313599534463197,GCF_001640805.2,尖吻鲈 (Lates calcarifer)
LOC127142400,LOC108884902,0.0311463440224366,0.0775598215300731,0.4015783353802581,GCF_001640805.2,尖吻鲈 (Lates calcarifer)
LOC127142164,LOC127142999,0.0067454080324459,0.0112996487659831,0.5969573189524732,GCF_001640805.2,尖吻鲈 (Lates calcarifer)
LOC127142164,LOC127142210,0.0676000654679192,0.1173799761166796,0.5759079845162217,GCF_001640805.2,尖吻鲈 (Lates calcarifer)
LOC127142164,LOC127142163,0.0903346148069004,0.1168578234342171,0.7730300989026426,GCF_001640805.2,尖吻鲈 (Lates calcarifer)
LOC108873904,LOC108873899,0.2449872878615208,0.4488066896690564,0.545863717054153,GCF_001640805.2,尖吻鲈 (Lates calcarifer)
LOC127142999,LOC127142210,0.0863877867268797,0.1298918049230116,0.6650749581783302,GCF_001640805.2,尖吻鲈 (Lates calcarifer)
LOC127142999,LOC127142163,0.088494856320554,0.1231774098397686,0.7184341384972271,GCF_001640805.2,尖吻鲈 (Lates calcarifer)
LOC108880271,LOC108880265,0.0606215580077921,0.1820973669117028,0.332907383757981,GCF_001640805.2,尖吻鲈 (Lates calcarifer)
LOC108880271,LOC127143643,0.1920538583873813,0.5412467631509752,0.3548360405322366,GCF_001640805.2,尖吻鲈 (Lates calcarifer)
LOC108880271,LOC127142197,0.1739948749433941,0.2799031844174573,0.6216252069640343,GCF_001640805.2,尖吻鲈 (Lates calcarifer)
LOC108880271,LOC108880264,0.1663109082564261,0.2778885585231977,0.5984805892702588,GCF_001640805.2,尖吻鲈 (Lates calcarifer)
LOC108880265,LOC108880263,0.164995780243904,0.2848571395052921,0.5792229063679082,GCF_001640805.2,尖吻鲈 (Lates calcarifer)
LOC108880265,LOC108896410,0.1569337322338173,0.2486290042446571,0.6311963992720279,GCF_001640805.2,尖吻鲈 (Lates calcarifer)
LOC108880264,LOC127143643,0.1221144851718849,0.2823581784261842,0.4324807797405764,GCF_001640805.2,尖吻鲈 (Lates calcarifer)
LOC108880178,LOC108887600,0.2404907061053123,0.7177751365023791,0.3350502042703664,GCF_001640805.2,尖吻鲈 (Lates calcarifer)
LOC108874528,LOC108891292,0.0794936368604829,0.0698178172995089,1.1385866808105165,GCF_001640805.2,尖吻鲈 (Lates calcarifer)
LOC108874528,LOC108874215,0.1241640142806828,0.1384412061019841,0.8968718041160095,GCF_001640805.2,尖吻鲈 (Lates calcarifer)
LOC108874526,LOC108891292,0.0794936368604829,0.0698178172995089,1.1385866808105165,GCF_001640805.2,尖吻鲈 (Lates calcarifer)
LOC108874526,LOC108874215,0.1241640142806828,0.1384412061019841,0.8968718041160095,GCF_001640805.2,尖吻鲈 (Lates calcarifer)
LOC108889197,LOC108896956,0.0,0.0112784080234054,0.0,GCF_001640805.2,尖吻鲈 (Lates calcarifer)
LOC108901361,LOC108901363,0.0,0.0612585232607004,0.0,GCF_001640805.2,尖吻鲈 (Lates calcarifer)
LOC108901361,LOC108901365,0.0,0.029904293435533,0.0,GCF_001640805.2,尖吻鲈 (Lates calcarifer)
LOC108901361,LOC108901364,0.0,0.0300040009602743,0.0,GCF_001640805.2,尖吻鲈 (Lates calcarifer)
LOC108901361,LOC108901758,0.0107080938534751,0.4243291344185524,0.0252353491309245,GCF_001640805.2,尖吻鲈 (Lates calcarifer)
LOC108901363,LOC108901365,0.0,0.0717269743243736,0.0,GCF_001640805.2,尖吻鲈 (Lates calcarifer)
LOC108901363,LOC108901364,0.0,0.0719729911963077,0.0,GCF_001640805.2,尖吻鲈 (Lates calcarifer)
LOC108901363,LOC108901758,0.0107080938534751,0.4243291344185524,0.0252353491309245,GCF_001640805.2,尖吻鲈 (Lates calcarifer)
LOC108901365,LOC108901364,0.0,0.0610506374579696,0.0,GCF_001640805.2,尖吻鲈 (Lates calcarifer)
LOC108901365,LOC108901758,0.0107208496108397,0.4398618439895212,0.0243732202675327,GCF_001640805.2,尖吻鲈 (Lates calcarifer)
LOC108901364,LOC108901758,0.0107080938534751,0.3905205936800587,0.0274200491005296,GCF_001640805.2,尖吻鲈 (Lates calcarifer)
LOC108901754,LOC108901361,0.0107080938534751,0.4243291344185524,0.0252353491309245,GCF_001640805.2,尖吻鲈 (Lates calcarifer)
LOC108901754,LOC108901363,0.0107080938534751,0.4243291344185524,0.0252353491309245,GCF_001640805.2,尖吻鲈 (Lates calcarifer)
LOC108901754,LOC108901365,0.0107208496108397,0.4398618439895212,0.0243732202675327,GCF_001640805.2,尖吻鲈 (Lates calcarifer)
LOC108901754,LOC108901364,0.0107080938534751,0.3905205936800587,0.0274200491005296,GCF_001640805.2,尖吻鲈 (Lates calcarifer)
LOC108901754,LOC108901758,0.0,0.0508669472540708,0.0,GCF_001640805.2,尖吻鲈 (Lates calcarifer)
map1lc3c,map1lc3a,0.349759207959365,0.7278278214330843,0.4805521273845967,GCF_001640805.2,尖吻鲈 (Lates calcarifer)
LOC108884080,LOC108883048,0.3529598996381869,0.725332485202776,0.4866180776937248,GCF_001640805.2,尖吻鲈 (Lates calcarifer)
LOC108877208,LOC108892335,0.0035971291976197,0.050524148870682,0.0711962354245044,GCF_001640805.2,尖吻鲈 (Lates calcarifer)
LOC108877208,LOC108901361,0.018116822909502,0.5372741029964648,0.0337198886163721,GCF_001640805.2,尖吻鲈 (Lates calcarifer)
LOC108877208,LOC108901363,0.018116822909502,0.578663914671933,0.0313080225847038,GCF_001640805.2,尖吻鲈 (Lates calcarifer)
LOC108873638,LOC108877208,0.0181497060122691,0.1513191261385101,0.1199432383428901,GCF_001640805.2,尖吻鲈 (Lates calcarifer)
LOC108873638,LOC108892335,0.0218329546672395,0.1513191261385101,0.1442841709729064,GCF_001640805.2,尖吻鲈 (Lates calcarifer)
LOC108873638,LOC108901361,0.0291830127734999,0.5590436846980991,0.0522016679058984,GCF_001640805.2,尖吻鲈 (Lates calcarifer)
LOC108892335,LOC108901361,0.021793300859657,0.5576835256401285,0.0390782582911015,GCF_001640805.2,尖吻鲈 (Lates calcarifer)
LOC108892335,LOC108901363,0.021793300859657,0.6002481380844654,0.0363071527871868,GCF_001640805.2,尖吻鲈 (Lates calcarifer)
LOC108893336,LOC108901366,0.0535398546738873,0.7357794862355849,0.0727661693149525,GCF_001640805.2,尖吻鲈 (Lates calcarifer)
LOC127143025,LOC127139299,0.0770377297971392,0.0933241115770564,0.8254858095651976,GCF_001640805.2,尖吻鲈 (Lates calcarifer)
LOC127143025,LOC127142210,0.136653607032644,0.1337740714760539,1.0215253638079298,GCF_001640805.2,尖吻鲈 (Lates calcarifer)
LOC127143025,LOC127139300,0.1326127973893889,0.1121930313041726,1.1820056544319155,GCF_001640805.2,尖吻鲈 (Lates calcarifer)
LOC127143025,LOC108880999,0.0804521402803128,0.062929976401818,1.2784390664095129,GCF_001640805.2,尖吻鲈 (Lates calcarifer)
LOC127142218,LOC127143008,0.0363670252911122,0.0519598307792201,0.6999065382956599,GCF_001640805.2,尖吻鲈 (Lates calcarifer)
LOC127142218,LOC127142211,0.0764872761671975,0.1440345800144621,0.5310341180535787,GCF_001640805.2,尖吻鲈 (Lates calcarifer)
LOC127142218,LOC108879938,0.0952951273004506,0.1061610362232095,0.89764692104255,GCF_001640805.2,尖吻鲈 (Lates calcarifer)
LOC127142218,LOC127143002,0.0804908443929097,0.1440345800144621,0.5588300003015102,GCF_001640805.2,尖吻鲈 (Lates calcarifer)
LOC108880096,LOC108880092,0.0,0.2490158930227153,0.0,GCF_001640805.2,尖吻鲈 (Lates calcarifer)
LOC108880096,LOC108899845,0.0,0.0226432292093592,0.0,GCF_001640805.2,尖吻鲈 (Lates calcarifer)
LOC108880096,LOC108899801,0.0,0.2336307381478881,0.0,GCF_001640805.2,尖吻鲈 (Lates calcarifer)
LOC108880096,LOC108899800,0.0177313222927804,0.1339582330480643,0.1323645578873707,GCF_001640805.2,尖吻鲈 (Lates calcarifer)
LOC108880092,LOC108899845,0.0,0.2807666658926358,0.0,GCF_001640805.2,尖吻鲈 (Lates calcarifer)
LOC108880092,LOC108899801,0.0,0.0579438623528486,0.0,GCF_001640805.2,尖吻鲈 (Lates calcarifer)
LOC108880092,LOC108899800,0.0177313222927804,0.2647232734066477,0.0669805947342714,GCF_001640805.2,尖吻鲈 (Lates calcarifer)
LOC127142165,LOC127142164,0.1209331201241511,0.1364488269174321,0.8862891888204371,GCF_001640805.2,尖吻鲈 (Lates calcarifer)
LOC127142165,LOC127142999,0.124400852636259,0.1245834332151738,0.9985344714445348,GCF_001640805.2,尖吻鲈 (Lates calcarifer)
LOC127142165,LOC127143025,0.1658220440822976,0.2592349596729407,0.6396592662174271,GCF_001640805.2,尖吻鲈 (Lates calcarifer)
LOC127142165,LOC127139299,0.1841705043573685,0.2263125345353762,0.8137883512969089,GCF_001640805.2,尖吻鲈 (Lates calcarifer)
LOC108874543,LOC108897124,0.3344497932457583,0.4154817112943709,0.8049687486937275,GCF_001640805.2,尖吻鲈 (Lates calcarifer)
LOC108899845,LOC108899801,0.0,0.2647232734066477,0.0,GCF_001640805.2,尖吻鲈 (Lates calcarifer)
LOC108899845,LOC108899800,0.0177313222927804,0.1611105195460347,0.1100568873016014,GCF_001640805.2,尖吻鲈 (Lates calcarifer)
LOC108899801,LOC108899800,0.0177313222927804,0.2490158930227153,0.0712055848225034,GCF_001640805.2,尖吻鲈 (Lates calcarifer)
LOC108879180,LOC108902043,0.0278635312799918,0.0569469866127063,0.4892889499051165,GCF_001640805.2,尖吻鲈 (Lates calcarifer)
LOC108877212,LOC108890174,0.0,0.0350258197844855,0.0,GCF_001640805.2,尖吻鲈 (Lates calcarifer)
LOC108877212,LOC108880096,0.0547688512611674,0.5198603854199593,0.1053530001462286,GCF_001640805.2,尖吻鲈 (Lates calcarifer)
LOC108877212,LOC108899845,0.0547688512611674,0.5198603854199593,0.1053530001462286,GCF_001640805.2,尖吻鲈 (Lates calcarifer)
LOC108892089,LOC127142543,0.1321283490287653,0.1509250812588488,0.8754565372878903,GCF_001640805.2,尖吻鲈 (Lates calcarifer)
LOC127139677,LOC127142543,0.1321283490287653,0.1509250812588488,0.8754565372878903,GCF_001640805.2,尖吻鲈 (Lates calcarifer)
LOC108890174,LOC108880096,0.0523114280659657,0.5322259160017251,0.0982880135919503,GCF_001640805.2,尖吻鲈 (Lates calcarifer)
LOC108890174,LOC108899845,0.0523114280659657,0.5322259160017251,0.0982880135919503,GCF_001640805.2,尖吻鲈 (Lates calcarifer)
LOC108901366,LOC108901368,0.0,0.0229025428950612,0.0,GCF_001640805.2,尖吻鲈 (Lates calcarifer)
LOC108901366,LOC108901761,0.00707969858754,0.2540574333077166,0.0278665280340962,GCF_001640805.2,尖吻鲈 (Lates calcarifer)
LOC108901366,LOC108901759,0.00707969858754,0.2540574333077166,0.0278665280340962,GCF_001640805.2,尖吻鲈 (Lates calcarifer)
LOC108901368,LOC108901367,0.0,0.0229025428950612,0.0,GCF_001640805.2,尖吻鲈 (Lates calcarifer)
LOC108901368,LOC108901761,0.0070713546823628,0.2552058919282137,0.0277084303537628,GCF_001640805.2,尖吻鲈 (Lates calcarifer)
LOC108901368,LOC108901759,0.0070713546823628,0.2552058919282137,0.0277084303537628,GCF_001640805.2,尖吻鲈 (Lates calcarifer)
LOC108901367,LOC108901761,0.00707969858754,0.2540574333077166,0.0278665280340962,GCF_001640805.2,尖吻鲈 (Lates calcarifer)
LOC108901367,LOC108901759,0.00707969858754,0.2540574333077166,0.0278665280340962,GCF_001640805.2,尖吻鲈 (Lates calcarifer)
LOC108901761,LOC108901759,0.0,0.0232576775569202,0.0,GCF_001640805.2,尖吻鲈 (Lates calcarifer)
txndc17,LOC108876104,0.0967210756880559,0.1357073976178748,0.7127177838926907,GCF_001640805.2,尖吻鲈 (Lates calcarifer)
LOC108880258,LOC108876104,0.0967210756880559,0.1357073976178748,0.7127177838926907,GCF_001640805.2,尖吻鲈 (Lates calcarifer)
LOC108875970,LOC108876104,0.0967210756880559,0.1357073976178748,0.7127177838926907,GCF_001640805.2,尖吻鲈 (Lates calcarifer)
LOC108873639,LOC108899800,0.059733047294944,0.6241095415249516,0.09570923583221,GCF_001640805.2,尖吻鲈 (Lates calcarifer)
LOC108873639,LOC108901366,0.0642403685392625,0.5005136064858524,0.1283488954282371,GCF_001640805.2,尖吻鲈 (Lates calcarifer)
LOC108873639,LOC108901368,0.0641602870270919,0.5032510384914018,0.1274916137668103,GCF_001640805.2,尖吻鲈 (Lates calcarifer)
LOC108873639,LOC108901367,0.0642403685392625,0.5005136064858524,0.1283488954282371,GCF_001640805.2,尖吻鲈 (Lates calcarifer)
LOC108892130,LOC108892127,0.1169411490523011,0.1038892006016713,1.1256333514459618,GCF_001640805.2,尖吻鲈 (Lates calcarifer)
LOC108892130,LOC108887564,0.1355025215666113,0.1023630139338662,1.3237449383246531,GCF_001640805.2,尖吻鲈 (Lates calcarifer)
LOC108892130,LOC108892137,0.1340741594510517,0.1741769611317507,0.7697582882367288,GCF_001640805.2,尖吻鲈 (Lates calcarifer)
LOC108892124,LOC108892127,0.1123335067961124,0.1043066522308766,1.0769543877936842,GCF_001640805.2,尖吻鲈 (Lates calcarifer)
LOC108892124,LOC108887564,0.1322782817294449,0.1114656781065581,1.186717597528007,GCF_001640805.2,尖吻鲈 (Lates calcarifer)
LOC108892124,LOC108892135,0.1389100255851801,0.1136538634661998,1.2222200050990026,GCF_001640805.2,尖吻鲈 (Lates calcarifer)
LOC127142211,LOC108880843,0.0574354605766499,0.1538707865728331,0.3732707283553363,GCF_001640805.2,尖吻鲈 (Lates calcarifer)
LOC108881001,LOC108879215,0.0322499489794232,0.0518520188719999,0.621961298344705,GCF_001640805.2,尖吻鲈 (Lates calcarifer)
LOC108881001,LOC127139303,0.0330126640625807,0.0250023152006938,1.3203842843187803,GCF_001640805.2,尖吻鲈 (Lates calcarifer)
LOC108881001,LOC108880863,0.0515857047961382,0.0768261689073374,0.671460070569931,GCF_001640805.2,尖吻鲈 (Lates calcarifer)
LOC108881001,LOC127142209,0.0788718571855023,0.1923920800410333,0.4099537630066716,GCF_001640805.2,尖吻鲈 (Lates calcarifer)
LOC108880996,LOC108880863,0.0180080679935892,0.0122953573317572,1.4646233946431793,GCF_001640805.2,尖吻鲈 (Lates calcarifer)
LOC108880996,LOC108880874,0.0722099904040123,0.2882929274941784,0.2504743735188249,GCF_001640805.2,尖吻鲈 (Lates calcarifer)
LOC108880996,LOC127142211,0.0702959257448965,0.2443004088000604,0.2877437908932355,GCF_001640805.2,尖吻鲈 (Lates calcarifer)
LOC108879943,LOC108880997,0.0556841924919079,0.0924244803179611,0.6024831548994559,GCF_001640805.2,尖吻鲈 (Lates calcarifer)
LOC108879943,LOC127143001,0.0543671457333038,0.1262341972403771,0.4306847662664426,GCF_001640805.2,尖吻鲈 (Lates calcarifer)
LOC108886230,LOC127139303,0.0552473057108446,0.0270674760492327,2.041095579445821,GCF_001640805.2,尖吻鲈 (Lates calcarifer)
LOC108886230,LOC108881001,0.055478147826997,0.0372747514142044,1.4883572853514913,GCF_001640805.2,尖吻鲈 (Lates calcarifer)
LOC108886230,LOC127142209,0.0888948561300981,0.1841779403262405,0.4826574560049681,GCF_001640805.2,尖吻鲈 (Lates calcarifer)
LOC108886230,LOC108879215,0.066641321485973,0.0913432927904417,0.7295699492557214,GCF_001640805.2,尖吻鲈 (Lates calcarifer)
LOC108879244,LOC108886234,0.0668345456069657,0.0912185711042866,0.7326857327172597,GCF_001640805.2,尖吻鲈 (Lates calcarifer)
LOC108879244,LOC108879252,0.0668345456069657,0.0912185711042866,0.7326857327172597,GCF_001640805.2,尖吻鲈 (Lates calcarifer)
LOC108879244,LOC108880997,0.0556841924919079,0.0648351627055778,0.8588579124074184,GCF_001640805.2,尖吻鲈 (Lates calcarifer)
LOC108879244,LOC108879938,0.0748264031996547,0.1075616302151458,0.6956607393360086,GCF_001640805.2,尖吻鲈 (Lates calcarifer)
LOC108880863,LOC108880874,0.0644092700271211,0.2706277340203801,0.2379995171606125,GCF_001640805.2,尖吻鲈 (Lates calcarifer)
LOC108880863,LOC127142211,0.0625103887039759,0.2276638671555794,0.2745731656278069,GCF_001640805.2,尖吻鲈 (Lates calcarifer)
LOC108880863,LOC127143002,0.0663930548386262,0.2276638671555794,0.2916275457679678,GCF_001640805.2,尖吻鲈 (Lates calcarifer)
LOC108879215,LOC108880863,0.0711255770031291,0.1031666571931861,0.6894240730310954,GCF_001640805.2,尖吻鲈 (Lates calcarifer)
LOC108879215,LOC108880843,0.0731830114541402,0.1673576634856574,0.4372850930750004,GCF_001640805.2,尖吻鲈 (Lates calcarifer)
LOC108879215,LOC127142211,0.0871091410007916,0.2380906730890884,0.3658654069502223,GCF_001640805.2,尖吻鲈 (Lates calcarifer)
LOC108880843,LOC127143002,0.0612964729647008,0.1538707865728331,0.3983632912390863,GCF_001640805.2,尖吻鲈 (Lates calcarifer)
LOC127143003,LOC108880996,0.0816666458303897,0.0943536112424673,0.8655381045302551,GCF_001640805.2,尖吻鲈 (Lates calcarifer)
LOC127143003,LOC108880863,0.0856287946005801,0.0943536112424673,0.9075306548737556,GCF_001640805.2,尖吻鲈 (Lates calcarifer)
LOC127143003,LOC127139303,0.0924831004012315,0.1164779621056265,0.7939965529046977,GCF_001640805.2,尖吻鲈 (Lates calcarifer)
LOC108892139,LOC108892127,0.1194298120010472,0.0837522636383183,1.4259890636126729,GCF_001640805.2,尖吻鲈 (Lates calcarifer)
LOC108892139,LOC108892141,0.1083578782729246,0.0937446541673499,1.155883279269318,GCF_001640805.2,尖吻鲈 (Lates calcarifer)
LOC108892139,LOC108887564,0.1394734110543417,0.073422760229281,1.899593676658314,GCF_001640805.2,尖吻鲈 (Lates calcarifer)
LOC108892139,LOC108892142,0.0992333521644699,0.0570392723999327,1.7397373421717577,GCF_001640805.2,尖吻鲈 (Lates calcarifer)
LOC108881000,LOC108879942,0.1856097500550382,0.2651679363796099,0.6999705642741152,GCF_001640805.2,尖吻鲈 (Lates calcarifer)
LOC108881000,LOC127142211,0.1908271342463182,0.4263467940567874,0.447586652242777,GCF_001640805.2,尖吻鲈 (Lates calcarifer)
LOC108881000,LOC127143002,0.1955318020517787,0.4263467940567874,0.4586214902456491,GCF_001640805.2,尖吻鲈 (Lates calcarifer)
LOC108880997,LOC108879938,0.0480459810396574,0.0922212833511262,0.5209858212092499,GCF_001640805.2,尖吻鲈 (Lates calcarifer)
LOC108880997,LOC127143001,0.0516491669513886,0.0936627429044699,0.5514376938978564,GCF_001640805.2,尖吻鲈 (Lates calcarifer)
LOC108880997,LOC127143007,0.0622118122355632,0.0556206312340454,1.118502448736743,GCF_001640805.2,尖吻鲈 (Lates calcarifer)
LOC127142212,LOC127143005,0.0292363448031839,0.0510835693943593,0.5723238440423513,GCF_001640805.2,尖吻鲈 (Lates calcarifer)
LOC127142212,LOC127139302,0.029165278647943,0.0786746849626466,0.3707072822953173,GCF_001640805.2,尖吻鲈 (Lates calcarifer)
LOC127142212,LOC127142997,0.029165278647943,0.0786746849626466,0.3707072822953173,GCF_001640805.2,尖吻鲈 (Lates calcarifer)
LOC108879938,LOC127143001,0.0519045853782676,0.1205259734823379,0.4306506214270387,GCF_001640805.2,尖吻鲈 (Lates calcarifer)
LOC108879938,LOC108880874,0.0463110053013353,0.2188290432774796,0.2116309819195801,GCF_001640805.2,尖吻鲈 (Lates calcarifer)
LOC108879938,LOC108880822,0.0538931468646192,0.0846885689954293,0.6363686091747267,GCF_001640805.2,尖吻鲈 (Lates calcarifer)
LOC127142166,LOC127143004,0.007177088262113,0.0126053387372859,0.5693689326161092,GCF_001640805.2,尖吻鲈 (Lates calcarifer)
LOC127142166,LOC127143010,0.0983969558507662,0.1599788267354414,0.6150623670561499,GCF_001640805.2,尖吻鲈 (Lates calcarifer)
LOC127142166,LOC127142211,0.1016229669270933,0.2896093107791455,0.3508967534700239,GCF_001640805.2,尖吻鲈 (Lates calcarifer)
LOC127142166,LOC127143007,0.0995723846517421,0.1494770296445448,0.6661383684739018,GCF_001640805.2,尖吻鲈 (Lates calcarifer)
LOC127139304,LOC127139303,0.0405255110065822,0.0778235325055638,0.5207359483930518,GCF_001640805.2,尖吻鲈 (Lates calcarifer)
LOC127139304,LOC108879938,0.0558917740641412,0.0912185711042866,0.6127236305888009,GCF_001640805.2,尖吻鲈 (Lates calcarifer)
LOC127139304,LOC108880997,0.0672509977921825,0.0788471565774535,0.852928637015847,GCF_001640805.2,尖吻鲈 (Lates calcarifer)
LOC127139304,LOC108886230,0.0552130163947988,0.0799316869769957,0.6907525473682177,GCF_001640805.2,尖吻鲈 (Lates calcarifer)
LOC127139303,LOC108880863,0.0443205855178392,0.0916170247341315,0.4837592755981276,GCF_001640805.2,尖吻鲈 (Lates calcarifer)
LOC127139302,LOC127143005,0.0442388662657618,0.0513020451633003,0.8623216896118742,GCF_001640805.2,尖吻鲈 (Lates calcarifer)
LOC127139302,LOC127139298,0.0632737080575773,0.0791943804803756,0.7989671448122077,GCF_001640805.2,尖吻鲈 (Lates calcarifer)
LOC108880822,LOC108879943,0.056431566954933,0.0757126481296132,0.7453387029644938,GCF_001640805.2,尖吻鲈 (Lates calcarifer)
LOC108880822,LOC108886234,0.0582576455851133,0.0831148185031789,0.7009297094583103,GCF_001640805.2,尖吻鲈 (Lates calcarifer)
LOC108880822,LOC108879252,0.0582576455851133,0.0831148185031789,0.7009297094583103,GCF_001640805.2,尖吻鲈 (Lates calcarifer)
LOC127142997,LOC127143005,0.0442388662657618,0.0513020451633003,0.8623216896118742,GCF_001640805.2,尖吻鲈 (Lates calcarifer)
LOC127142997,LOC127139298,0.0632737080575773,0.0791943804803756,0.7989671448122077,GCF_001640805.2,尖吻鲈 (Lates calcarifer)
LOC127143005,LOC127139298,0.0712590545862727,0.0648351627055778,1.0990803695498736,GCF_001640805.2,尖吻鲈 (Lates calcarifer)
LOC108880793,LOC108879942,0.1856097500550382,0.2651679363796099,0.6999705642741152,GCF_001640805.2,尖吻鲈 (Lates calcarifer)
LOC108880793,LOC127142211,0.1908271342463182,0.4263467940567874,0.447586652242777,GCF_001640805.2,尖吻鲈 (Lates calcarifer)
LOC108880793,LOC127143002,0.1955318020517787,0.4263467940567874,0.4586214902456491,GCF_001640805.2,尖吻鲈 (Lates calcarifer)
LOC127143008,LOC127142211,0.0522599404784923,0.1319179998477482,0.396154736569745,GCF_001640805.2,尖吻鲈 (Lates calcarifer)
LOC127143008,LOC127143002,0.0561359180973242,0.1319179998477482,0.4255364556930287,GCF_001640805.2,尖吻鲈 (Lates calcarifer)
LOC127143008,LOC108880843,0.0580814444801093,0.0967002625319199,0.600633782777344,GCF_001640805.2,尖吻鲈 (Lates calcarifer)
LOC127143006,LOC127139303,0.0655029518416644,0.1573932859519199,0.4161737360364535,GCF_001640805.2,尖吻鲈 (Lates calcarifer)
LOC127143006,LOC108879938,0.061678573677729,0.1269690423777156,0.4857764737190324,GCF_001640805.2,尖吻鲈 (Lates calcarifer)
LOC127143006,LOC108880997,0.0536603634690361,0.1001485444683919,0.5358077219581756,GCF_001640805.2,尖吻鲈 (Lates calcarifer)
LOC127143006,LOC127143007,0.0834720320779552,0.0640047012994633,1.3041547008774976,GCF_001640805.2,尖吻鲈 (Lates calcarifer)
LOC127143007,LOC108881001,0.0573249645016915,0.0996416164328713,0.5753114667736389,GCF_001640805.2,尖吻鲈 (Lates calcarifer)
LOC127143007,LOC127142211,0.0619101305996899,0.1397837681171768,0.4428992824674206,GCF_001640805.2,尖吻鲈 (Lates calcarifer)
LOC127143007,LOC108879938,0.0703886520630912,0.095022664189466,0.7407564570357971,GCF_001640805.2,尖吻鲈 (Lates calcarifer)
LOC127143004,LOC127142211,0.1016229669270933,0.2716980117766048,0.374029115128931,GCF_001640805.2,尖吻鲈 (Lates calcarifer)
LOC127143004,LOC127143010,0.0983969558507662,0.1444073331491195,0.6813847586892173,GCF_001640805.2,尖吻鲈 (Lates calcarifer)
LOC127143004,LOC127143007,0.0995723846517421,0.1345882032299962,0.7398299573223673,GCF_001640805.2,尖吻鲈 (Lates calcarifer)
LOC108887564,LOC108892127,0.0331437944064762,0.0769906155450625,0.4304913549765981,GCF_001640805.2,尖吻鲈 (Lates calcarifer)
LOC108887564,LOC108887569,0.0546748651208672,0.0691278448497428,0.7909239068527192,GCF_001640805.2,尖吻鲈 (Lates calcarifer)
LOC108887564,LOC127142295,0.0751120923338055,0.0967132697032073,0.7766472229127269,GCF_001640805.2,尖吻鲈 (Lates calcarifer)
LOC108887564,LOC108892142,0.066352688685705,0.0651296556906121,1.0187784348331692,GCF_001640805.2,尖吻鲈 (Lates calcarifer)
LOC127142213,LOC127139303,0.0740639253281025,0.1898179707616215,0.3901839485003978,GCF_001640805.2,尖吻鲈 (Lates calcarifer)
LOC127142213,LOC127139304,0.0780170421121248,0.1902662374770513,0.4100414405973351,GCF_001640805.2,尖吻鲈 (Lates calcarifer)
LOC127142213,LOC108880997,0.0777701780858117,0.1925398851358606,0.4039172352831482,GCF_001640805.2,尖吻鲈 (Lates calcarifer)
LOC127142167,LOC108879942,0.0222238482047783,0.0126053387372859,1.7630504556804412,GCF_001640805.2,尖吻鲈 (Lates calcarifer)
LOC127142167,LOC127142211,0.0714977225125446,0.1836414121188082,0.3893333300349961,GCF_001640805.2,尖吻鲈 (Lates calcarifer)
LOC127142167,LOC127143002,0.075491519391714,0.1836414121188082,0.4110811309971534,GCF_001640805.2,尖吻鲈 (Lates calcarifer)
LOC127142167,LOC108880874,0.0835968546403455,0.2320552388344888,0.3602454961164235,GCF_001640805.2,尖吻鲈 (Lates calcarifer)
LOC127142168,LOC127143010,0.0481349611903435,0.0809774510729234,0.5944242570317018,GCF_001640805.2,尖吻鲈 (Lates calcarifer)
LOC127142168,LOC127142167,0.0737369196883635,0.1304649803425785,0.5651855348059154,GCF_001640805.2,尖吻鲈 (Lates calcarifer)
LOC127142168,LOC108879942,0.0644742944824938,0.0945068750198486,0.6822180340737409,GCF_001640805.2,尖吻鲈 (Lates calcarifer)
LOC127142168,LOC127143007,0.0678855056556239,0.1078085689996063,0.6296856204062202,GCF_001640805.2,尖吻鲈 (Lates calcarifer)
LOC127143009,LOC127139303,0.0740639253281025,0.1898179707616215,0.3901839485003978,GCF_001640805.2,尖吻鲈 (Lates calcarifer)
LOC127143009,LOC127139304,0.0780170421121248,0.1902662374770513,0.4100414405973351,GCF_001640805.2,尖吻鲈 (Lates calcarifer)
LOC127143009,LOC108880997,0.0777701780858117,0.1925398851358606,0.4039172352831482,GCF_001640805.2,尖吻鲈 (Lates calcarifer)
LOC127143010,LOC108880997,0.0578645071975751,0.087543205731106,0.6609822740020423,GCF_001640805.2,尖吻鲈 (Lates calcarifer)
LOC127143010,LOC108880863,0.0639886304807214,0.093246313773478,0.6862322797678436,GCF_001640805.2,尖吻鲈 (Lates calcarifer)
LOC127143010,LOC127143007,0.0659558447233244,0.1295730265981742,0.5090244972656507,GCF_001640805.2,尖吻鲈 (Lates calcarifer)
LOC108887569,LOC108892127,0.0847104909678237,0.1219719740121079,0.694507829802072,GCF_001640805.2,尖吻鲈 (Lates calcarifer)
LOC108887569,LOC127142295,0.0999019703519698,0.1114656781065581,0.8962576826246573,GCF_001640805.2,尖吻鲈 (Lates calcarifer)
LOC108887569,LOC108892141,0.1018860322905167,0.0869073430393514,1.1723524011588184,GCF_001640805.2,尖吻鲈 (Lates calcarifer)
LOC108887567,LOC127142295,0.1281440139032731,0.1458876224158298,0.8783748187904433,GCF_001640805.2,尖吻鲈 (Lates calcarifer)
LOC108887567,LOC108892137,0.1350320897575253,0.2157615543388358,0.6258394372959909,GCF_001640805.2,尖吻鲈 (Lates calcarifer)
LOC108887567,LOC108887569,0.1208232542679284,0.0967132697032073,1.2492934489621697,GCF_001640805.2,尖吻鲈 (Lates calcarifer)
LOC108887568,LOC127142295,0.1281440139032731,0.1458876224158298,0.8783748187904433,GCF_001640805.2,尖吻鲈 (Lates calcarifer)
LOC108887568,LOC108892137,0.1350320897575253,0.2157615543388358,0.6258394372959909,GCF_001640805.2,尖吻鲈 (Lates calcarifer)
LOC108887568,LOC108887569,0.1208232542679284,0.0967132697032073,1.2492934489621697,GCF_001640805.2,尖吻鲈 (Lates calcarifer)
LOC108880273,LOC108880266,0.1350416021952642,0.1553441506198221,0.8693059999777859,GCF_001640805.2,尖吻鲈 (Lates calcarifer)
LOC108880273,LOC127143592,0.1434797574013274,0.1561168202615386,0.9190538031773862,GCF_001640805.2,尖吻鲈 (Lates calcarifer)
LOC108880266,LOC108886643,0.1350416021952642,0.1553441506198221,0.8693059999777859,GCF_001640805.2,尖吻鲈 (Lates calcarifer)
LOC108880266,LOC108896417,0.1350416021952642,0.1553441506198221,0.8693059999777859,GCF_001640805.2,尖吻鲈 (Lates calcarifer)
LOC108879942,LOC127142211,0.0582325266561402,0.177015009377066,0.3289694295476214,GCF_001640805.2,尖吻鲈 (Lates calcarifer)
LOC108879942,LOC127143002,0.0621920607097567,0.177015009377066,0.3513377816300265,GCF_001640805.2,尖吻鲈 (Lates calcarifer)
LOC108879942,LOC127143007,0.0628540201525526,0.0582188715229022,1.07961591333537,GCF_001640805.2,尖吻鲈 (Lates calcarifer)
LOC108891292,LOC108874215,0.0540208313865791,0.0615278956259917,0.877989257343601,GCF_001640805.2,尖吻鲈 (Lates calcarifer)
LOC108886643,LOC127143592,0.1434797574013274,0.1561168202615386,0.9190538031773862,GCF_001640805.2,尖吻鲈 (Lates calcarifer)
LOC127139301,LOC108881001,0.0609472230590744,0.0922212833511262,0.6608802311611954,GCF_001640805.2,尖吻鲈 (Lates calcarifer)
LOC127139301,LOC127142211,0.0824687467812446,0.1757810781627828,0.4691559958738798,GCF_001640805.2,尖吻鲈 (Lates calcarifer)
LOC127139301,LOC127143002,0.0865661846985307,0.1757810781627828,0.4924658877013246,GCF_001640805.2,尖吻鲈 (Lates calcarifer)
LOC127139301,LOC108879215,0.081317478891279,0.0912185711042866,0.8914574949690003,GCF_001640805.2,尖吻鲈 (Lates calcarifer)
LOC108896417,LOC127143592,0.1434797574013274,0.1561168202615386,0.9190538031773862,GCF_001640805.2,尖吻鲈 (Lates calcarifer)
LOC108878496,LOC108878497,0.0,0.0126585283405138,0.0,GCF_001640805.2,尖吻鲈 (Lates calcarifer)
LOC127143011,LOC127142211,0.0571342132202815,0.1797546399490654,0.3178455545652165,GCF_001640805.2,尖吻鲈 (Lates calcarifer)
LOC127143011,LOC127143002,0.0611024764460932,0.1797546399490654,0.3399215534208575,GCF_001640805.2,尖吻鲈 (Lates calcarifer)
LOC127143011,LOC108879943,0.0907449834649737,0.144809098105088,0.6266525007919052,GCF_001640805.2,尖吻鲈 (Lates calcarifer)
LOC127143011,LOC108880863,0.0844601204721314,0.1379818626674858,0.6121103081182977,GCF_001640805.2,尖吻鲈 (Lates calcarifer)
LOC127142598,LOC127142543,0.0993339740219719,0.0680567363612039,1.4595759263971655,GCF_001640805.2,尖吻鲈 (Lates calcarifer)
LOC127142598,LOC127139679,0.1251986179290359,0.1195183441383157,1.0475263762368276,GCF_001640805.2,尖吻鲈 (Lates calcarifer)
LOC127142598,LOC108892087,0.0477192719101586,0.0454684663623261,1.0495025613992883,GCF_001640805.2,尖吻鲈 (Lates calcarifer)
LOC127142598,LOC108876340,0.1390617452186409,0.0821489008257187,1.6928010456727165,GCF_001640805.2,尖吻鲈 (Lates calcarifer)
LOC127142295,LOC108892127,0.0712603044050489,0.1112398196373488,0.6406006827174257,GCF_001640805.2,尖吻鲈 (Lates calcarifer)
LOC127142295,LOC108892141,0.0767312839264969,0.0594370287406054,1.290967693916312,GCF_001640805.2,尖吻鲈 (Lates calcarifer)
LOC127142295,LOC108892125,0.0578359528424946,0.065648244364397,0.8809977083539614,GCF_001640805.2,尖吻鲈 (Lates calcarifer)
LOC108892134,LOC108892126,0.0281243007282296,0.0308130625274061,0.912739546846892,GCF_001640805.2,尖吻鲈 (Lates calcarifer)
LOC108892134,LOC108892136,0.0889241771556787,0.1747610033321046,0.5088330660742025,GCF_001640805.2,尖吻鲈 (Lates calcarifer)
LOC108892134,LOC108892135,0.0833088023042003,0.1373117267709478,0.6067129462523564,GCF_001640805.2,尖吻鲈 (Lates calcarifer)
LOC108892134,LOC108892137,0.1229896835242872,0.1812159743064349,0.6786911804823152,GCF_001640805.2,尖吻鲈 (Lates calcarifer)
LOC108892126,LOC108892136,0.0792292713011885,0.1505030215966134,0.5264297717127782,GCF_001640805.2,尖吻鲈 (Lates calcarifer)
LOC108892126,LOC108892135,0.0709189369687595,0.1099526056439066,0.6449955101422347,GCF_001640805.2,尖吻鲈 (Lates calcarifer)
LOC108892126,LOC108892137,0.1098190348510335,0.1661793443116265,0.6608464806859283,GCF_001640805.2,尖吻鲈 (Lates calcarifer)
LOC108892135,LOC108892136,0.0666234102799618,0.0595550832033078,1.1186855377655052,GCF_001640805.2,尖吻鲈 (Lates calcarifer)
LOC108892135,LOC108892137,0.087862743350943,0.0738628336138999,1.1895392994293208,GCF_001640805.2,尖吻鲈 (Lates calcarifer)
LOC108892136,LOC108892137,0.06681365367723,0.0251312171710629,2.6585920300812926,GCF_001640805.2,尖吻鲈 (Lates calcarifer)
LOC108892137,LOC108892145,0.0885783180427715,0.1678277355787642,0.5277930834096267,GCF_001640805.2,尖吻鲈 (Lates calcarifer)
LOC108892137,LOC127142295,0.0838299090718545,0.1384412061019842,0.605527150710463,GCF_001640805.2,尖吻鲈 (Lates calcarifer)
LOC108892127,LOC108892142,0.0354862508647418,0.0347552529440264,1.0210327319986026,GCF_001640805.2,尖吻鲈 (Lates calcarifer)
LOC108892127,LOC108892122,0.0435478507160709,0.1232272884684573,0.3533945383146032,GCF_001640805.2,尖吻鲈 (Lates calcarifer)
LOC127142214,LOC108881002,0.0426195995453043,0.0501230313618421,0.8502997202549474,GCF_001640805.2,尖吻鲈 (Lates calcarifer)
LOC127142214,LOC127138971,0.0558820847793192,0.1000758101425821,0.5583975258326834,GCF_001640805.2,尖吻鲈 (Lates calcarifer)
LOC127142214,LOC127143013,0.0559548364462143,0.0996416164328713,0.5615609064703516,GCF_001640805.2,尖吻鲈 (Lates calcarifer)
LOC127142214,LOC108880999,0.0325007522907817,0.0584440210238605,0.5561005509445155,GCF_001640805.2,尖吻鲈 (Lates calcarifer)
LOC127138971,LOC108881002,0.0606588590406994,0.1115589459452627,0.5437381872580813,GCF_001640805.2,尖吻鲈 (Lates calcarifer)
LOC127138971,LOC127143014,0.0585181685335257,0.0797592190692504,0.733685324610786,GCF_001640805.2,尖吻鲈 (Lates calcarifer)
LOC127142169,LOC108886234,0.0526977859330674,0.1311819531303238,0.4017152106335416,GCF_001640805.2,尖吻鲈 (Lates calcarifer)
LOC127142169,LOC108879252,0.0526977859330674,0.1311819531303238,0.4017152106335416,GCF_001640805.2,尖吻鲈 (Lates calcarifer)
LOC127142169,LOC127142211,0.0737503851848653,0.0962416871584159,0.766303951669826,GCF_001640805.2,尖吻鲈 (Lates calcarifer)
LOC127142169,LOC108879943,0.0742381515456782,0.1561885326947363,0.4753111529050182,GCF_001640805.2,尖吻鲈 (Lates calcarifer)
LOC108894748,LOC108899979,0.0036101152736607,0.0289891158257093,0.124533473023662,GCF_001640805.2,尖吻鲈 (Lates calcarifer)
LOC108890250,LOC108893384,0.1954651128066178,0.6572456062967388,0.297400410035404,GCF_001640805.2,尖吻鲈 (Lates calcarifer)
LOC108890171,LOC108893384,0.1954651128066178,0.6572456062967388,0.297400410035404,GCF_001640805.2,尖吻鲈 (Lates calcarifer)
LOC108894750,LOC108899979,0.0036101152736607,0.0289891158257093,0.124533473023662,GCF_001640805.2,尖吻鲈 (Lates calcarifer)
LOC127143013,LOC108881002,0.0607381346830338,0.1110721281889141,0.5468350672072202,GCF_001640805.2,尖吻鲈 (Lates calcarifer)
LOC127143013,LOC127143014,0.05859526133239,0.0794165085317307,0.7378221784829329,GCF_001640805.2,尖吻鲈 (Lates calcarifer)
LOC108892142,LOC108892125,0.0489699810129958,0.0800225318342786,0.6119524075345356,GCF_001640805.2,尖吻鲈 (Lates calcarifer)
LOC108892142,LOC108892141,0.0933387012943125,0.1257219450806467,0.7424217087513139,GCF_001640805.2,尖吻鲈 (Lates calcarifer)
LOC108892122,LOC108887564,0.0642963773825555,0.1780466805160583,0.3611208992843676,GCF_001640805.2,尖吻鲈 (Lates calcarifer)
LOC108892122,LOC108892142,0.0627049640881358,0.1310377180565515,0.4785260688153505,GCF_001640805.2,尖吻鲈 (Lates calcarifer)
LOC108892122,LOC108892145,0.1083645168384381,0.2189009477883443,0.4950390481781559,GCF_001640805.2,尖吻鲈 (Lates calcarifer)
LOC108892145,LOC127142295,0.093658163297156,0.1244366410551336,0.7526574367726564,GCF_001640805.2,尖吻鲈 (Lates calcarifer)
LOC108892145,LOC108892127,0.0945161340790666,0.1350576652050981,0.6998205835672842,GCF_001640805.2,尖吻鲈 (Lates calcarifer)
LOC108892141,LOC108892125,0.0787011698839008,0.0787011698839008,1.0,GCF_001640805.2,尖吻鲈 (Lates calcarifer)
LOC108892141,LOC108887564,0.0888169697551224,0.1130727872896819,0.785484924215954,GCF_001640805.2,尖吻鲈 (Lates calcarifer)
LOC108892125,LOC108892127,0.069677387584171,0.0677301332792742,1.0287501915412989,GCF_001640805.2,尖吻鲈 (Lates calcarifer)
LOC108880999,LOC127143014,0.0272050550901261,0.0244919722305394,1.1107743726821533,GCF_001640805.2,尖吻鲈 (Lates calcarifer)
LOC108880999,LOC127142163,0.0512009783467522,0.0502279695796377,1.01937185148549,GCF_001640805.2,尖吻鲈 (Lates calcarifer)
LOC108880999,LOC127139300,0.0777829085604465,0.0845966206090083,0.9194564511027744,GCF_001640805.2,尖吻鲈 (Lates calcarifer)
LOC127143014,LOC127142214,0.0484250149360425,0.0591856250677577,0.818188789602271,GCF_001640805.2,尖吻鲈 (Lates calcarifer)
LOC127143014,LOC127142163,0.0632786176756009,0.0508669472540708,1.2440026597140983,GCF_001640805.2,尖吻鲈 (Lates calcarifer)
LOC127143014,LOC108881002,0.0511003091112914,0.0637325912188817,0.8017924288656925,GCF_001640805.2,尖吻鲈 (Lates calcarifer)
LOC108874346,LOC108891615,0.0039215775620993,0.0116733874058336,0.3359416959073598,GCF_001640805.2,尖吻鲈 (Lates calcarifer)
LOC108879957,LOC108879958,0.0596204177707799,0.094410184416752,0.6315040918424576,GCF_001640805.2,尖吻鲈 (Lates calcarifer)
LOC108879957,LOC108898287,0.0596204177707799,0.094410184416752,0.6315040918424576,GCF_001640805.2,尖吻鲈 (Lates calcarifer)
LOC108879957,LOC108881730,0.1256390765147984,0.4727418419250808,0.2657667787627511,GCF_001640805.2,尖吻鲈 (Lates calcarifer)
LOC108881728,LOC108881729,0.2439784559004022,0.1988846013135581,1.2267337656561448,GCF_001640805.2,尖吻鲈 (Lates calcarifer)
LOC108898286,LOC108879958,0.0596204177707799,0.094410184416752,0.6315040918424576,GCF_001640805.2,尖吻鲈 (Lates calcarifer)
LOC108898286,LOC108898287,0.0596204177707799,0.094410184416752,0.6315040918424576,GCF_001640805.2,尖吻鲈 (Lates calcarifer)
LOC108898286,LOC108881730,0.1256390765147984,0.4727418419250808,0.2657667787627511,GCF_001640805.2,尖吻鲈 (Lates calcarifer)
LOC108897765,LOC108897681,0.2041538236351031,0.508479286905532,0.401498800231428,GCF_001640805.2,尖吻鲈 (Lates calcarifer)
LOC108897765,LOC108897845,0.2116703575463066,0.5124934958155698,0.4130205734795902,GCF_001640805.2,尖吻鲈 (Lates calcarifer)
LOC108903063,LOC108886424,0.1884858212106796,0.1250677801896322,1.5070693741017136,GCF_001640805.2,尖吻鲈 (Lates calcarifer)
LOC108903063,LOC108903054,0.1884858212106796,0.1250677801896322,1.5070693741017136,GCF_001640805.2,尖吻鲈 (Lates calcarifer)
LOC108895471,LOC108895484,0.0266785993386507,0.0401165137132395,0.6650278618265387,GCF_001640805.2,尖吻鲈 (Lates calcarifer)
LOC108895471,LOC108873982,0.0266785993386507,0.0401165137132395,0.6650278618265387,GCF_001640805.2,尖吻鲈 (Lates calcarifer)
LOC108886424,LOC108886423,0.1884858212106796,0.1250677801896322,1.5070693741017136,GCF_001640805.2,尖吻鲈 (Lates calcarifer)
LOC108886424,LOC108903072,0.1884858212106796,0.1250677801896322,1.5070693741017136,GCF_001640805.2,尖吻鲈 (Lates calcarifer)
LOC108886423,LOC108903054,0.1884858212106796,0.1250677801896322,1.5070693741017136,GCF_001640805.2,尖吻鲈 (Lates calcarifer)
LOC108903054,LOC108903072,0.1884858212106796,0.1250677801896322,1.5070693741017136,GCF_001640805.2,尖吻鲈 (Lates calcarifer)
LOC108879958,LOC108881730,0.1099800756558133,0.3134544617500047,0.3508646041973647,GCF_001640805.2,尖吻鲈 (Lates calcarifer)
LOC108898287,LOC108881730,0.1099800756558133,0.3134544617500047,0.3508646041973647,GCF_001640805.2,尖吻鲈 (Lates calcarifer)
LOC108895763,LOC108886013,0.0,0.0177523080644285,0.0,GCF_001640805.2,尖吻鲈 (Lates calcarifer)
LOC108880249,LOC108880173,0.0,0.0134532755150004,0.0,GCF_001640805.2,尖吻鲈 (Lates calcarifer)
LOC108880093,LOC108877267,0.0043573107309908,0.3695015252846255,0.0117924025554005,GCF_001640805.2,尖吻鲈 (Lates calcarifer)
LOC108880093,LOC108877213,0.0043573107309908,0.3905555393686403,0.0111566993468706,GCF_001640805.2,尖吻鲈 (Lates calcarifer)
LOC108880093,LOC108873640,0.0043573107309908,0.3695015252846255,0.0117924025554005,GCF_001640805.2,尖吻鲈 (Lates calcarifer)
LOC108880093,LOC108890175,0.0043573107309908,0.434524171879283,0.0100277752377866,GCF_001640805.2,尖吻鲈 (Lates calcarifer)
LOC108877267,LOC108877213,0.0,0.0391393148779276,0.0,GCF_001640805.2,尖吻鲈 (Lates calcarifer)
LOC108877267,LOC108873640,0.0,0.0258646320533769,0.0,GCF_001640805.2,尖吻鲈 (Lates calcarifer)
LOC108877267,LOC108890175,0.0,0.094720293993219,0.0,GCF_001640805.2,尖吻鲈 (Lates calcarifer)
LOC108877213,LOC108873640,0.0,0.0664150480060837,0.0,GCF_001640805.2,尖吻鲈 (Lates calcarifer)
LOC108877213,LOC108890175,0.0,0.0804341477651981,0.0,GCF_001640805.2,尖吻鲈 (Lates calcarifer)
LOC108873640,LOC108890175,0.0,0.12413582885818,0.0,GCF_001640805.2,尖吻鲈 (Lates calcarifer)
LOC108890172,LOC108880093,0.0043573107309908,0.3695015252846255,0.0117924025554005,GCF_001640805.2,尖吻鲈 (Lates calcarifer)
LOC108890172,LOC108877267,0.0,0.012820825019475,0.0,GCF_001640805.2,尖吻鲈 (Lates calcarifer)
LOC108890172,LOC108877213,0.0,0.0526531940049364,0.0,GCF_001640805.2,尖吻鲈 (Lates calcarifer)
LOC108890172,LOC108873640,0.0,0.0391393148779276,0.0,GCF_001640805.2,尖吻鲈 (Lates calcarifer)
LOC108890172,LOC108890175,0.0,0.094720293993219,0.0,GCF_001640805.2,尖吻鲈 (Lates calcarifer)
LOC108901370,LOC108880093,0.0043573107309908,0.2907406990214379,0.0149869307794074,GCF_001640805.2,尖吻鲈 (Lates calcarifer)
LOC108901370,LOC108877267,0.0087337231476598,0.3299634631345002,0.0264687582821854,GCF_001640805.2,尖吻鲈 (Lates calcarifer)
LOC108901370,LOC108877213,0.0087337231476598,0.3705138790872072,0.0235719190038877,GCF_001640805.2,尖吻鲈 (Lates calcarifer)
LOC108901370,LOC108873640,0.0087337231476598,0.3299634631345002,0.0264687582821854,GCF_001640805.2,尖吻鲈 (Lates calcarifer)
LOC108901370,LOC108890175,0.0087337231476598,0.4357724118294294,0.0200419368243037,GCF_001640805.2,尖吻鲈 (Lates calcarifer)
LOC108901369,LOC108880093,0.0043604773990648,0.348085376392254,0.012527034155411,GCF_001640805.2,尖吻鲈 (Lates calcarifer)
LOC108901369,LOC108877267,0.0087400843426739,0.3695015252846255,0.023653716546749,GCF_001640805.2,尖吻鲈 (Lates calcarifer)
LOC108901369,LOC108877213,0.0087400843426739,0.3695015252846255,0.023653716546749,GCF_001640805.2,尖吻鲈 (Lates calcarifer)
LOC108901369,LOC108873640,0.0087400843426739,0.3695015252846255,0.023653716546749,GCF_001640805.2,尖吻鲈 (Lates calcarifer)
LOC108901369,LOC108890175,0.0087400843426739,0.41221769498023,0.0212025937971759,GCF_001640805.2,尖吻鲈 (Lates calcarifer)
LOC108899803,LOC108880093,0.0,0.1857782370426047,0.0,GCF_001640805.2,尖吻鲈 (Lates calcarifer)
LOC108899803,LOC108877267,0.0043573107309908,0.3695015252846255,0.0117924025554005,GCF_001640805.2,尖吻鲈 (Lates calcarifer)
LOC108899803,LOC108877213,0.0043573107309908,0.434524171879283,0.0100277752377866,GCF_001640805.2,尖吻鲈 (Lates calcarifer)
LOC108899803,LOC108873640,0.0043573107309908,0.3695015252846255,0.0117924025554005,GCF_001640805.2,尖吻鲈 (Lates calcarifer)
LOC108899803,LOC108890175,0.0043573107309908,0.4575144776975349,0.0095238750758647,GCF_001640805.2,尖吻鲈 (Lates calcarifer)
LOC108899804,LOC108880093,0.0043573107309908,0.2194704986689771,0.0198537423362894,GCF_001640805.2,尖吻鲈 (Lates calcarifer)
LOC108899804,LOC108877267,0.0,0.3499646484461211,0.0,GCF_001640805.2,尖吻鲈 (Lates calcarifer)
LOC108899804,LOC108877213,0.0,0.4133826894671685,0.0,GCF_001640805.2,尖吻鲈 (Lates calcarifer)
LOC108899804,LOC108873640,0.0,0.3499646484461211,0.0,GCF_001640805.2,尖吻鲈 (Lates calcarifer)
LOC108899804,LOC108890175,0.0,0.4826626795654298,0.0,GCF_001640805.2,尖吻鲈 (Lates calcarifer)
LOC108897845,LOC108897681,0.192094614784317,0.6209209857190618,0.3093704661340453,GCF_001640805.2,尖吻鲈 (Lates calcarifer)
LOC108879678,rnaseka,0.0,0.0153851548748271,0.0,GCF_001640805.2,尖吻鲈 (Lates calcarifer)
LOC108891046,LOC108886871,0.0,0.0156255651771315,0.0,GCF_001640805.2,尖吻鲈 (Lates calcarifer)
LOC108891072,s100z,0.0,0.0356149996994908,0.0,GCF_001640805.2,尖吻鲈 (Lates calcarifer)
LOC108880324,LOC108901007,0.0044910313834669,0.0156255651771315,0.2874156123350774,GCF_001640805.2,尖吻鲈 (Lates calcarifer)
LOC108886646,LOC108886874,0.0,0.0166673525885326,0.0,GCF_001640805.2,尖吻鲈 (Lates calcarifer)
LOC108886646,LOC127139221,0.0298472611477916,0.0398197778043242,0.7495587065920386,GCF_001640805.2,尖吻鲈 (Lates calcarifer)
LOC127143015,LOC108880999,0.0825833388123181,0.1022523326640984,0.8076425902537264,GCF_001640805.2,尖吻鲈 (Lates calcarifer)
LOC127143015,LOC127142214,0.0715414606895811,0.1047274777072532,0.6831202493920692,GCF_001640805.2,尖吻鲈 (Lates calcarifer)
LOC127143015,LOC127143014,0.1089602138352042,0.1038892006016712,1.0488117456305792,GCF_001640805.2,尖吻鲈 (Lates calcarifer)
LOC127143015,LOC127142163,0.1057022554733253,0.114351445233205,0.9243630918503848,GCF_001640805.2,尖吻鲈 (Lates calcarifer)
LOC108887803,LOC108887813,0.018462470726517,0.0549025530174712,0.3362770893485018,GCF_001640805.2,尖吻鲈 (Lates calcarifer)
LOC108887803,hamp,0.2196903218350275,0.6024680697437776,0.3646505646821401,GCF_001640805.2,尖吻鲈 (Lates calcarifer)
LOC108887824,LOC108887813,0.0278239017073616,0.0552396821810739,0.5036940946936614,GCF_001640805.2,尖吻鲈 (Lates calcarifer)
LOC108887824,hamp,0.2256067994142014,0.6081976621622458,0.3709432203539406,GCF_001640805.2,尖吻鲈 (Lates calcarifer)
LOC108890197,ccl36.1,0.0047169966806729,0.0167604740189974,0.2814357562516694,GCF_001640805.2,尖吻鲈 (Lates calcarifer)
LOC108891818,LOC108873844,0.0,0.0163049899773044,0.0,GCF_001640805.2,尖吻鲈 (Lates calcarifer)
LOC108896149,LOC108879434,0.0,0.0156255651771315,0.0,GCF_001640805.2,尖吻鲈 (Lates calcarifer)
LOC108894812,LOC127139221,0.0392246245521366,0.0727843418621031,0.538915700116537,GCF_001640805.2,尖吻鲈 (Lates calcarifer)
LOC127139669,LOC108889674,0.3391321435003488,0.280640128615056,1.2084235607143845,GCF_001640805.2,尖吻鲈 (Lates calcarifer)
LOC108885750,LOC108900143,0.0,0.0750625939177369,0.0,GCF_001640805.2,尖吻鲈 (Lates calcarifer)
LOC108880891,LOC127142214,0.0573693987427306,0.0813805660620142,0.7049520729434787,GCF_001640805.2,尖吻鲈 (Lates calcarifer)
LOC108880891,LOC108880999,0.0713762594186989,0.109986258303594,0.6489561561561604,GCF_001640805.2,尖吻鲈 (Lates calcarifer)
LOC108880891,LOC127143015,0.0795624730922524,0.102274108086906,0.777933678235016,GCF_001640805.2,尖吻鲈 (Lates calcarifer)
LOC108880891,LOC127143013,0.1055939747010953,0.1612299149280733,0.6549279316323035,GCF_001640805.2,尖吻鲈 (Lates calcarifer)
LOC108899282,LOC108900086,0.0049751426217254,0.0179649307668696,0.2769363648704078,GCF_001640805.2,尖吻鲈 (Lates calcarifer)
LOC108901784,LOC108900086,0.0099835084786795,0.0179649307668696,0.5557220680800412,GCF_001640805.2,尖吻鲈 (Lates calcarifer)
LOC108877587,LOC108875876,0.1188982355892457,0.5716050390351723,0.20800767570198,GCF_001640805.2,尖吻鲈 (Lates calcarifer)
LOC108877587,LOC108875877,0.120133245599331,0.6056681488032669,0.1983482965658687,GCF_001640805.2,尖吻鲈 (Lates calcarifer)
LOC108885940,LOC108885939,0.0529320130545864,0.0552396821810739,0.9582244315069908,GCF_001640805.2,尖吻鲈 (Lates calcarifer)
LOC108874402,LOC108890803,0.0140849209886972,0.0295120040914107,0.4772607426141075,GCF_001640805.2,尖吻鲈 (Lates calcarifer)
LOC108894331,LOC108894405,0.0,0.2229386426009486,0.0,GCF_001640805.2,尖吻鲈 (Lates calcarifer)
LOC108894331,LOC108894404,0.0,0.2229386426009486,0.0,GCF_001640805.2,尖吻鲈 (Lates calcarifer)
LOC108894331,LOC108894333,0.0,0.2523541774659095,0.0,GCF_001640805.2,尖吻鲈 (Lates calcarifer)
LOC108894331,LOC108894332,0.0,0.2229386426009486,0.0,GCF_001640805.2,尖吻鲈 (Lates calcarifer)
snrpg,LOC108887621,0.0,0.0209803890318046,0.0,GCF_001640805.2,尖吻鲈 (Lates calcarifer)
LOC108875877,LOC108875876,0.023325495112671,0.2834831434819503,0.0822817710646564,GCF_001640805.2,尖吻鲈 (Lates calcarifer)
LOC108892980,LOC108899381,0.0,0.0217406526549392,0.0,GCF_001640805.2,尖吻鲈 (Lates calcarifer)
LOC108894405,LOC108894404,0.0,0.0441303750172001,0.0,GCF_001640805.2,尖吻鲈 (Lates calcarifer)
LOC108894405,LOC108894333,0.0,0.0217406526549392,0.0,GCF_001640805.2,尖吻鲈 (Lates calcarifer)
LOC108894404,LOC108894333,0.0,0.0217406526549392,0.0,GCF_001640805.2,尖吻鲈 (Lates calcarifer)
LOC108894404,LOC108894332,0.0,0.0441303750172001,0.0,GCF_001640805.2,尖吻鲈 (Lates calcarifer)
LOC108894333,LOC108894332,0.0,0.0217406526549392,0.0,GCF_001640805.2,尖吻鲈 (Lates calcarifer)
LOC108885880,si_ch211-286b5.5,0.0,0.0202715042909394,0.0,GCF_001640805.2,尖吻鲈 (Lates calcarifer)
zgc_85858,serp1,0.2733501882431844,0.7273974794428516,0.3757920476333742,GCF_001640805.2,尖吻鲈 (Lates calcarifer)
cops9,LOC108900051,0.0760307107424934,0.0646094630349007,1.1767736051516668,GCF_001640805.2,尖吻鲈 (Lates calcarifer)
LOC724687,LOC100578674,0.3631742415043253,0.4938161018895878,0.7354443083460396,GCF_003254395.2,西方蜜蜂 (Apis mellifera)
LOC100577430,LOC100577849,0.1192428176745287,0.1482584709688027,0.8042900813378843,GCF_003254395.2,西方蜜蜂 (Apis mellifera)
LOC410733,LOC408603,0.158441590943345,0.3657953593695984,0.4331427036592233,GCF_003254395.2,西方蜜蜂 (Apis mellifera)
Mrjp5,Mrjp6,0.129581841533025,0.3565537202242308,0.3634286621705506,GCF_003254395.2,西方蜜蜂 (Apis mellifera)
Mrjp5,Mrjp7,0.1829901516602412,0.3317123099694627,0.5516531830762843,GCF_003254395.2,西方蜜蜂 (Apis mellifera)
Mrjp5,Mrjp2,0.1839935386618046,0.4339880286733623,0.4239599401491462,GCF_003254395.2,西方蜜蜂 (Apis mellifera)
Mrjp5,Mrjp1,0.2402430003989392,0.7411413532902996,0.3241527400034819,GCF_003254395.2,西方蜜蜂 (Apis mellifera)
Mrjp3,Mrjp6,0.1681459346170329,0.3876146313389647,0.4337966656113949,GCF_003254395.2,西方蜜蜂 (Apis mellifera)
Mrjp3,Mrjp2,0.1756986262160965,0.4141467898495621,0.4242423955040642,GCF_003254395.2,西方蜜蜂 (Apis mellifera)
Mrjp3,Mrjp7,0.2273503127920889,0.4690388088443443,0.484715355115823,GCF_003254395.2,西方蜜蜂 (Apis mellifera)
Mrjp3,Mrjp1,0.2455417270550023,0.5734660821737102,0.428171315946502,GCF_003254395.2,西方蜜蜂 (Apis mellifera)
LOC552695,LOC408321,0.2253444489512885,0.6937448369601893,0.3248232447230739,GCF_003254395.2,西方蜜蜂 (Apis mellifera)
LOC551039,LOC102655391,0.1914203576478081,0.4650967869769294,0.4115710170608065,GCF_003254395.2,西方蜜蜂 (Apis mellifera)
LOC551197,LOC112935903,0.1949948206314097,0.6855076718815712,0.2844531558577468,GCF_003254395.2,西方蜜蜂 (Apis mellifera)
LOC551197,LOC102653899,0.2047021794841235,0.6856460794961285,0.2985537081092278,GCF_003254395.2,西方蜜蜂 (Apis mellifera)
LOC412209,LOC113219203,0.1181000257245713,0.7054468283750971,0.1674116616224628,GCF_003254395.2,西方蜜蜂 (Apis mellifera)
LOC413083,LOC112935903,0.1200198708930122,0.4411643931453138,0.2720524882738649,GCF_003254395.2,西方蜜蜂 (Apis mellifera)
LOC413083,LOC102653899,0.1248328510283042,0.4712540380936921,0.2648950267530348,GCF_003254395.2,西方蜜蜂 (Apis mellifera)
LOC102653899,LOC112935903,0.0151903926783732,0.0476891600143497,0.3185292564138782,GCF_003254395.2,西方蜜蜂 (Apis mellifera)
LOC113219211,LOC725003,0.1488988835376733,0.1355025215666114,1.0988643002077008,GCF_003254395.2,西方蜜蜂 (Apis mellifera)
LOC112939925,LOC726690,0.0524325487046115,0.1370753177457916,0.3825090436912099,GCF_003254395.2,西方蜜蜂 (Apis mellifera)
LOC100576773,LOC409260,0.1619648139634323,0.5024804626862331,0.3223305700237125,GCF_003254395.2,西方蜜蜂 (Apis mellifera)
LOC409557,LOC100576828,0.1217474933346952,0.4048345107945653,0.3007339791653198,GCF_003254395.2,西方蜜蜂 (Apis mellifera)
LOC409058,LOC552523,0.1540323777470068,0.3811768679042814,0.4040968660923211,GCF_003254395.2,西方蜜蜂 (Apis mellifera)
Or57,Or55,0.0770742664420728,0.359370531841516,0.2144701905499111,GCF_003254395.2,西方蜜蜂 (Apis mellifera)
Or57,Or56,0.0813227676765861,0.438853242547906,0.185307432626999,GCF_003254395.2,西方蜜蜂 (Apis mellifera)
LOC100577856,LOC552069,0.0851369997860876,0.1769011364774683,0.4812688119554928,GCF_003254395.2,西方蜜蜂 (Apis mellifera)
Mrjp4,Mrjp6,0.2243046500983644,0.6187409667799185,0.3625178582657965,GCF_003254395.2,西方蜜蜂 (Apis mellifera)
Mrjp4,Mrjp7,0.2606361557263025,0.5443697867881432,0.4787851237374722,GCF_003254395.2,西方蜜蜂 (Apis mellifera)
Mrjp4,Mrjp2,0.2464673241491,0.6198994520245804,0.3975924213905049,GCF_003254395.2,西方蜜蜂 (Apis mellifera)
LOC726578,LOC726545,0.1329183700453631,0.6389555934940064,0.2080244251693993,GCF_003254395.2,西方蜜蜂 (Apis mellifera)
LOC726578,LOC726560,0.1459875109847296,0.6321307713730362,0.2309451107207352,GCF_003254395.2,西方蜜蜂 (Apis mellifera)
LOC726834,LOC102654216,0.2002937550033427,0.4549131205801082,0.4402901256132749,GCF_003254395.2,西方蜜蜂 (Apis mellifera)
Mrjp2,Mrjp7,0.1783632149212637,0.3285064918804765,0.5429518725802205,GCF_003254395.2,西方蜜蜂 (Apis mellifera)
Mrjp2,Mrjp6,0.1870762402319261,0.4836809750954026,0.3867760980159012,GCF_003254395.2,西方蜜蜂 (Apis mellifera)
Mrjp2,Mrjp1,0.2319909356664471,0.6657423203085343,0.3484695633573848,GCF_003254395.2,西方蜜蜂 (Apis mellifera)
LOC100577334,LOC113218602,0.1001605898554106,0.4608145481007876,0.2173555289610864,GCF_003254395.2,西方蜜蜂 (Apis mellifera)
LOC102653637,LOC102655435,0.1286498134002591,0.5509520589519666,0.2335045514576706,GCF_003254395.2,西方蜜蜂 (Apis mellifera)
LOC102653637,LOC102653703,0.1280407587548915,0.4699311737237631,0.2724670460575935,GCF_003254395.2,西方蜜蜂 (Apis mellifera)
LOC726545,LOC726560,0.1068638669235281,0.350324584736649,0.3050424422935129,GCF_003254395.2,西方蜜蜂 (Apis mellifera)
Mrjp7,Mrjp6,0.1830480408917906,0.426072387914345,0.429617234263464,GCF_003254395.2,西方蜜蜂 (Apis mellifera)
Mrjp7,Mrjp1,0.228659869540609,0.6576315800204449,0.3477020819673841,GCF_003254395.2,西方蜜蜂 (Apis mellifera)
Or131,LOC102653897,0.0980027941809657,0.1917119342830034,0.5111981919513415,GCF_003254395.2,西方蜜蜂 (Apis mellifera)
Or131,LOC102653695,0.1688938338392974,0.3824011708572468,0.4416666231975183,GCF_003254395.2,西方蜜蜂 (Apis mellifera)
Or131,LOC102653652,0.1561312017152164,0.3477665762902953,0.4489540178952885,GCF_003254395.2,西方蜜蜂 (Apis mellifera)
Or131,LOC102653814,0.218592727532485,0.553442971061938,0.3949688386376153,GCF_003254395.2,西方蜜蜂 (Apis mellifera)
Mrjp1,Mrjp6,0.2251884230753952,0.6986686530037047,0.3223107579068689,GCF_003254395.2,西方蜜蜂 (Apis mellifera)
LOC102655663,LOC102654049,0.2652578010691711,0.6199083330134081,0.4278984277880868,GCF_003254395.2,西方蜜蜂 (Apis mellifera)
LOC102653858,LOC102653814,0.2265004491639084,0.6037896978748223,0.3751313577577246,GCF_003254395.2,西方蜜蜂 (Apis mellifera)
LOC102653858,LOC102653897,0.2562440975126746,0.522807344024875,0.4901310213815256,GCF_003254395.2,西方蜜蜂 (Apis mellifera)
LOC102653858,Or131,0.2864626483695906,0.5685460804009079,0.5038512413410583,GCF_003254395.2,西方蜜蜂 (Apis mellifera)
LOC102653858,LOC102653738,0.2157293426868026,0.5942583267262201,0.3630228353303175,GCF_003254395.2,西方蜜蜂 (Apis mellifera)
Or37,LOC100577226,0.0478767722840829,0.1500399046864435,0.3190935930287135,GCF_003254395.2,西方蜜蜂 (Apis mellifera)
Or37,LOC107963966,0.0864816988457902,0.2537508259142078,0.3408134674408089,GCF_003254395.2,西方蜜蜂 (Apis mellifera)
Or37,LOC100577101,0.105404027833449,0.3320269083401683,0.3174562819633295,GCF_003254395.2,西方蜜蜂 (Apis mellifera)
Or37,LOC113218533,0.1372082794752067,0.5516936060073547,0.2487037695944905,GCF_003254395.2,西方蜜蜂 (Apis mellifera)
LOC100577226,LOC107963966,0.0880446699370936,0.2029666799143729,0.4337887872740377,GCF_003254395.2,西方蜜蜂 (Apis mellifera)
LOC100577226,LOC113218533,0.1226372402739869,0.4515247856402389,0.2716068844373484,GCF_003254395.2,西方蜜蜂 (Apis mellifera)
LOC100577226,LOC100576816,0.1449267535797198,0.4723731783231875,0.3068056363703277,GCF_003254395.2,西方蜜蜂 (Apis mellifera)
LOC100576816,LOC113218533,0.0968198237779145,0.485061592375487,0.1996031541144287,GCF_003254395.2,西方蜜蜂 (Apis mellifera)
LOC100576816,Or37,0.1474392094079189,0.5152571267780524,0.2861468609466289,GCF_003254395.2,西方蜜蜂 (Apis mellifera)
LOC100576816,LOC100577068,0.1393001471764531,0.6083230907100751,0.2289903988583645,GCF_003254395.2,西方蜜蜂 (Apis mellifera)
LOC107965814,LOC727618,0.0829653398536103,0.1418951041526497,0.5846948726599955,GCF_003254395.2,西方蜜蜂 (Apis mellifera)
LOC107965814,LOC102654683,0.1304241889111003,0.3051241217397722,0.4274463394353783,GCF_003254395.2,西方蜜蜂 (Apis mellifera)
LOC107965814,LOC551910,0.1162335112709406,0.2237792927917063,0.5194113799400142,GCF_003254395.2,西方蜜蜂 (Apis mellifera)
LOC107965814,LOC726969,0.0303135346006564,0.0668823341902891,0.4532367921611465,GCF_003254395.2,西方蜜蜂 (Apis mellifera)
LOC551910,LOC102654683,0.1464709522440117,0.2417181346237889,0.6059576476211838,GCF_003254395.2,西方蜜蜂 (Apis mellifera)
LOC551910,LOC727618,0.1255290666230064,0.2264823686709163,0.5542553593008506,GCF_003254395.2,西方蜜蜂 (Apis mellifera)
LOC551910,LOC551189,0.1798605114113701,0.3508981511422402,0.51257184121914,GCF_003254395.2,西方蜜蜂 (Apis mellifera)
Mrjp8,Mrjp7,0.2710598936459316,0.7395291742871112,0.3665303588695158,GCF_003254395.2,西方蜜蜂 (Apis mellifera)
LOC102655434,LOC102655367,0.0138916679348337,0.0685408136920714,0.2026773127795631,GCF_003254395.2,西方蜜蜂 (Apis mellifera)
LOC102655434,Or5,0.0901500881525964,0.6052036462100927,0.1489582700255269,GCF_003254395.2,西方蜜蜂 (Apis mellifera)
LOC102655434,Or4,0.0827252783502838,0.4827917229243159,0.1713477560245002,GCF_003254395.2,西方蜜蜂 (Apis mellifera)
LOC102655367,Or5,0.0972782817721247,0.5928871977052742,0.1640755309755937,GCF_003254395.2,西方蜜蜂 (Apis mellifera)
LOC102655367,Or4,0.0885883900134586,0.4946354559010559,0.1790983419336186,GCF_003254395.2,西方蜜蜂 (Apis mellifera)
LOC102654683,LOC551189,0.1466710198724029,0.3000556946049652,0.488812652149465,GCF_003254395.2,西方蜜蜂 (Apis mellifera)
LOC102654683,LOC727618,0.1634476794249813,0.3286652111226018,0.497307515044574,GCF_003254395.2,西方蜜蜂 (Apis mellifera)
LOC100577787,LOC725205,0.1229425900555539,0.6518796066728125,0.1885970795789299,GCF_003254395.2,西方蜜蜂 (Apis mellifera)
LOC102653897,LOC102653814,0.1824382880778066,0.5351516062507241,0.3409095403001228,GCF_003254395.2,西方蜜蜂 (Apis mellifera)
LOC102653897,LOC102653652,0.1233153534225057,0.2435887195865765,0.5062441053584048,GCF_003254395.2,西方蜜蜂 (Apis mellifera)
LOC102653897,LOC102653695,0.1428215625449665,0.3135806261425052,0.45545403841391,GCF_003254395.2,西方蜜蜂 (Apis mellifera)
LOC551189,LOC107965814,0.187080921664432,0.3854990928948367,0.4852953615521666,GCF_003254395.2,西方蜜蜂 (Apis mellifera)
LOC551189,LOC727618,0.1885586614962713,0.3934642094237437,0.479226971552073,GCF_003254395.2,西方蜜蜂 (Apis mellifera)
Csd,Fem,0.144779225167756,0.1634642179639115,0.8856936825141718,GCF_003254395.2,西方蜜蜂 (Apis mellifera)
Or53,LOC102656907,0.0581584191107042,0.490600476430951,0.1185453783775314,GCF_003254395.2,西方蜜蜂 (Apis mellifera)
LOC102655857,LOC725861,0.0244473794265308,0.1727480819852361,0.1415204102157282,GCF_003254395.2,西方蜜蜂 (Apis mellifera)
LOC727618,LOC726969,0.0592201122285569,0.1403181828455998,0.4220416130511056,GCF_003254395.2,西方蜜蜂 (Apis mellifera)
LOC100576212,LOC100576282,0.1042404372971589,0.474264902258542,0.2197936992612054,GCF_003254395.2,西方蜜蜂 (Apis mellifera)
LOC102655435,LOC102653703,0.1318504860567758,0.6946361844852853,0.1898122916739142,GCF_003254395.2,西方蜜蜂 (Apis mellifera)
LOC552829,LOC412515,0.1396901770841775,0.4740942104496239,0.2946464521296251,GCF_003254395.2,西方蜜蜂 (Apis mellifera)
LOC552829,LOC551805,0.2747795575607789,0.6873801935392585,0.3997490182921387,GCF_003254395.2,西方蜜蜂 (Apis mellifera)
LOC412515,LOC551805,0.2916331701540935,0.6571915622237715,0.4437567170936888,GCF_003254395.2,西方蜜蜂 (Apis mellifera)
Or56,Or55,0.0992458558113673,0.4440640767204963,0.2234944482434117,GCF_003254395.2,西方蜜蜂 (Apis mellifera)
LOC102653814,LOC102653615,0.1496761196385385,0.5716050390351717,0.2618523445685173,GCF_003254395.2,西方蜜蜂 (Apis mellifera)
LOC102653814,LOC102653778,0.1480997527988957,0.432121638037373,0.3427270003685558,GCF_003254395.2,西方蜜蜂 (Apis mellifera)
LOC102653814,LOC102653738,0.1601484876029436,0.5838650867194211,0.2742902277352708,GCF_003254395.2,西方蜜蜂 (Apis mellifera)
LOC100576246,LOC100576282,0.1337834026661168,0.5142225078875547,0.260166368865696,GCF_003254395.2,西方蜜蜂 (Apis mellifera)
LOC100576984,LOC100577068,0.0605625213547464,0.4052964734964855,0.1494277037060663,GCF_003254395.2,西方蜜蜂 (Apis mellifera)
LOC100576984,LOC113218533,0.0776507866703214,0.6874627072017008,0.1129527258087889,GCF_003254395.2,西方蜜蜂 (Apis mellifera)
LOC100576984,LOC100576914,0.0874794586356732,0.5072934501236287,0.1724435011221893,GCF_003254395.2,西方蜜蜂 (Apis mellifera)
LOC100576984,LOC100576944,0.0879322435197203,0.457974493403602,0.1920024909383496,GCF_003254395.2,西方蜜蜂 (Apis mellifera)
LOC100577101,LOC107963966,0.0804535994860282,0.3680003886024331,0.2186236807835162,GCF_003254395.2,西方蜜蜂 (Apis mellifera)
LOC100577101,LOC113218533,0.1126207126707972,0.5559079323775542,0.2025887851413298,GCF_003254395.2,西方蜜蜂 (Apis mellifera)
LOC100577101,LOC100577068,0.1092195731309008,0.5462614971457482,0.1999400904174652,GCF_003254395.2,西方蜜蜂 (Apis mellifera)
LOC107963966,LOC113218533,0.0887752613766081,0.3895866650920475,0.2278703798951467,GCF_003254395.2,西方蜜蜂 (Apis mellifera)
LOC113219372,LOC726688,0.0293579555013766,0.0234699724662926,1.2508730269513637,GCF_003254395.2,西方蜜蜂 (Apis mellifera)
LOC100576783,LOC100576881,0.1273096600369151,0.7178557459095727,0.1773471352181001,GCF_003254395.2,西方蜜蜂 (Apis mellifera)
LOC113218533,LOC100577068,0.0886945665435489,0.5247655696804155,0.1690175035636662,GCF_003254395.2,西方蜜蜂 (Apis mellifera)
LOC100576914,LOC100577068,0.08207890673628,0.4965424451174348,0.1653008872521824,GCF_003254395.2,西方蜜蜂 (Apis mellifera)
LOC100576914,LOC113218533,0.1087623383260189,0.5224965920005413,0.2081589430269552,GCF_003254395.2,西方蜜蜂 (Apis mellifera)
LOC100576914,LOC107963966,0.1178524731034567,0.569907405564906,0.2067923174057346,GCF_003254395.2,西方蜜蜂 (Apis mellifera)
LOC100576944,LOC100577068,0.0991119167981783,0.4758987582941212,0.2082626085292785,GCF_003254395.2,西方蜜蜂 (Apis mellifera)
LOC100576944,Or41,0.1110389069255716,0.299653641907797,0.3705575083907646,GCF_003254395.2,西方蜜蜂 (Apis mellifera)
LOC100576944,LOC113218533,0.116074193589818,0.6126399258895869,0.1894656039945028,GCF_003254395.2,西方蜜蜂 (Apis mellifera)
Or41,LOC100577068,0.0765655182907413,0.3362753472392799,0.2276869800873641,GCF_003254395.2,西方蜜蜂 (Apis mellifera)
Or41,LOC100576984,0.1034463137367642,0.5015371305542696,0.2062585348814381,GCF_003254395.2,西方蜜蜂 (Apis mellifera)
Or41,LOC100576914,0.1115565052898004,0.5730254940052246,0.1946798291818816,GCF_003254395.2,西方蜜蜂 (Apis mellifera)
LOC726172,LOC726899,0.1252651087050836,0.2312106674047724,0.5417791060902322,GCF_003254395.2,西方蜜蜂 (Apis mellifera)
LOC724250,LOC724208,0.0504904967352926,0.0812730531744301,0.6212452315151591,GCF_003254395.2,西方蜜蜂 (Apis mellifera)
LOC100579011,LOC100578724,0.1088069425733408,0.5480022149122757,0.1985520124052029,GCF_003254395.2,西方蜜蜂 (Apis mellifera)
LOC100579011,LOC102655559,0.1246405166989314,0.459665858726569,0.2711546100992319,GCF_003254395.2,西方蜜蜂 (Apis mellifera)
Or170,LOC102654878,0.1658002207956508,0.600502565469521,0.2761024354092725,GCF_003254395.2,西方蜜蜂 (Apis mellifera)
LOC100577634,LOC100577671,0.0745061412234204,0.601394223673481,0.1238890203639078,GCF_003254395.2,西方蜜蜂 (Apis mellifera)
Or12,LOC102655553,0.1266445017035584,0.5182492140162408,0.2443698866846513,GCF_003254395.2,西方蜜蜂 (Apis mellifera)
Or12,Or11,0.1272182491588976,0.4914576798784009,0.2588590114012963,GCF_003254395.2,西方蜜蜂 (Apis mellifera)
Or12,Or9,0.1408849732072366,0.5372915581004818,0.2622132640708436,GCF_003254395.2,西方蜜蜂 (Apis mellifera)
Or12,Or10,0.1489737176397783,0.418156216322323,0.3562633097984282,GCF_003254395.2,西方蜜蜂 (Apis mellifera)
Or9,LOC102655553,0.083271390022184,0.5156999309704479,0.1614725638327763,GCF_003254395.2,西方蜜蜂 (Apis mellifera)
Or9,Or11,0.1513216354918258,0.5010689056633475,0.3019976569719417,GCF_003254395.2,西方蜜蜂 (Apis mellifera)
Or9,Or10,0.1694636083097175,0.4269046276365116,0.3969589396299715,GCF_003254395.2,西方蜜蜂 (Apis mellifera)
LOC102655553,Or11,0.1251841201250701,0.543760880542102,0.2302190624678037,GCF_003254395.2,西方蜜蜂 (Apis mellifera)
LOC102655553,Or10,0.1467361070893142,0.5314106639151658,0.2761256351316636,GCF_003254395.2,西方蜜蜂 (Apis mellifera)
Or5,Or4,0.1078974658918521,0.5538153756377524,0.1948256957792145,GCF_003254395.2,西方蜜蜂 (Apis mellifera)
LOC410603,LOC107963999,0.1969259267999643,0.6047242851305694,0.325645805273795,GCF_003254395.2,西方蜜蜂 (Apis mellifera)
Or10,Or11,0.1350288380845396,0.4175947504022299,0.3233489835647574,GCF_003254395.2,西方蜜蜂 (Apis mellifera)
Or130,LOC102653814,0.225038424060804,0.6296845428404174,0.3573827984496613,GCF_003254395.2,西方蜜蜂 (Apis mellifera)
Or130,LOC102653897,0.25504823559975,0.6233125170078582,0.4091819571089002,GCF_003254395.2,西方蜜蜂 (Apis mellifera)
Or130,LOC102653615,0.2180586464867452,0.6684457378562387,0.3262174237000561,GCF_003254395.2,西方蜜蜂 (Apis mellifera)
Or130,Or131,0.2784728556101732,0.5760983125845112,0.483377315168446,GCF_003254395.2,西方蜜蜂 (Apis mellifera)
Or109,LOC102653865,0.0938844873475616,0.4589860451168809,0.2045475855886946,GCF_003254395.2,西方蜜蜂 (Apis mellifera)
Or109,LOC102653716,0.1262288661153144,0.6381555617609775,0.1978026576576224,GCF_003254395.2,西方蜜蜂 (Apis mellifera)
LOC102653716,LOC102653865,0.1300739752055981,0.5791108753526206,0.2246097953632731,GCF_003254395.2,西方蜜蜂 (Apis mellifera)
LOC102653782,LOC102656904,0.0773881771764231,0.1433971209205718,0.5396773427500592,GCF_003254395.2,西方蜜蜂 (Apis mellifera)
LOC102653782,LOC102656221,0.0982439542919508,0.1779603308060337,0.552055358893612,GCF_003254395.2,西方蜜蜂 (Apis mellifera)
LOC102653782,LOC102653577,0.0314341377129911,0.0900689791971461,0.3490007102688152,GCF_003254395.2,西方蜜蜂 (Apis mellifera)
LOC102656904,LOC102656221,0.0728894667182581,0.1327197102394266,0.549198507039877,GCF_003254395.2,西方蜜蜂 (Apis mellifera)
LOC102656904,LOC102653577,0.0675664357309103,0.1775367216448149,0.3805772411754096,GCF_003254395.2,西方蜜蜂 (Apis mellifera)
LOC102656221,LOC102653577,0.0840037937823711,0.2516174387033267,0.3338552137533561,GCF_003254395.2,西方蜜蜂 (Apis mellifera)
LOC724540,LOC113219414,0.0196648483761894,0.0173820062609423,1.1313336378422965,GCF_003254395.2,西方蜜蜂 (Apis mellifera)
LOC102653615,LOC102653778,0.1118202438085127,0.2685875589981368,0.4163269669884018,GCF_003254395.2,西方蜜蜂 (Apis mellifera)
LOC102653615,LOC102653738,0.126549393081663,0.4171081739200983,0.3033970585911005,GCF_003254395.2,西方蜜蜂 (Apis mellifera)
LOC102653615,LOC102653695,0.1400534143550612,0.3176625888368202,0.4408873417165442,GCF_003254395.2,西方蜜蜂 (Apis mellifera)
LOC102653615,LOC102653652,0.1227220678363517,0.2949523762607592,0.416074179134114,GCF_003254395.2,西方蜜蜂 (Apis mellifera)
LOC102655285,LOC102654782,0.1007097117224062,0.550838240025885,0.1828299206635938,GCF_003254395.2,西方蜜蜂 (Apis mellifera)
LOC102653695,LOC102653652,0.0678977078211019,0.1614243117643811,0.4206163686186692,GCF_003254395.2,西方蜜蜂 (Apis mellifera)
LOC102653695,LOC102653738,0.1678640048271638,0.4254502010032062,0.3945561770363314,GCF_003254395.2,西方蜜蜂 (Apis mellifera)
LOC725404,LOC551176,0.007498620434514,0.2072121553860351,0.0361881300860181,GCF_003254395.2,西方蜜蜂 (Apis mellifera)
LOC725404,LOC551369,0.0075029482983891,0.2434691907325984,0.030816828510469,GCF_003254395.2,西方蜜蜂 (Apis mellifera)
LOC551176,LOC551369,0.0,0.0481770942987576,0.0,GCF_003254395.2,西方蜜蜂 (Apis mellifera)
LOC102655559,LOC100578724,0.1216343532404564,0.4929657692266765,0.2467399580933706,GCF_003254395.2,西方蜜蜂 (Apis mellifera)
LOC100578842,LOC113218543,0.0959991562910977,0.3995389510321705,0.2402748368916049,GCF_003254395.2,西方蜜蜂 (Apis mellifera)
LOC724226,LOC100576797,0.1589951907185649,0.427047599842895,0.3723125730645883,GCF_003254395.2,西方蜜蜂 (Apis mellifera)
LOC102653778,LOC102653738,0.1307008664901434,0.359141661405088,0.3639256609183014,GCF_003254395.2,西方蜜蜂 (Apis mellifera)
LOC102653778,LOC102653652,0.1698753539136272,0.3189450367791021,0.5326163894228618,GCF_003254395.2,西方蜜蜂 (Apis mellifera)
LOC102653738,LOC102653652,0.1297692171368503,0.402191340488114,0.322655423111193,GCF_003254395.2,西方蜜蜂 (Apis mellifera)
LOC727510,LOC107965795,0.2096918260585062,0.7237353746077969,0.2897354936839192,GCF_003254395.2,西方蜜蜂 (Apis mellifera)
LOC725215,LOC726737,0.0812751618449037,0.1733924325772158,0.4687353458099155,GCF_003254395.2,西方蜜蜂 (Apis mellifera)
LOC727166,LOC727333,0.1081402062702939,0.686196945956874,0.1575935406117216,GCF_003254395.2,西方蜜蜂 (Apis mellifera)
LOC727166,LOC113218558,0.1081402062702939,0.686196945956874,0.1575935406117216,GCF_003254395.2,西方蜜蜂 (Apis mellifera)
LOC107966034,LOC113219362,0.1559788172539195,0.4832922077875821,0.3227422555972095,GCF_003254395.2,西方蜜蜂 (Apis mellifera)
LOC726969,LOC551910,0.1023338156781487,0.2281032078081377,0.4486294456859361,GCF_003254395.2,西方蜜蜂 (Apis mellifera)
LOC726969,LOC102654683,0.1373607463171952,0.3714805865778774,0.3697656116637979,GCF_003254395.2,西方蜜蜂 (Apis mellifera)
LOC725816,LOC550789,0.3566301473868026,0.7203876442789583,0.4950531151096526,GCF_003254395.2,西方蜜蜂 (Apis mellifera)
LOC107965279,LOC551268,0.199597883863957,0.6920412166533325,0.2884190696461689,GCF_003254395.2,西方蜜蜂 (Apis mellifera)
LOC107965279,LOC727193,0.1851963422532391,0.5323755745087191,0.347867842028891,GCF_003254395.2,西方蜜蜂 (Apis mellifera)
LOC727193,LOC551268,0.219339285897794,0.5040523379486429,0.4351518074302477,GCF_003254395.2,西方蜜蜂 (Apis mellifera)
LOC409695,LOC409257,0.1636457221679165,0.475783807908968,0.3439497508062044,GCF_003254395.2,西方蜜蜂 (Apis mellifera)
LOC409257,LOC100576498,0.0786014424720127,0.5394912539542404,0.1456954897709605,GCF_003254395.2,西方蜜蜂 (Apis mellifera)
LOC725842,LOC113219003,0.126138021214661,0.3433748202191097,0.3673479060991471,GCF_003254395.2,西方蜜蜂 (Apis mellifera)
LOC102653979,LOC102654216,0.1775716638411105,0.5831417988646296,0.3045085503848987,GCF_003254395.2,西方蜜蜂 (Apis mellifera)
LOC551178,LOC412666,0.2663449976253438,0.4840433031183929,0.5502503513827111,GCF_003254395.2,西方蜜蜂 (Apis mellifera)
LOC724995,LOC552139,0.235329128435638,0.5061942793010893,0.4648988304659641,GCF_003254395.2,西方蜜蜂 (Apis mellifera)
LOC724995,LOC724951,0.3352408635486885,0.6392474197224342,0.5244305306609647,GCF_003254395.2,西方蜜蜂 (Apis mellifera)
LOC100577607,DHRS4,0.1648762580516141,0.2606804798905423,0.6324840974699925,GCF_003254395.2,西方蜜蜂 (Apis mellifera)
LOC724907,LOC724951,0.2611449452107521,0.6405461234552474,0.407691086790251,GCF_003254395.2,西方蜜蜂 (Apis mellifera)
LOC552139,LOC724951,0.3244286178701354,0.5783315415222428,0.5609734115766843,GCF_003254395.2,西方蜜蜂 (Apis mellifera)
LOC100576498,LOC102655287,0.1085802697239397,0.6936935103819825,0.1565248457696397,GCF_003254395.2,西方蜜蜂 (Apis mellifera)
LOC726859,LOC551910,0.0256366748246871,0.0407801460981609,0.628655786641316,GCF_003254395.2,西方蜜蜂 (Apis mellifera)
LOC726859,LOC726969,0.116107504514849,0.2436293914404213,0.4765742910918146,GCF_003254395.2,西方蜜蜂 (Apis mellifera)
LOC726859,LOC107965814,0.1213556121834917,0.2838601502655386,0.4275190162126278,GCF_003254395.2,西方蜜蜂 (Apis mellifera)
LOC726859,LOC551189,0.1682505797892885,0.2953174641324482,0.5697278360545216,GCF_003254395.2,西方蜜蜂 (Apis mellifera)
LOC113218867,LOC113218863,0.1111078456591713,0.1854207430685468,0.5992201509951706,GCF_003254395.2,西方蜜蜂 (Apis mellifera)
LOC113219370,LOC113219366,0.0866464258042752,0.1060587405373715,0.8169663845267324,GCF_003254395.2,西方蜜蜂 (Apis mellifera)
LOC113219414,LOC113218760,0.0060310491562452,0.0176478730576456,0.3417436841564534,GCF_003254395.2,西方蜜蜂 (Apis mellifera)
LOC551768,LOC413613,0.0946897464947639,0.337416789829977,0.2806314011299727,GCF_003254395.2,西方蜜蜂 (Apis mellifera)
LOC107963975,LOC102654405,0.0615424451720463,0.160610991304224,0.3831770458067506,GCF_003254395.2,西方蜜蜂 (Apis mellifera)
LOC725736,LOC551671,0.2906523938417333,0.7212152495952429,0.403003671934075,GCF_003254395.2,西方蜜蜂 (Apis mellifera)
LOC102653577,LOC113218546,0.0390331983193228,0.06015246431623,0.6489043925801571,GCF_003254395.2,西方蜜蜂 (Apis mellifera)
LOC100577044,LOC107965922,0.1495911198654292,0.2307014034214173,0.6484187683599578,GCF_003254395.2,西方蜜蜂 (Apis mellifera)
A4,LOC726446,0.1536129666556362,0.1405371655763336,1.0930415881498643,GCF_003254395.2,西方蜜蜂 (Apis mellifera)
LOC413835,LOC727349,0.022020754971536,0.2611729452473845,0.0843148395431152,GCF_003254395.2,西方蜜蜂 (Apis mellifera)
LOC102656403,LOC727429,0.1135761511985372,0.1190412310898109,0.954090865482141,GCF_003254395.2,西方蜜蜂 (Apis mellifera)
LOC102656403,LOC113219083,0.1718234391675235,0.1677335091462413,1.0243835000060495,GCF_003254395.2,西方蜜蜂 (Apis mellifera)
LOC102656403,LOC102654800,0.1417641306837501,0.1651485308133397,0.8584038258504406,GCF_003254395.2,西方蜜蜂 (Apis mellifera)
LOC727429,LOC113219083,0.1126757702098548,0.1649528010758487,0.6830788533141925,GCF_003254395.2,西方蜜蜂 (Apis mellifera)
LOC727429,LOC102654800,0.1037470971143818,0.1190412310898108,0.8715223806456582,GCF_003254395.2,西方蜜蜂 (Apis mellifera)
LOC727429,LOC107965922,0.4865127906898585,0.6238413347525544,0.7798662313436364,GCF_003254395.2,西方蜜蜂 (Apis mellifera)
LOC107965922,LOC113219083,0.1163904134124501,0.185595644223687,0.6271182381423347,GCF_003254395.2,西方蜜蜂 (Apis mellifera)
LOC102656321,LOC113219367,0.0391180454222825,0.1345882032299961,0.2906498822592512,GCF_003254395.2,西方蜜蜂 (Apis mellifera)
LOC102656321,LOC102654906,0.3452160580947296,0.337508384371587,1.0228369844426048,GCF_003254395.2,西方蜜蜂 (Apis mellifera)
LOC102653572,LOC113219371,0.616844881710314,0.6691566489122975,0.9218243332304696,GCF_003254395.2,西方蜜蜂 (Apis mellifera)
LOC102653572,LOC113219204,0.405891912692773,0.3630076026776861,1.1181361208381186,GCF_003254395.2,西方蜜蜂 (Apis mellifera)
LOC102655287,LOC409257,0.1292854183031129,0.6105748432332064,0.2117437685747117,GCF_003254395.2,西方蜜蜂 (Apis mellifera)
LOC102654906,LOC113219367,0.3732770141036367,0.3848756589083038,0.969863916991876,GCF_003254395.2,西方蜜蜂 (Apis mellifera)
LOC113219371,LOC113219204,0.5328711395335874,0.4991653396719688,1.067524319464506,GCF_003254395.2,西方蜜蜂 (Apis mellifera)
LOC102654800,LOC113219083,0.1249579692568908,0.1681296656124928,0.7432238017108496,GCF_003254395.2,西方蜜蜂 (Apis mellifera)
LOC725414,LOC725272,0.0,0.0864264476831885,0.0,GCF_003254395.2,西方蜜蜂 (Apis mellifera)
Obp21,Obp18,0.1024693302294529,0.1197226091939128,0.8558895510160903,GCF_003254395.2,西方蜜蜂 (Apis mellifera)
Obp21,Obp19,0.312186200843718,0.406065558258145,0.7688073871196291,GCF_003254395.2,西方蜜蜂 (Apis mellifera)
Obp21,Obp15,0.3094751981900826,0.5145600100026395,0.6014365519553203,GCF_003254395.2,西方蜜蜂 (Apis mellifera)
Obp21,Obp16,0.3654921835993184,0.5459917168415858,0.669409759022704,GCF_003254395.2,西方蜜蜂 (Apis mellifera)
Obp19,Obp18,0.3048676676425572,0.3747973571332022,0.8134200037440709,GCF_003254395.2,西方蜜蜂 (Apis mellifera)
Obp19,Obp14,0.3386237549356042,0.6751843062681067,0.5015278817827576,GCF_003254395.2,西方蜜蜂 (Apis mellifera)
Obp18,Obp15,0.2968413260162078,0.457408217037233,0.648963693610351,GCF_003254395.2,西方蜜蜂 (Apis mellifera)
Obp17,Obp16,0.2018671847260745,0.1907448590631733,1.058309962939644,GCF_003254395.2,西方蜜蜂 (Apis mellifera)
Obp17,Obp15,0.2584954605004281,0.406999672216237,0.6351244930808955,GCF_003254395.2,西方蜜蜂 (Apis mellifera)
Obp16,Obp15,0.2430985471546957,0.3162942217349582,0.7685835859448691,GCF_003254395.2,西方蜜蜂 (Apis mellifera)
LOC113219413,LOC414039,0.1477629350414923,0.0973587086414929,1.5177166696572004,GCF_003254395.2,西方蜜蜂 (Apis mellifera)
LOC727119,LOC102656085,0.3309834299109753,0.2412102267614346,1.3721782627331531,GCF_003254395.2,西方蜜蜂 (Apis mellifera)
LOC113218609,LOC113218652,0.0293333475874693,0.0520439950679998,0.5636259773897611,GCF_003254395.2,西方蜜蜂 (Apis mellifera)
LOC107965941,LOC107965807,0.0930060334816707,0.2176156961978775,0.4273866044896897,GCF_003254395.2,西方蜜蜂 (Apis mellifera)
LOC107996242,LOC107995199,0.2406992166083459,0.2939111238095366,0.8189523876759642,GCF_029169275.1,东方蜜蜂 (Apis cerana)
LOC108003982,LOC108004037,0.3522352216429842,0.5664592212502145,0.6218192032704082,GCF_029169275.1,东方蜜蜂 (Apis cerana)
LOC107992669,LOC133667087,0.1491612885956509,0.6341350054638886,0.2352200829640922,GCF_029169275.1,东方蜜蜂 (Apis cerana)
LOC107992669,LOC107992651,0.1530098811098396,0.7321249040179504,0.2089942307249913,GCF_029169275.1,东方蜜蜂 (Apis cerana)
LOC107994845,LOC107993134,0.1562227823979115,0.6180017233377608,0.2527869688682567,GCF_029169275.1,东方蜜蜂 (Apis cerana)
LOC133667616,LOC133667619,0.0005878895068795,0.0020761258932097,0.2831665983273469,GCF_029169275.1,东方蜜蜂 (Apis cerana)
LOC108004390,LOC108004475,0.1274600061138981,0.1689439983006495,0.7544512228666019,GCF_029169275.1,东方蜜蜂 (Apis cerana)
LOC107994785,LOC107993950,0.1340014385214469,0.2223317734656759,0.6027093493325388,GCF_029169275.1,东方蜜蜂 (Apis cerana)
LOC107994782,LOC107994783,0.1734352302469716,0.5217851517900673,0.3323882054749438,GCF_029169275.1,东方蜜蜂 (Apis cerana)
LOC107997171,LOC107997174,0.1377300886089952,0.4025635707921571,0.3421325191893855,GCF_029169275.1,东方蜜蜂 (Apis cerana)
LOC107997171,LOC107997178,0.4115393975334056,0.552216797027979,0.745249691331925,GCF_029169275.1,东方蜜蜂 (Apis cerana)
LOC107997171,LOC133665627,0.2310542767344,0.531860641429789,0.4344263491903858,GCF_029169275.1,东方蜜蜂 (Apis cerana)
LOC133667551,LOC133667548,0.0074143704065173,0.0181429330732589,0.4086643750808671,GCF_029169275.1,东方蜜蜂 (Apis cerana)
LOC107997178,LOC107997174,0.1257371184490256,0.3949552822037913,0.3183578600276754,GCF_029169275.1,东方蜜蜂 (Apis cerana)
LOC107997178,LOC107997172,0.3505236498775624,0.6609248400880712,0.5303532695651954,GCF_029169275.1,东方蜜蜂 (Apis cerana)
LOC107997008,LOC107997010,0.2242357227020298,0.7065544802925625,0.3173650850096948,GCF_029169275.1,东方蜜蜂 (Apis cerana)
LOC133667560,LOC133667562,0.0034388941177761,0.0057499083736689,0.5980780726044531,GCF_029169275.1,东方蜜蜂 (Apis cerana)
LOC133665638,LOC108002364,0.2360691885911545,0.6038846111460047,0.3909177088370592,GCF_029169275.1,东方蜜蜂 (Apis cerana)
LOC107997769,LOC107997710,0.1406014400392016,0.3874003568124922,0.3629357525534106,GCF_029169275.1,东方蜜蜂 (Apis cerana)
LOC108000330,LOC107994798,0.1820111775067996,0.461284194656066,0.3945749271607004,GCF_029169275.1,东方蜜蜂 (Apis cerana)
LOC107995580,LOC107996377,0.126755264675721,0.4397577474065438,0.2882388438253921,GCF_029169275.1,东方蜜蜂 (Apis cerana)
LOC107995023,LOC107995102,0.1181982663794456,0.3760389224901773,0.3143245534178264,GCF_029169275.1,东方蜜蜂 (Apis cerana)
LOC108001881,LOC133665823,0.1811836278487227,0.2548219093809259,0.7110206037184836,GCF_029169275.1,东方蜜蜂 (Apis cerana)
LOC108001881,LOC133665821,0.1980272294561074,0.2256747421378007,0.8774895567851747,GCF_029169275.1,东方蜜蜂 (Apis cerana)
LOC133667594,LOC133667613,0.0203966914396945,0.0209299124487137,0.9745234954839982,GCF_029169275.1,东方蜜蜂 (Apis cerana)
LOC133667092,LOC108003701,0.1443592074985521,0.6323726156798006,0.2282818767276409,GCF_029169275.1,东方蜜蜂 (Apis cerana)
LOC107997172,LOC107997174,0.2047953571246749,0.532965342746488,0.3842564247598525,GCF_029169275.1,东方蜜蜂 (Apis cerana)
LOC107997172,LOC107997171,0.264981471385352,0.6664598755134935,0.3975955359370874,GCF_029169275.1,东方蜜蜂 (Apis cerana)
LOC133666787,LOC108001486,0.0876429437718698,0.2224490107523356,0.3939911599312413,GCF_029169275.1,东方蜜蜂 (Apis cerana)
LOC107994440,LOC107994441,0.1461302903116767,0.3425289707557094,0.4266216956459908,GCF_029169275.1,东方蜜蜂 (Apis cerana)
LOC133665823,LOC133665821,0.1135806332434655,0.1998180447545036,0.5684203014948458,GCF_029169275.1,东方蜜蜂 (Apis cerana)
LOC107996743,LOC107996756,0.0761549530599922,0.4031084231666221,0.1889192799836735,GCF_029169275.1,东方蜜蜂 (Apis cerana)
LOC107996749,LOC107996750,0.1266824479428147,0.5259346224090904,0.2408710941343517,GCF_029169275.1,东方蜜蜂 (Apis cerana)
LOC133665627,LOC107997174,0.2324831270611357,0.5402351528254754,0.430336911334313,GCF_029169275.1,东方蜜蜂 (Apis cerana)
LOC107996666,LOC107996657,0.0827418418935578,0.6989719590436297,0.1183764825226602,GCF_029169275.1,东方蜜蜂 (Apis cerana)
LOC108001742,LOC133666088,0.2507275901089418,0.5779610092784006,0.4338140221984556,GCF_029169275.1,东方蜜蜂 (Apis cerana)
LOC108004211,LOC133667321,0.2514861218134505,0.5487100960408062,0.458322388503579,GCF_029169275.1,东方蜜蜂 (Apis cerana)
LOC107996975,LOC133667143,0.1097794650575994,0.3894751880677215,0.2818651057137716,GCF_029169275.1,东方蜜蜂 (Apis cerana)
LOC107996975,LOC107996978,0.1843094763123982,0.4001896560033289,0.4605553230762793,GCF_029169275.1,东方蜜蜂 (Apis cerana)
LOC107996975,LOC108003934,0.1888739797950607,0.5831134417014279,0.3239060640481171,GCF_029169275.1,东方蜜蜂 (Apis cerana)
LOC107996975,LOC107996973,0.2222742469719625,0.5881553595566804,0.3779175746005286,GCF_029169275.1,东方蜜蜂 (Apis cerana)
LOC107996744,LOC107996745,0.0748578474381048,0.1412336935074638,0.5300282501933494,GCF_029169275.1,东方蜜蜂 (Apis cerana)
LOC107996744,LOC133665667,0.1543410229825926,0.4213583838741429,0.3662939409523967,GCF_029169275.1,东方蜜蜂 (Apis cerana)
LOC107996744,LOC107996748,0.1598247716423823,0.4034636391935802,0.3961317851636664,GCF_029169275.1,东方蜜蜂 (Apis cerana)
LOC107996744,LOC133665670,0.1573524283822763,0.4646099483990428,0.3386764078653132,GCF_029169275.1,东方蜜蜂 (Apis cerana)
LOC133667182,LOC133667185,0.0298700650293728,0.0486179014124846,0.6143840881972442,GCF_029169275.1,东方蜜蜂 (Apis cerana)
LOC133667182,LOC107993986,0.075728065968078,0.1093385163864062,0.6926019162401321,GCF_029169275.1,东方蜜蜂 (Apis cerana)
LOC133667182,LOC133667183,0.0332203874917898,0.0548547274849973,0.6056066453137612,GCF_029169275.1,东方蜜蜂 (Apis cerana)
LOC133667182,LOC107996046,0.1454082375087854,0.2240528301243842,0.6489908537556127,GCF_029169275.1,东方蜜蜂 (Apis cerana)
LOC107993986,LOC133667185,0.0461228706145481,0.0562855352967431,0.8194444695494786,GCF_029169275.1,东方蜜蜂 (Apis cerana)
LOC107993986,LOC133667183,0.0174137175765054,0.0462475253292285,0.3765329593862594,GCF_029169275.1,东方蜜蜂 (Apis cerana)
LOC107993986,LOC107996046,0.1437968184267358,0.2429611878271307,0.5918509853888624,GCF_029169275.1,东方蜜蜂 (Apis cerana)
LOC133665667,LOC133665670,0.1530520960736554,0.6130984084259552,0.2496370794153509,GCF_029169275.1,东方蜜蜂 (Apis cerana)
LOC133665667,LOC107996745,0.1400057597537492,0.4999653196698864,0.2800309426385639,GCF_029169275.1,东方蜜蜂 (Apis cerana)
LOC133665667,LOC107996748,0.1510283052712585,0.5721809100683586,0.2639520169472539,GCF_029169275.1,东方蜜蜂 (Apis cerana)
LOC133665667,LOC107996632,0.1470596295199595,0.5369200106838486,0.2738948569502129,GCF_029169275.1,东方蜜蜂 (Apis cerana)
LOC107996954,LOC107996046,0.1117276278899876,0.1503157369729558,0.7432862994916442,GCF_029169275.1,东方蜜蜂 (Apis cerana)
LOC107996954,LOC107993986,0.1799544478542275,0.3174645035087058,0.5668490362397087,GCF_029169275.1,东方蜜蜂 (Apis cerana)
LOC107996954,LOC133667185,0.1887410100528834,0.3179614750840533,0.5935971016708539,GCF_029169275.1,东方蜜蜂 (Apis cerana)
LOC107996954,LOC133667182,0.2086079978710315,0.3145592516917602,0.6631755281369014,GCF_029169275.1,东方蜜蜂 (Apis cerana)
LOC107997159,LOC107997174,0.2631199125546728,0.7427990280209047,0.3542275940448158,GCF_029169275.1,东方蜜蜂 (Apis cerana)
LOC107996759,LOC107996758,0.1629780119646003,0.7421474206819163,0.219603285577479,GCF_029169275.1,东方蜜蜂 (Apis cerana)
LOC107996651,LOC107996660,0.086507804718618,0.6200566140286207,0.1395159776726856,GCF_029169275.1,东方蜜蜂 (Apis cerana)
LOC107996651,LOC133665621,0.0833565173025314,0.4456554245287806,0.1870425281834492,GCF_029169275.1,东方蜜蜂 (Apis cerana)
LOC107999608,LOC107999342,0.0326195544731594,0.1723115302556412,0.1893056977949478,GCF_029169275.1,东方蜜蜂 (Apis cerana)
LOC107996747,LOC133665630,0.0335192804099625,0.1795011947820488,0.1867356952730137,GCF_029169275.1,东方蜜蜂 (Apis cerana)
LOC107996046,LOC133667185,0.1334129664731712,0.2278798369442355,0.5854531417179254,GCF_029169275.1,东方蜜蜂 (Apis cerana)
LOC133667085,LOC133667086,0.041091798226757,0.1736632043715496,0.2366177589286087,GCF_029169275.1,东方蜜蜂 (Apis cerana)
LOC107996625,LOC133665634,0.1192548772729489,0.1892723145713441,0.6300703700011926,GCF_029169275.1,东方蜜蜂 (Apis cerana)
LOC107996953,LOC107996962,0.1720626172771286,0.4966508628511505,0.3464458237107642,GCF_029169275.1,东方蜜蜂 (Apis cerana)
LOC133667185,LOC133667183,0.0230787440000653,0.0126053387372858,1.8308705922990955,GCF_029169275.1,东方蜜蜂 (Apis cerana)
LOC107992672,LOC107992651,0.1156777459630136,0.6894759532702673,0.1677763313054505,GCF_029169275.1,东方蜜蜂 (Apis cerana)
LOC107992672,LOC107992676,0.1174579036802562,0.579863897438296,0.2025611599534958,GCF_029169275.1,东方蜜蜂 (Apis cerana)
LOC107992672,LOC133667087,0.1425487187377126,0.5898951433756574,0.2416509448136525,GCF_029169275.1,东方蜜蜂 (Apis cerana)
LOC133667087,LOC107992651,0.0974251497491609,0.4585023702312232,0.2124855967484515,GCF_029169275.1,东方蜜蜂 (Apis cerana)
LOC133667087,LOC107992676,0.0978639257890099,0.4815642873552386,0.20322089564922,GCF_029169275.1,东方蜜蜂 (Apis cerana)
LOC133665670,LOC107996632,0.0892448747439614,0.4294791128631906,0.2077979395761446,GCF_029169275.1,东方蜜蜂 (Apis cerana)
LOC133665670,LOC107996748,0.0989655789234556,0.5752891575332049,0.1720275406333266,GCF_029169275.1,东方蜜蜂 (Apis cerana)
LOC133665670,LOC107996745,0.0924415215122087,0.4479885833757527,0.2063479404221178,GCF_029169275.1,东方蜜蜂 (Apis cerana)
LOC133665670,LOC107996761,0.1001237948520088,0.4735592418829848,0.2114282353647934,GCF_029169275.1,东方蜜蜂 (Apis cerana)
LOC114577389,LOC107996768,0.0757082929611368,0.5183844912080278,0.1460466010175352,GCF_029169275.1,东方蜜蜂 (Apis cerana)
LOC133667143,LOC107996978,0.1655919312698526,0.2807071045618052,0.5899100114631872,GCF_029169275.1,东方蜜蜂 (Apis cerana)
LOC133667143,LOC108003934,0.208395741926767,0.5518249513520371,0.3776482767156007,GCF_029169275.1,东方蜜蜂 (Apis cerana)
LOC133667143,LOC107996973,0.2355492291332863,0.4960275454794427,0.474871267291442,GCF_029169275.1,东方蜜蜂 (Apis cerana)
LOC133665671,LOC107996748,0.0707509904604436,0.4211279573271924,0.1680035467354977,GCF_029169275.1,东方蜜蜂 (Apis cerana)
LOC133665671,LOC133665670,0.1135605144981586,0.584487035113429,0.194290904119234,GCF_029169275.1,东方蜜蜂 (Apis cerana)
LOC133665671,LOC107996632,0.1158859539342892,0.578179014051818,0.200432653413296,GCF_029169275.1,东方蜜蜂 (Apis cerana)
LOC133665671,LOC107996745,0.1210234496494063,0.6931542038566063,0.1745981615289209,GCF_029169275.1,东方蜜蜂 (Apis cerana)
LOC107996748,LOC107996745,0.1080843379384289,0.5258524279450671,0.2055411978619216,GCF_029169275.1,东方蜜蜂 (Apis cerana)
LOC107996748,LOC107996632,0.1160156944438759,0.4786836646291852,0.2423640141005189,GCF_029169275.1,东方蜜蜂 (Apis cerana)
LOC107996632,LOC107996761,0.065636366503362,0.3186041181515684,0.2060122979080171,GCF_029169275.1,东方蜜蜂 (Apis cerana)
LOC107996760,LOC107996746,0.0953722423396492,0.5883188226272477,0.1621097926354738,GCF_029169275.1,东方蜜蜂 (Apis cerana)
LOC107996760,LOC107996766,0.1605980398600513,0.7357350192916118,0.2182824463278641,GCF_029169275.1,东方蜜蜂 (Apis cerana)
LOC107992651,LOC107992676,0.0593668519129428,0.2943703861782939,0.2016739954167317,GCF_029169275.1,东方蜜蜂 (Apis cerana)
LOC107996761,LOC107996748,0.1212279784036185,0.4720776126147014,0.2567967113123026,GCF_029169275.1,东方蜜蜂 (Apis cerana)
LOC107996761,LOC107996745,0.1235380059055408,0.4357023155638398,0.2835376391003821,GCF_029169275.1,东方蜜蜂 (Apis cerana)
LOC107996745,LOC107996632,0.1154398996561726,0.4400478148162999,0.2623349003661422,GCF_029169275.1,东方蜜蜂 (Apis cerana)
LOC107999526,LOC107999273,0.0411688706756379,0.2538071969710791,0.1622052927062152,GCF_029169275.1,东方蜜蜂 (Apis cerana)
LOC107996766,LOC107996746,0.1276185080437646,0.688667983967994,0.1853120967065251,GCF_029169275.1,东方蜜蜂 (Apis cerana)
LOC107993165,LOC107993163,0.1897135057653357,0.6758785572586948,0.2806917067095564,GCF_029169275.1,东方蜜蜂 (Apis cerana)
LOC107993165,LOC107993164,0.2390073101640287,0.683674336609125,0.3495923385825079,GCF_029169275.1,东方蜜蜂 (Apis cerana)
LOC108000092,LOC108000067,0.1884858212106798,0.7178749205595905,0.2625608108216865,GCF_029169275.1,东方蜜蜂 (Apis cerana)
LOC108004487,LOC107998410,0.164144361305177,0.5468443361963823,0.3001665198672363,GCF_029169275.1,东方蜜蜂 (Apis cerana)
LOC108004487,LOC108004496,0.2294281474359248,0.5369603257576322,0.4272720654216114,GCF_029169275.1,东方蜜蜂 (Apis cerana)
LOC107994636,LOC108003934,0.2802225656644542,0.5987846614436467,0.4679855442336289,GCF_029169275.1,东方蜜蜂 (Apis cerana)
LOC107994636,LOC107996973,0.2653274739090693,0.7137225737395967,0.3717515511928794,GCF_029169275.1,东方蜜蜂 (Apis cerana)
LOC107994636,LOC133667143,0.2781044973413015,0.654538277986506,0.4248865294735826,GCF_029169275.1,东方蜜蜂 (Apis cerana)
LOC107994636,LOC107996975,0.2763300658035585,0.6997881755487136,0.3948767290714569,GCF_029169275.1,东方蜜蜂 (Apis cerana)
LOC107993163,LOC107993164,0.1704479759994013,0.3819627025606307,0.4462424599489406,GCF_029169275.1,东方蜜蜂 (Apis cerana)
LOC107996655,LOC107996661,0.1337299791513547,0.4181109865550917,0.319843255622593,GCF_029169275.1,东方蜜蜂 (Apis cerana)
LOC107996655,LOC107996662,0.1367681513512481,0.4918511559008194,0.2780681710521934,GCF_029169275.1,东方蜜蜂 (Apis cerana)
LOC107996655,LOC107996659,0.1439234235847783,0.4640946203474643,0.3101165522604505,GCF_029169275.1,东方蜜蜂 (Apis cerana)
LOC107996655,LOC107996658,0.1422774381207993,0.4212053694902601,0.3377863826688215,GCF_029169275.1,东方蜜蜂 (Apis cerana)
LOC107996659,LOC107996661,0.0905285357456963,0.4497502274424151,0.201286247836945,GCF_029169275.1,东方蜜蜂 (Apis cerana)
LOC107996659,LOC107996662,0.1529528604524214,0.5456761903767683,0.2802996779955038,GCF_029169275.1,东方蜜蜂 (Apis cerana)
LOC107996659,LOC107996658,0.1568146985456658,0.5096382003597466,0.3076980854947147,GCF_029169275.1,东方蜜蜂 (Apis cerana)
LOC107996661,LOC107996662,0.1238167478067815,0.4885068649805533,0.2534595861036885,GCF_029169275.1,东方蜜蜂 (Apis cerana)
LOC107996661,LOC107996658,0.1387294896140929,0.4031204031361133,0.3441390922782219,GCF_029169275.1,东方蜜蜂 (Apis cerana)
LOC107996660,LOC133665621,0.1043372547797671,0.5343129948602925,0.1952736612873291,GCF_029169275.1,东方蜜蜂 (Apis cerana)
LOC107996658,LOC107996662,0.1185528260250984,0.3461997434653575,0.3424405368947403,GCF_029169275.1,东方蜜蜂 (Apis cerana)
LOC107996973,LOC108003934,0.2121367800209567,0.5243816140434706,0.4045465636851463,GCF_029169275.1,东方蜜蜂 (Apis cerana)
LOC107996973,LOC107996978,0.2086954634971924,0.4190606296577227,0.4980078029941614,GCF_029169275.1,东方蜜蜂 (Apis cerana)
LOC108003934,LOC107996978,0.2281585308022439,0.4696408270709956,0.4858149412290196,GCF_029169275.1,东方蜜蜂 (Apis cerana)
LOC133666005,LOC133666008,0.1029088306103119,0.1698957369738374,0.6057175562101306,GCF_029169275.1,东方蜜蜂 (Apis cerana)
LOC133666005,LOC133666003,0.0891061133037216,0.1775237457540196,0.5019391232719304,GCF_029169275.1,东方蜜蜂 (Apis cerana)
LOC133666005,LOC133666006,0.1026498071116834,0.1977451980774037,0.519101389615049,GCF_029169275.1,东方蜜蜂 (Apis cerana)
LOC133666005,LOC133666007,0.1485980422290518,0.2889263649040949,0.514311119645924,GCF_029169275.1,东方蜜蜂 (Apis cerana)
LOC133666007,LOC133666008,0.1322748546580945,0.2907617911582198,0.4549251610096059,GCF_029169275.1,东方蜜蜂 (Apis cerana)
LOC133666007,LOC133666006,0.1369036987479063,0.2949337475800413,0.4641845833893673,GCF_029169275.1,东方蜜蜂 (Apis cerana)
LOC133666007,LOC133666003,0.1357920477308318,0.2559891925040004,0.5304600807657525,GCF_029169275.1,东方蜜蜂 (Apis cerana)
LOC133666006,LOC133666008,0.0265172160730569,0.0906926663622735,0.2923854500774454,GCF_029169275.1,东方蜜蜂 (Apis cerana)
LOC133666006,LOC133666003,0.0873606232697019,0.1905837246764751,0.4583844891162701,GCF_029169275.1,东方蜜蜂 (Apis cerana)
LOC133666008,LOC133666003,0.0869565276019743,0.1966866981486882,0.4421068044786552,GCF_029169275.1,东方蜜蜂 (Apis cerana)
LOC114576756,LOC107999603,0.0770496933407036,0.3308032226717837,0.2329169973569176,GCF_029169275.1,东方蜜蜂 (Apis cerana)
LOC114576851,LOC107993634,0.0934407187289635,0.3734485967347315,0.2502103891833243,GCF_029169275.1,东方蜜蜂 (Apis cerana)
LOC108004496,LOC107998410,0.1673107430314521,0.6237805081185643,0.2682205372785562,GCF_029169275.1,东方蜜蜂 (Apis cerana)
LOC107992563,LOC108001260,0.1562134007134611,0.5269822148866885,0.2964301190829563,GCF_029169275.1,东方蜜蜂 (Apis cerana)
LOC108003300,LOC108003298,0.0086389897382462,0.3577203054893499,0.0241501240093942,GCF_029169275.1,东方蜜蜂 (Apis cerana)
LOC108003300,LOC133665608,0.0086389897382462,0.364069549757761,0.0237289543824642,GCF_029169275.1,东方蜜蜂 (Apis cerana)
LOC108003298,LOC133665608,0.0,0.0445475051725576,0.0,GCF_029169275.1,东方蜜蜂 (Apis cerana)
LOC107999574,LOC107996944,0.1246199797255325,0.498906757321272,0.2497861131299194,GCF_029169275.1,东方蜜蜂 (Apis cerana)
LOC108001242,LOC108001243,0.1958762989527085,0.7083462066306365,0.2765262199743059,GCF_029169275.1,东方蜜蜂 (Apis cerana)
LOC107996104,LOC107997487,0.4764652856093505,0.651211134515844,0.7316602256249629,GCF_029169275.1,东方蜜蜂 (Apis cerana)
LOC108000067,LOC108000061,0.213673309635405,0.4525532675016782,0.4721506284000318,GCF_029169275.1,东方蜜蜂 (Apis cerana)
LOC108001260,LOC108001261,0.1445571306455952,0.4143811432914999,0.3488506486983297,GCF_029169275.1,东方蜜蜂 (Apis cerana)
LOC108003353,LOC108003329,0.0608523094099568,0.1304297699015022,0.466552302100289,GCF_029169275.1,东方蜜蜂 (Apis cerana)
LOC133667552,LOC133667549,0.0672362776781652,0.0553529809375208,1.214682146099006,GCF_029169275.1,东方蜜蜂 (Apis cerana)
LOC107998032,LOC133667388,0.0441954057984773,0.0450221706038428,0.9816364961023248,GCF_029169275.1,东方蜜蜂 (Apis cerana)
LOC133667183,LOC107996046,0.1410818163381557,0.2708674590099146,0.5208518470762178,GCF_029169275.1,东方蜜蜂 (Apis cerana)
LOC133667177,LOC133667143,0.1489665136430007,0.2627412039647958,0.5669705070810305,GCF_029169275.1,东方蜜蜂 (Apis cerana)
LOC133667177,LOC107996978,0.1687613078651941,0.2456600032617812,0.6869710397478013,GCF_029169275.1,东方蜜蜂 (Apis cerana)
LOC133667177,LOC107996975,0.2139828031536034,0.5646596987962994,0.3789588731226195,GCF_029169275.1,东方蜜蜂 (Apis cerana)
LOC133667177,LOC107996973,0.2276280971506416,0.5217942068609169,0.4362411352169637,GCF_029169275.1,东方蜜蜂 (Apis cerana)
LOC108002366,LOC108002367,0.179667435716655,0.4543782724107649,0.3954137920446887,GCF_029169275.1,东方蜜蜂 (Apis cerana)
LOC108002369,LOC108002367,0.2728265028933583,0.741751404645714,0.367813934944511,GCF_029169275.1,东方蜜蜂 (Apis cerana)
LOC133667587,LOC133667592,0.0442233348586676,0.0617034620946621,0.7167075129564456,GCF_029169275.1,东方蜜蜂 (Apis cerana)
LOC108002367,LOC108002368,0.2281844011229523,0.6400892383050453,0.3564884198446829,GCF_029169275.1,东方蜜蜂 (Apis cerana)
LOC108002360,LOC107996020,0.142269048679191,0.4094047616485441,0.3475021836734833,GCF_029169275.1,东方蜜蜂 (Apis cerana)
LOC108002360,LOC107998630,0.162757704822852,0.6291207898149147,0.2587066068357633,GCF_029169275.1,东方蜜蜂 (Apis cerana)
LOC107996974,LOC107996973,0.1899963957394556,0.4976331766011287,0.3818000982915669,GCF_029169275.1,东方蜜蜂 (Apis cerana)
LOC107996974,LOC107996975,0.1917525957918096,0.5688602967220244,0.3370820514223903,GCF_029169275.1,东方蜜蜂 (Apis cerana)
LOC107996974,LOC107996978,0.2085323491978933,0.4701615302162894,0.4435334152114949,GCF_029169275.1,东方蜜蜂 (Apis cerana)
LOC107996974,LOC108003934,0.2279144844070441,0.6397868507458777,0.3562350244324908,GCF_029169275.1,东方蜜蜂 (Apis cerana)
LOC107998631,LOC107998630,0.1205007654188576,0.6922734363659981,0.1740652740503971,GCF_029169275.1,东方蜜蜂 (Apis cerana)
LOC107995792,LOC108001949,0.1177830900621729,0.3927672858764178,0.2998800926084072,GCF_029169275.1,东方蜜蜂 (Apis cerana)
LOC108001949,LOC108001947,0.1165669050705733,0.3943362861897296,0.2956027866390381,GCF_029169275.1,东方蜜蜂 (Apis cerana)
LOC107993742,LOC107993724,0.2680197307402873,0.4739945680549608,0.5654489498479015,GCF_029169275.1,东方蜜蜂 (Apis cerana)
LOC107995698,LOC107995700,0.2558028963852306,0.5976516619924785,0.4280133607132007,GCF_029169275.1,东方蜜蜂 (Apis cerana)
LOC107995698,LOC107997028,0.2657778753494831,0.6897684521405436,0.3853146291696878,GCF_029169275.1,东方蜜蜂 (Apis cerana)
LOC108003751,LOC108001177,0.1752215399560727,0.2665660941528412,0.6573286843284945,GCF_029169275.1,东方蜜蜂 (Apis cerana)
LOC107997028,LOC107995699,0.2426521882726639,0.5387068779234139,0.4504345465348986,GCF_029169275.1,东方蜜蜂 (Apis cerana)
LOC107997028,LOC107995700,0.3169440546757235,0.5811189086806592,0.5454031007101388,GCF_029169275.1,东方蜜蜂 (Apis cerana)
LOC107996020,LOC107998630,0.0710534115098518,0.6482532572221608,0.1096074886138232,GCF_029169275.1,东方蜜蜂 (Apis cerana)
LOC107995699,LOC107995700,0.311528161115942,0.6677899105156389,0.4665062412748842,GCF_029169275.1,东方蜜蜂 (Apis cerana)
LOC108001261,LOC107992563,0.1720448483487149,0.5889658392022429,0.2921134587054328,GCF_029169275.1,东方蜜蜂 (Apis cerana)
LOC133667402,LOC133667400,0.0240896620665844,0.0240020483146303,1.0036502614612532,GCF_029169275.1,东方蜜蜂 (Apis cerana)
LOC133665672,LOC107996756,0.2093785370879042,0.5610969862329733,0.3731592616342589,GCF_029169275.1,东方蜜蜂 (Apis cerana)
LOC133665672,LOC107996743,0.219774596929317,0.4489162829720396,0.4895669978248606,GCF_029169275.1,东方蜜蜂 (Apis cerana)
LOC133667561,LOC133667310,0.4686025867390754,0.5638354648573525,0.8310981056461738,GCF_029169275.1,东方蜜蜂 (Apis cerana)
LOC133667321,LOC114576787,0.2475998656526741,0.4885508354222341,0.5068047124281015,GCF_029169275.1,东方蜜蜂 (Apis cerana)
LOC133667321,LOC133667233,0.1647918468065211,0.1693287552903594,0.9732065089827268,GCF_029169275.1,东方蜜蜂 (Apis cerana)
LOC133667321,LOC133667315,0.244409993664203,0.3114398358557456,0.7847743465206879,GCF_029169275.1,东方蜜蜂 (Apis cerana)
LOC107999817,LOC133666002,0.0402216072466561,0.1243441911320581,0.3234699335808886,GCF_029169275.1,东方蜜蜂 (Apis cerana)
LOC107996720,LOC107996750,0.1971014324563962,0.5959127221482381,0.3307555370622976,GCF_029169275.1,东方蜜蜂 (Apis cerana)
LOC108004471,LOC108004413,0.1041853629648425,0.3639027943265359,0.2862999806243734,GCF_029169275.1,东方蜜蜂 (Apis cerana)
LOC107994024,LOC107997174,0.1671831569505697,0.3434374193344129,0.4867936559579712,GCF_029169275.1,东方蜜蜂 (Apis cerana)
LOC107994024,LOC133665627,0.2869525792236762,0.5519439769295627,0.5198943936665084,GCF_029169275.1,东方蜜蜂 (Apis cerana)
LOC107994024,LOC107997170,0.3478725848233905,0.6942663707496954,0.5010650083018487,GCF_029169275.1,东方蜜蜂 (Apis cerana)
LOC108002033,LOC133666285,0.2916377727882314,0.6929968336864205,0.4208356497631515,GCF_029169275.1,东方蜜蜂 (Apis cerana)
LOC107997462,LOC108000550,0.0165595750831773,0.0863829939830939,0.1916994806456722,GCF_029169275.1,东方蜜蜂 (Apis cerana)
LOC107996979,LOC133667177,0.1935721538986066,0.3785038186437095,0.5114140052595312,GCF_029169275.1,东方蜜蜂 (Apis cerana)
LOC107996979,LOC107996974,0.2232077717835716,0.4260490509456298,0.5239015819614071,GCF_029169275.1,东方蜜蜂 (Apis cerana)
LOC107992774,LOC108003789,0.0227594438462357,0.2685329021595556,0.0847547680869016,GCF_029169275.1,东方蜜蜂 (Apis cerana)
LOC133667309,LOC133667531,0.0823521449490992,0.1490601585121249,0.5524758981280736,GCF_029169275.1,东方蜜蜂 (Apis cerana)
LOC133667309,LOC114576787,0.175559077817772,0.3442017221771855,0.5100470639928962,GCF_029169275.1,东方蜜蜂 (Apis cerana)
LOC133667309,LOC133667315,0.2179685935134908,0.4152838635132125,0.5248665134000711,GCF_029169275.1,东方蜜蜂 (Apis cerana)
LOC133667309,LOC133667321,0.2913572118912706,0.5928736330493428,0.4914322304952663,GCF_029169275.1,东方蜜蜂 (Apis cerana)
LOC114576787,LOC133667315,0.1900355968927922,0.4037109587904465,0.4707219181321102,GCF_029169275.1,东方蜜蜂 (Apis cerana)
LOC114576787,LOC133667531,0.1984054079175647,0.3481181690117338,0.5699369512393282,GCF_029169275.1,东方蜜蜂 (Apis cerana)
LOC133665632,LOC133665780,0.0083799754485938,0.0132746828245507,0.631275003655502,GCF_029169275.1,东方蜜蜂 (Apis cerana)
LOC133667531,LOC133667315,0.2122021181063866,0.3170995693197914,0.6691971186261159,GCF_029169275.1,东方蜜蜂 (Apis cerana)
LOC133667531,LOC133667321,0.2129240734604327,0.3440181994576865,0.6189325849507038,GCF_029169275.1,东方蜜蜂 (Apis cerana)
LOC133667372,LOC133667373,0.0997594394012985,0.1442337374017807,0.6916512128047161,GCF_029169275.1,东方蜜蜂 (Apis cerana)
LOC133667372,LOC133667370,0.3615737505968101,0.5958006856988385,0.6068703163251747,GCF_029169275.1,东方蜜蜂 (Apis cerana)
LOC133667372,LOC108003356,0.2898776996620717,0.4257070767121262,0.6809323018562228,GCF_029169275.1,东方蜜蜂 (Apis cerana)
LOC133667674,LOC133667589,0.0794877657173958,0.0982009972821086,0.8094394957013115,GCF_029169275.1,东方蜜蜂 (Apis cerana)
LOC133666452,LOC133666395,0.0248696525504115,0.0173217860959869,1.435744120877536,GCF_029169275.1,东方蜜蜂 (Apis cerana)
LOC133666452,LOC133666388,0.0248696525504115,0.0173217860959869,1.435744120877536,GCF_029169275.1,东方蜜蜂 (Apis cerana)
LOC133667553,LOC133667550,0.0329270984739476,0.0746619528825688,0.4410157677731346,GCF_029169275.1,东方蜜蜂 (Apis cerana)
LOC133667559,LOC133667610,0.0795329523872519,0.0624178541712985,1.2742019642165678,GCF_029169275.1,东方蜜蜂 (Apis cerana)
LOC133667370,LOC108000787,0.1571185966094118,0.1361291724574689,1.1541875541666178,GCF_029169275.1,东方蜜蜂 (Apis cerana)
LOC133667370,LOC108000785,0.2902394315121231,0.3799546561674618,0.7638791282089266,GCF_029169275.1,东方蜜蜂 (Apis cerana)
LOC133667370,LOC133667373,0.348697956113582,0.5249798592227589,0.6642120644967884,GCF_029169275.1,东方蜜蜂 (Apis cerana)
LOC133666377,LOC133666395,0.0426078046352009,0.1399394666853091,0.3044731100127449,GCF_029169275.1,东方蜜蜂 (Apis cerana)
LOC133666377,LOC133666388,0.0426078046352009,0.1399394666853091,0.3044731100127449,GCF_029169275.1,东方蜜蜂 (Apis cerana)
LOC133666377,LOC133666390,0.0426078046352009,0.1399394666853091,0.3044731100127449,GCF_029169275.1,东方蜜蜂 (Apis cerana)
LOC133666377,LOC133666389,0.0426078046352009,0.1399394666853091,0.3044731100127449,GCF_029169275.1,东方蜜蜂 (Apis cerana)
LOC108003356,LOC133667373,0.2606568452815948,0.3537858702370239,0.7367644307189657,GCF_029169275.1,东方蜜蜂 (Apis cerana)
LOC108003356,LOC108000784,0.3060125856280471,0.53496880998931,0.57201948957391,GCF_029169275.1,东方蜜蜂 (Apis cerana)
LOC133667233,LOC133667315,0.204370919056992,0.351567754017664,0.5813130377330444,GCF_029169275.1,东方蜜蜂 (Apis cerana)
LOC133667233,LOC114576787,0.2130892912968569,0.3473338524058606,0.613499921821215,GCF_029169275.1,东方蜜蜂 (Apis cerana)
LOC133667233,LOC133667531,0.2306844501502828,0.3071538251218502,0.7510388322814101,GCF_029169275.1,东方蜜蜂 (Apis cerana)
LOC114578220,LOC108003623,0.0,0.0638683562552301,0.0,GCF_029169275.1,东方蜜蜂 (Apis cerana)
LOC108000787,LOC108000785,0.2597426362260558,0.3544640471178421,0.7327756886432661,GCF_029169275.1,东方蜜蜂 (Apis cerana)
LOC108000784,LOC133667370,0.3872457756899802,0.7366514526177739,0.5256838553889478,GCF_029169275.1,东方蜜蜂 (Apis cerana)
LOC133665767,LOC133665766,0.0357286349872529,0.0382553039317157,0.9339524540447288,GCF_029169275.1,东方蜜蜂 (Apis cerana)
lcl|NC_092404.1_cds_XP_071367148.1_12471,lcl|NC_092404.1_cds_XP_041150700.1_12466,0.0136117513304198,0.0094856107747808,1.4349894438647068,GCF_009017415.1,黄曲霉 (Aspergillus flavus)
vosA,vosB,0.2078752995527692,0.6017598543937018,0.3454456092990987,GCF_009017415.1,黄曲霉 (Aspergillus flavus)
lcl|NC_092403.1_cds_XP_041151389.1_12923,lcl|NC_092403.1_cds_XP_041151740.1_12520,0.2418757382943709,0.6683757351727507,0.3618858758118364,GCF_009017415.1,黄曲霉 (Aspergillus flavus)
lcl|NC_092404.1_cds_XP_041149920.1_11574,lcl|NC_092409.1_cds_XP_041142952.1_3612,0.3158870979638616,0.7170121087928065,0.4405603393444822,GCF_009017415.1,黄曲霉 (Aspergillus flavus)
lcl|NC_092406.1_cds_XP_071365366.1_3,lcl|NC_092404.1_cds_XP_041149970.1_11635,0.2444917535924817,0.6568809346539703,0.3722010195367816,GCF_009017415.1,黄曲霉 (Aspergillus flavus)
lcl|NC_092410.1_cds_XP_041148650.1_11235,lcl|NC_092408.1_cds_XP_041148428.1_9878,0.6375310097497162,0.699282652219334,0.9116928722975828,GCF_009017415.1,黄曲霉 (Aspergillus flavus)
lcl|NC_092407.1_cds_XP_041143981.2_4760,lcl|NC_092406.1_cds_XP_041141606.2_259,0.1971356047360221,0.1884858212106796,1.0458908976271173,GCF_009017415.1,黄曲霉 (Aspergillus flavus)
lcl|NC_092405.1_cds_XP_041145606.2_6654,lcl|NC_092403.1_cds_XP_041151458.1_12841,0.2546786638974244,0.4166974606377859,0.6111836235037768,GCF_009017415.1,黄曲霉 (Aspergillus flavus)
lcl|NC_092405.1_cds_XP_041145940.1_7017,lcl|NC_092407.1_cds_XP_041145302.1_6300,0.0131678583596254,0.4783963986771431,0.0275249947450211,GCF_009017415.1,黄曲霉 (Aspergillus flavus)
lcl|NC_092406.1_cds_XP_071365405.1_101,lcl|NC_092408.1_cds_XP_071364591.1_9569,0.4166024595926476,0.6100202633022151,0.682932165789803,GCF_009017415.1,黄曲霉 (Aspergillus flavus)
lcl|NC_092404.1_cds_XP_071367149.1_12472,lcl|NC_092404.1_cds_XP_071367144.1_12467,0.0418544004037483,0.06015246431623,0.6958052488708317,GCF_009017415.1,黄曲霉 (Aspergillus flavus)
lcl|NC_092404.1_cds_XP_041149846.1_11490,lcl|NC_092406.1_cds_XP_071365854.1_1407,0.3140327511436386,0.7037022289446978,0.4462580026420772,GCF_009017415.1,黄曲霉 (Aspergillus flavus)
lcl|NC_088955.1_cds_XP_002999534.2_951,lcl|NC_088962.1_cds_XP_449203.3_4494,0.1759644007666794,0.5432562526705955,0.3239068117516464,GCF_010111755.1,光滑念珠菌 (Nakaseomyces glabratus)
lcl|NC_088953.1_cds_XP_445192.2_425,lcl|NC_088955.1_cds_XP_445761.2_1012,0.3102038910976766,0.5553273464148095,0.5585964622494307,GCF_010111755.1,光滑念珠菌 (Nakaseomyces glabratus)
lcl|NC_088959.1_cds_XP_065482699.1_2518,EPA21,0.2610009774467838,0.5592745866285074,0.4666776994466782,GCF_010111755.1,光滑念珠菌 (Nakaseomyces glabratus)
EPA9,EPA10,0.0567427740993616,0.2914664699770349,0.194680280389825,GCF_010111755.1,光滑念珠菌 (Nakaseomyces glabratus)
lcl|NC_088953.1_cds_XP_065482673.1_459,lcl|NC_088953.1_cds_XP_445221.2_451,0.0245135761234135,0.0649894744433722,0.3771930198446688,GCF_010111755.1,光滑念珠菌 (Nakaseomyces glabratus)
lcl|NC_088953.1_cds_XP_065482673.1_459,lcl|NC_088953.1_cds_XP_065482670.1_456,0.0272517526961865,0.0815651312458312,0.3341103272923305,GCF_010111755.1,光滑念珠菌 (Nakaseomyces glabratus)
lcl|NC_088953.1_cds_XP_445221.2_451,lcl|NC_088953.1_cds_XP_065482670.1_456,0.0480754666345242,0.139756931435745,0.3439934330314598,GCF_010111755.1,光滑念珠菌 (Nakaseomyces glabratus)
AWP3a,AWP3b,0.345484509366214,0.7151937478809801,0.4830642191571679,GCF_010111755.1,光滑念珠菌 (Nakaseomyces glabratus)
EPA15,EPA12,0.1342005899601392,0.3917674981442937,0.3425516169560121,GCF_010111755.1,光滑念珠菌 (Nakaseomyces glabratus)
lcl|NC_088952.1_cds_XP_065482660.1_204,AWP2,0.1327151655561,0.4150951203397267,0.3197222975001052,GCF_010111755.1,光滑念珠菌 (Nakaseomyces glabratus)
SSC1,ECM10,0.0449858071030934,0.5416010380749003,0.0830607844899886,GCF_010111755.1,光滑念珠菌 (Nakaseomyces glabratus)
SSA2,SSB2,0.3582825112361192,0.5742069497106823,0.6239605971621243,GCF_010111755.1,光滑念珠菌 (Nakaseomyces glabratus)
SSA2,SSB1,0.3578993939300424,0.6189562778981632,0.5782304933482355,GCF_010111755.1,光滑念珠菌 (Nakaseomyces glabratus)
SSB2,SSB1,0.0,0.1177883574732712,0.0,GCF_010111755.1,光滑念珠菌 (Nakaseomyces glabratus)
TNR2,TNR1,0.0029429835432494,0.0657655212499074,0.0447496421729283,GCF_010111755.1,光滑念珠菌 (Nakaseomyces glabratus)
HXT4,HXT6/7,0.1109772859400117,0.5184102473910284,0.2140723230270242,GCF_010111755.1,光滑念珠菌 (Nakaseomyces glabratus)
HXT4,HXT4/6/7,0.1141993308426622,0.4663358747538921,0.2448864370619797,GCF_010111755.1,光滑念珠菌 (Nakaseomyces glabratus)
HXT1,HXT3,0.1545433775195888,0.7473620951937989,0.2067851427219011,GCF_010111755.1,光滑念珠菌 (Nakaseomyces glabratus)
HXT1,HXT6/7,0.2067177388742898,0.7245305433580368,0.2853126631711058,GCF_010111755.1,光滑念珠菌 (Nakaseomyces glabratus)
HXT3,HXT6/7,0.2440219049322247,0.710370499357514,0.3435135681351174,GCF_010111755.1,光滑念珠菌 (Nakaseomyces glabratus)
HXT3,HXT4/6/7,0.2387221370906561,0.7268245142749137,0.3284453570320305,GCF_010111755.1,光滑念珠菌 (Nakaseomyces glabratus)
HXT6/7,HXT4/6/7,0.0245293208064297,0.1049342811516459,0.2337588873457011,GCF_010111755.1,光滑念珠菌 (Nakaseomyces glabratus)
lcl|NC_088956.1_cds_XP_446282.1_1525,lcl|NC_088956.1_cds_XP_446288.1_1531,0.0150904952395959,0.0504504341396113,0.2991152702043359,GCF_010111755.1,光滑念珠菌 (Nakaseomyces glabratus)
lcl|NC_088951.1_cds_XP_444828.1_53,PGD1,0.0026308124022887,0.0139864193085547,0.1880976355885198,GCF_010111755.1,光滑念珠菌 (Nakaseomyces glabratus)
lcl|NC_088961.1_cds_XP_448561.1_3839,TEF1,0.0,0.0789299108400089,0.0,GCF_010111755.1,光滑念珠菌 (Nakaseomyces glabratus)
PST1,ECM33,0.300286043484919,0.6564411423635456,0.4574454952712528,GCF_010111755.1,光滑念珠菌 (Nakaseomyces glabratus)
lcl|NC_088953.1_cds_XP_445256.2_495,lcl|NC_088953.1_cds_XP_445380.1_619,0.1586383168145695,0.0922089971313498,1.7204212359949258,GCF_010111755.1,光滑念珠菌 (Nakaseomyces glabratus)
TEF4,CAM1,0.3099223440767843,0.6615088769571239,0.4685082164012625,GCF_010111755.1,光滑念珠菌 (Nakaseomyces glabratus)
PIR1,PIR2,0.054262216742505,0.1427014638648645,0.3802498956415074,GCF_010111755.1,光滑念珠菌 (Nakaseomyces glabratus)
PIR1,PIR3,0.1021761164578649,0.4531102110054935,0.2254994788820289,GCF_010111755.1,光滑念珠菌 (Nakaseomyces glabratus)
lcl|NC_088955.1_cds_XP_445915.1_1165,lcl|NC_088955.1_cds_XP_445914.1_1164,0.0229593936476502,0.0500582891437335,0.4586531829269361,GCF_010111755.1,光滑念珠菌 (Nakaseomyces glabratus)
lcl|NC_088955.1_cds_XP_445915.1_1165,lcl|NC_088955.1_cds_XP_445916.1_1166,0.0542341095370709,0.4096278963908796,0.1323984768003179,GCF_010111755.1,光滑念珠菌 (Nakaseomyces glabratus)
lcl|NC_088955.1_cds_XP_445914.1_1164,lcl|NC_088955.1_cds_XP_445916.1_1166,0.0507808121366888,0.3664350111140027,0.1385806776004007,GCF_010111755.1,光滑念珠菌 (Nakaseomyces glabratus)
PIR2,PIR3,0.0696879780834135,0.408052261758858,0.1707819919513062,GCF_010111755.1,光滑念珠菌 (Nakaseomyces glabratus)
RER1,lcl|NC_088953.1_cds_XP_445380.1_619,0.3728512674680547,0.5749872319146527,0.6484513860012082,GCF_010111755.1,光滑念珠菌 (Nakaseomyces glabratus)
lcl|NC_088958.1_cds_XP_447235.1_2491,MRH1,0.2741831839720123,0.6459878932672594,0.4244401277944333,GCF_010111755.1,光滑念珠菌 (Nakaseomyces glabratus)
lcl|NC_088957.1_cds_XP_446673.1_1918,lcl|NC_088954.1_cds_XP_065482679.1_880,0.1810093689518672,0.5587933396020153,0.3239290022332515,GCF_010111755.1,光滑念珠菌 (Nakaseomyces glabratus)
lcl|NC_088952.1_cds_XP_445175.3_407,lcl|NC_088963.1_cds_XP_449793.1_5098,0.1255050023837531,0.1760282802864643,0.7129820400421413,GCF_010111755.1,光滑念珠菌 (Nakaseomyces glabratus)
lcl|NC_088953.1_cds_XP_445216.1_449,lcl|NC_088953.1_cds_XP_065482667.1_452,0.405392122655501,0.3859758694775028,1.0503043187758918,GCF_010111755.1,光滑念珠菌 (Nakaseomyces glabratus)
GPP1,lcl|NC_088963.1_cds_XP_449848.1_5158,0.0163988121031859,0.6911758417312485,0.023725962501974,GCF_010111755.1,光滑念珠菌 (Nakaseomyces glabratus)
RPS6B,RPS6A,0.0,0.1025485465163951,0.0,GCF_010111755.1,光滑念珠菌 (Nakaseomyces glabratus)
lcl|NC_088958.1_cds_XP_447216.1_2472,lcl|NC_088958.1_cds_XP_447215.1_2471,0.0019311243369426,0.0214109098490121,0.0901934738206239,GCF_010111755.1,光滑念珠菌 (Nakaseomyces glabratus)
lcl|NC_088958.1_cds_XP_447216.1_2472,TIR1,0.2820308689052088,0.639564886763514,0.4409730345460518,GCF_010111755.1,光滑念珠菌 (Nakaseomyces glabratus)
lcl|NC_088958.1_cds_XP_447215.1_2471,TIR1,0.2821498016796882,0.6386157482689432,0.4418146631123559,GCF_010111755.1,光滑念珠菌 (Nakaseomyces glabratus)
CWP1.1,CWP1.2,0.0106611603252889,0.0248469928199094,0.4290724596960622,GCF_010111755.1,光滑念珠菌 (Nakaseomyces glabratus)
HMLALPHA2,MATalpha2,0.0485951929840458,0.0819780729668988,0.5927828164937186,GCF_010111755.1,光滑念珠菌 (Nakaseomyces glabratus)
RPS9B,RPS9A,0.0044247915953912,0.0995936054863591,0.0444284708218264,GCF_010111755.1,光滑念珠菌 (Nakaseomyces glabratus)
lcl|NC_088957.1_cds_XP_446742.1_1988,RPL9A,0.0067265024870702,0.2217856831117841,0.0303288399534788,GCF_010111755.1,光滑念珠菌 (Nakaseomyces glabratus)
RGI2,RGI1,0.1820874144512883,0.6222571942780379,0.2926240405505505,GCF_010111755.1,光滑念珠菌 (Nakaseomyces glabratus)
HYP2,ANB1,0.0,0.0311463440224366,0.0,GCF_010111755.1,光滑念珠菌 (Nakaseomyces glabratus)
RPS14B,lcl|NC_088962.1_cds_XP_449129.1_4418,0.009955898406522,0.2834831434819503,0.0351198956108512,GCF_010111755.1,光滑念珠菌 (Nakaseomyces glabratus)
HHT2,lcl|NC_088958.1_cds_XP_447226.1_2482,0.0,0.3532857392318037,0.0,GCF_010111755.1,光滑念珠菌 (Nakaseomyces glabratus)
HHT2,HHT1,0.0,0.3548624512013253,0.0,GCF_010111755.1,光滑念珠菌 (Nakaseomyces glabratus)
lcl|NC_088958.1_cds_XP_447226.1_2482,HHT1,0.0,0.0537864813829447,0.0,GCF_010111755.1,光滑念珠菌 (Nakaseomyces glabratus)
HTB1,HTB2,0.0033783840908284,0.2316104971164063,0.0145864895282809,GCF_010111755.1,光滑念珠菌 (Nakaseomyces glabratus)
HTA1,HTA2,0.0033594681030345,0.043490443237762,0.0772461224335734,GCF_010111755.1,光滑念珠菌 (Nakaseomyces glabratus)
RPS22A,lcl|NC_088961.1_cds_XP_448425.1_3697,0.0,0.4384721987620138,0.0,GCF_010111755.1,光滑念珠菌 (Nakaseomyces glabratus)
RPP1A,RPP1B,0.3084810398021186,0.6489569045119595,0.4753490372894763,GCF_010111755.1,光滑念珠菌 (Nakaseomyces glabratus)
HHF2,lcl|NC_088958.1_cds_XP_447225.1_2481,0.0,0.3223317732065853,0.0,GCF_010111755.1,光滑念珠菌 (Nakaseomyces glabratus)
HHF2,lcl|NC_088953.1_cds_XP_445355.1_595,0.0043041725017636,0.324100016392744,0.0132803834744267,GCF_010111755.1,光滑念珠菌 (Nakaseomyces glabratus)
lcl|NC_088958.1_cds_XP_447225.1_2481,lcl|NC_088953.1_cds_XP_445355.1_595,0.0,0.0405504159527067,0.0,GCF_010111755.1,光滑念珠菌 (Nakaseomyces glabratus)
RPS28A,RPS28B,0.0,0.5248437924589603,0.0,GCF_010111755.1,光滑念珠菌 (Nakaseomyces glabratus)
lcl|NC_072817.1_cds_XP_054558262.1_4765,lcl|NC_072817.1_cds_XP_028891496.2_4707,0.0,0.0009165903982262,0.0,GCF_003013715.1,耳念珠菌 (Candidozyma auris)
lcl|NC_072817.1_cds_XP_028888500.2_4652,lcl|NC_072817.1_cds_XP_054558210.1_4710,0.0008443569706899,0.0043604773990648,0.1936386531601013,GCF_003013715.1,耳念珠菌 (Candidozyma auris)
lcl|NC_072814.1_cds_XP_028889408.2_2575,lcl|NC_072814.1_cds_XP_054558098.1_3232,0.0021750966849278,0.0076094501837612,0.2858415039721945,GCF_003013715.1,耳念珠菌 (Candidozyma auris)
lcl|NC_072817.1_cds_XP_028891519.2_4783,lcl|NC_072818.1_cds_XP_028889100.2_5049,0.0828576839367268,0.5575061329887325,0.1486220133445624,GCF_003013715.1,耳念珠菌 (Candidozyma auris)
lcl|NC_072818.1_cds_XP_028889096.2_5045,lcl|NC_072818.1_cds_XP_054558276.1_5029,0.0828427466732329,0.6412018292941079,0.1291991739394032,GCF_003013715.1,耳念珠菌 (Candidozyma auris)
lcl|NC_072817.1_cds_XP_054558217.1_4717,lcl|NC_072817.1_cds_XP_028891446.2_4659,0.0008653015093095,0.0028169047198541,0.3071816746980225,GCF_003013715.1,耳念珠菌 (Candidozyma auris)
INN1,lcl|NC_072813.1_cds_XP_054558050.1_2008,0.0671722959321553,0.1275320475327897,0.5267091466941648,GCF_003013715.1,耳念珠菌 (Candidozyma auris)
lcl|NC_072816.1_cds_XP_028888921.1_4439,TEF2,0.0,0.0691734181620252,0.0,GCF_003013715.1,耳念珠菌 (Candidozyma auris)
lcl|NC_072813.1_cds_XP_054558076.1_2528,lcl|NC_072813.1_cds_XP_028891362.2_2007,0.0076543480517428,0.0358179835635128,0.2137012553531954,GCF_003013715.1,耳念珠菌 (Candidozyma auris)
lcl|NC_072818.1_cds_XP_028889196.2_5142,lcl|NC_072816.1_cds_XP_028888738.2_4259,0.0401218138980395,0.1685231648857075,0.2380789247890648,GCF_003013715.1,耳念珠菌 (Candidozyma auris)
lcl|NC_072816.1_cds_XP_028888885.2_4404,lcl|NC_072816.1_cds_XP_028888903.2_4422,0.2721928385663233,0.4059286136442526,0.6705436114066782,GCF_003013715.1,耳念珠菌 (Candidozyma auris)
TDH3,lcl|NC_072813.1_cds_XP_028890613.1_1781,0.1090912296447783,0.6888526300103147,0.1583665720244762,GCF_003013715.1,耳念珠菌 (Candidozyma auris)
lcl|NC_072814.1_cds_XP_054558080.1_2573,lcl|NC_072818.1_cds_XP_028889195.1_5141,0.1442768944261564,0.3488359698293947,0.4135952335899247,GCF_003013715.1,耳念珠菌 (Candidozyma auris)
lcl|NC_072814.1_cds_XP_028889409.1_2574,lcl|NC_072812.1_cds_XP_054558009.1_870,0.0053400011989942,0.0230534065902218,0.2316361002047856,GCF_003013715.1,耳念珠菌 (Candidozyma auris)
RPS4A,RPS42,0.0,0.3406201648207568,0.0,GCF_003013715.1,耳念珠菌 (Candidozyma auris)
RPL8B,RPL82,0.0423961403849202,0.7213404044746947,0.058774110145396,GCF_003013715.1,耳念珠菌 (Candidozyma auris)
lcl|NC_072816.1_cds_XP_028888787.2_4308,POL30,0.0,0.0060729076744645,0.0,GCF_003013715.1,耳念珠菌 (Candidozyma auris)
lcl|NC_072818.1_cds_XP_028889341.1_5282,lcl|NC_072815.1_cds_XP_028888230.1_3819,0.0068985826991164,0.7188653131465159,0.0095964884839427,GCF_003013715.1,耳念珠菌 (Candidozyma auris)
lcl|NC_072814.1_cds_XP_028889460.1_2591,lcl|NC_072813.1_cds_XP_028891344.1_2510,0.072592266657962,0.5508767746813945,0.1317758707470406,GCF_003013715.1,耳念珠菌 (Candidozyma auris)
HHT1,HHT2,0.0230787440000652,0.4795940065848301,0.0481214187066432,GCF_003013715.1,耳念珠菌 (Candidozyma auris)
HHT1,HHT21,0.0225338838235408,0.5473359853047944,0.0411701120126286,GCF_003013715.1,耳念珠菌 (Candidozyma auris)
HHT2,HHT21,0.0,0.2867028683457722,0.0,GCF_003013715.1,耳念珠菌 (Candidozyma auris)
HTA3,HTA2,0.3928960728444114,0.6557316515067289,0.5991720423158187,GCF_003013715.1,耳念珠菌 (Candidozyma auris)
RPP2A,RPP2B,0.2456721678239793,0.5282216760319202,0.4650929315690056,GCF_003013715.1,耳念珠菌 (Candidozyma auris)
lcl|NC_072812.1_cds_XP_028892612.2_911,RPP1A,0.2346404889547535,0.5857120380032955,0.4006072502020751,GCF_003013715.1,耳念珠菌 (Candidozyma auris)
HHF22,HHF1,0.0,0.2973114544411847,0.0,GCF_003013715.1,耳念珠菌 (Candidozyma auris)
lcl|NC_072812.1_cds_XP_028890062.1_581,PGA58,0.1588120530698744,0.5905722082834626,0.2689121683044859,GCF_003013715.1,耳念珠菌 (Candidozyma auris)
LOC116777700,LOC116777322,0.0276650533629888,0.1194899461464816,0.2315262016192933,GCF_018135715.1,帝王蝶 (Danaus plexippus)
LOC116774452,LOC133319662,0.0008728225882347,0.0356993452698695,0.0244492603894164,GCF_018135715.1,帝王蝶 (Danaus plexippus)
LOC116771017,LOC133318746,0.0141080041573557,0.0345467642080251,0.4083741120413953,GCF_018135715.1,帝王蝶 (Danaus plexippus)
LOC133318862,LOC133318860,0.0002233056698918,0.0023731067920492,0.0940984496104666,GCF_018135715.1,帝王蝶 (Danaus plexippus)
LOC133318862,LOC133320198,0.0647806087464688,0.0825461179686374,0.7847808030303929,GCF_018135715.1,帝王蝶 (Danaus plexippus)
LOC133318862,LOC133320139,0.0647839736144025,0.0825309635481228,0.7849656762655846,GCF_018135715.1,帝王蝶 (Danaus plexippus)
LOC133318862,LOC116779733,0.0647839736144025,0.081368623137251,0.7961788109051099,GCF_018135715.1,帝王蝶 (Danaus plexippus)
LOC133318860,LOC133320198,0.0647806087464688,0.0825461179686374,0.7847808030303929,GCF_018135715.1,帝王蝶 (Danaus plexippus)
LOC133318860,LOC133320139,0.0647839736144025,0.0825309635481228,0.7849656762655846,GCF_018135715.1,帝王蝶 (Danaus plexippus)
LOC133318860,LOC116779733,0.0647839736144025,0.081368623137251,0.7961788109051099,GCF_018135715.1,帝王蝶 (Danaus plexippus)
LOC133320196,LOC116769963,0.0045477653240065,0.0088538390984729,0.5136489689304325,GCF_018135715.1,帝王蝶 (Danaus plexippus)
LOC116779473,LOC116765232,0.0,0.0168168480418742,0.0,GCF_018135715.1,帝王蝶 (Danaus plexippus)
LOC116772278,LOC133319110,0.0018241051337054,0.0123782207301202,0.1473640819206627,GCF_018135715.1,帝王蝶 (Danaus plexippus)
LOC133320773,LOC116767019,0.0005735041380578,0.0010043523429265,0.5710188681262496,GCF_018135715.1,帝王蝶 (Danaus plexippus)
LOC133320773,LOC133320631,0.0013739413047787,0.0038210558689304,0.3595711112078826,GCF_018135715.1,帝王蝶 (Danaus plexippus)
LOC133320652,LOC116767019,0.0008604618755383,0.0010041842504339,0.856876489714366,GCF_018135715.1,帝王蝶 (Danaus plexippus)
LOC133320652,LOC133320631,0.0016491073982727,0.0038204476116246,0.4316529281163034,GCF_018135715.1,帝王蝶 (Danaus plexippus)
LOC133320631,LOC133320629,0.0005492996675093,0.0009532889748627,0.5762152736408029,GCF_018135715.1,帝王蝶 (Danaus plexippus)
LOC133320631,LOC133320626,0.0010989012954959,0.00382166431995,0.2875452168207066,GCF_018135715.1,帝王蝶 (Danaus plexippus)
LOC133320631,LOC133320775,0.0008605441494843,0.0030155845619021,0.2853656171198686,GCF_018135715.1,帝王蝶 (Danaus plexippus)
LOC133320631,LOC133320654,0.0008605852923575,0.0020087055863995,0.4284277886139172,GCF_018135715.1,帝王蝶 (Danaus plexippus)
LOC133320629,LOC133320626,0.001648956325652,0.0028644210502465,0.5756682752733348,GCF_018135715.1,帝王蝶 (Danaus plexippus)
LOC133320629,LOC133320775,0.001434789284491,0.0040234798924884,0.3566040648468772,GCF_018135715.1,帝王蝶 (Danaus plexippus)
LOC133320629,LOC133320654,0.0014348579084703,0.0030150794374992,0.4758938987227771,GCF_018135715.1,帝王蝶 (Danaus plexippus)
LOC133320626,LOC116767019,0.0002866835526329,0.0010045204917032,0.2853934339825119,GCF_018135715.1,帝王蝶 (Danaus plexippus)
LOC133320598,LOC133320740,0.0011565152638615,0.0030160898555833,0.383448544054669,GCF_018135715.1,帝王蝶 (Danaus plexippus)
LOC133320598,LOC133320631,0.0186993847674352,0.0254385242548067,0.7350813506369931,GCF_018135715.1,帝王蝶 (Danaus plexippus)
LOC133320597,LOC133320740,0.0011565152638615,0.0030160898555833,0.383448544054669,GCF_018135715.1,帝王蝶 (Danaus plexippus)
LOC133320597,LOC133320631,0.0186993847674352,0.0254385242548067,0.7350813506369931,GCF_018135715.1,帝王蝶 (Danaus plexippus)
LOC133320775,LOC133320654,0.0,0.0010041842504339,0.0,GCF_018135715.1,帝王蝶 (Danaus plexippus)
LOC133320775,LOC133320739,0.0011478313015688,0.0020076973675677,0.5717152993827175,GCF_018135715.1,帝王蝶 (Danaus plexippus)
LOC133320775,LOC116767019,0.0005734493254617,0.0020107250649433,0.285195293707594,GCF_018135715.1,帝王蝶 (Danaus plexippus)
LOC133320775,LOC133320657,0.0011478313015688,0.0020076973675677,0.5717152993827175,GCF_018135715.1,帝王蝶 (Danaus plexippus)
LOC133320739,LOC133320657,0.0011482157060397,0.0020053487883016,0.572576557623262,GCF_018135715.1,帝王蝶 (Danaus plexippus)
LOC133320739,LOC133320654,0.0011478862007342,0.0010030091765707,1.1444423715632008,GCF_018135715.1,帝王蝶 (Danaus plexippus)
LOC133320739,LOC116767019,0.0017222415834704,0.0040221313088847,0.4281912874565073,GCF_018135715.1,帝王蝶 (Danaus plexippus)
LOC133320657,LOC133320654,0.0011478862007342,0.0010030091765707,1.1444423715632008,GCF_018135715.1,帝王蝶 (Danaus plexippus)
LOC133320657,LOC116767019,0.0017222415834704,0.0040221313088847,0.4281912874565073,GCF_018135715.1,帝王蝶 (Danaus plexippus)
LOC133320654,LOC116767019,0.0005734767304501,0.003017606753148,0.1900435601331515,GCF_018135715.1,帝王蝶 (Danaus plexippus)
LOC133320628,LOC133320775,0.0103692732665952,0.023619985584631,0.439004216553894,GCF_018135715.1,帝王蝶 (Danaus plexippus)
LOC133320628,LOC133320654,0.0103697734002092,0.0225810729776059,0.4592241214796619,GCF_018135715.1,帝王蝶 (Danaus plexippus)
LOC133320628,LOC133320631,0.0074646649527529,0.014331109294087,0.5208713993851702,GCF_018135715.1,帝王蝶 (Danaus plexippus)
LOC133320628,LOC133320739,0.0108101284309517,0.0241093703492949,0.4483787122739121,GCF_018135715.1,帝王蝶 (Danaus plexippus)
LOC133320740,LOC133320637,0.0017357770525031,0.0030140696961883,0.5758914781228561,GCF_018135715.1,帝王蝶 (Danaus plexippus)
LOC133320740,LOC133320739,0.018907233507999,0.0300912204044938,0.6283305646578371,GCF_018135715.1,帝王蝶 (Danaus plexippus)
LOC133320637,LOC133320739,0.0200964760417066,0.0269393056208326,0.7459908701642883,GCF_018135715.1,帝王蝶 (Danaus plexippus)
LOC116776548,LOC133319387,0.0020343921410621,0.003126632980525,0.6506654774429301,GCF_018135715.1,帝王蝶 (Danaus plexippus)
LOC116776548,LOC133320356,0.0023256959379335,0.0094159911569751,0.2469942780490752,GCF_018135715.1,帝王蝶 (Danaus plexippus)
LOC133319387,LOC133320356,0.001452362963542,0.0062696289870677,0.2316505436825452,GCF_018135715.1,帝王蝶 (Danaus plexippus)
LOC133319462,LOC116774059,0.009776748167408,0.0285420697643525,0.3425381637746058,GCF_018135715.1,帝王蝶 (Danaus plexippus)
LOC116770537,LOC133318758,0.0090041573063748,0.0248597595869991,0.3621980846139676,GCF_018135715.1,帝王蝶 (Danaus plexippus)
LOC133320402,LOC133320198,0.0005971337895053,0.0010420286497354,0.5730493011463578,GCF_018135715.1,帝王蝶 (Danaus plexippus)
LOC133320402,LOC133320139,0.0005971635050491,0.0010418477105124,0.5731773454254928,GCF_018135715.1,帝王蝶 (Danaus plexippus)
LOC133320402,LOC133319222,0.0008959236543963,0.0010418477105124,0.859937249327584,GCF_018135715.1,帝王蝶 (Danaus plexippus)
LOC133319225,LOC133320198,0.0005971040769187,0.0031309838478839,0.1907081307117961,GCF_018135715.1,帝王蝶 (Danaus plexippus)
LOC133319225,LOC133320139,0.0005971337895053,0.0031304393273727,0.1907507947156095,GCF_018135715.1,帝王蝶 (Danaus plexippus)
LOC133319225,LOC116779733,0.0005971337895053,0.0020855070789292,0.2863254675749861,GCF_018135715.1,帝王蝶 (Danaus plexippus)
LOC133319225,LOC133319222,0.0008958790633219,0.0031304393273727,0.2861831741916669,GCF_018135715.1,帝王蝶 (Danaus plexippus)
LOC133319222,LOC133320198,0.0002985223184841,0.0020851446966936,0.143166236356412,GCF_018135715.1,帝王蝶 (Danaus plexippus)
LOC133319222,LOC133320139,0.0002985371718191,0.0020847824403728,0.1431982378774093,GCF_018135715.1,帝王蝶 (Danaus plexippus)
LOC133319222,LOC116779733,0.0002985371718191,0.0010416668341157,0.2865956388758254,GCF_018135715.1,帝王蝶 (Danaus plexippus)
LOC133319222,LOC133319044,0.0005972229450101,0.0010414860205123,0.5734334722192018,GCF_018135715.1,帝王蝶 (Danaus plexippus)
LOC133320198,LOC133320139,0.0,0.0020851446966936,0.0,GCF_018135715.1,帝王蝶 (Danaus plexippus)
LOC133320198,LOC116779733,0.0,0.0010418477105124,0.0,GCF_018135715.1,帝王蝶 (Danaus plexippus)
LOC133320198,LOC133319044,0.0002985371718191,0.0031293508543504,0.095399073390613,GCF_018135715.1,帝王蝶 (Danaus plexippus)
LOC133319018,LOC133320198,0.0023919888716301,0.0147089287988937,0.1626215548619752,GCF_018135715.1,帝王蝶 (Danaus plexippus)
LOC133319018,LOC133320139,0.0023921080778958,0.0147063535412821,0.1626581375988928,GCF_018135715.1,帝王蝶 (Danaus plexippus)
LOC133319018,LOC116779733,0.0023921080778958,0.0136462826934218,0.1752937508065062,GCF_018135715.1,帝王蝶 (Danaus plexippus)
LOC133319018,LOC133319222,0.0026916587558669,0.012587708064616,0.213832314989349,GCF_018135715.1,帝王蝶 (Danaus plexippus)
LOC133319044,LOC133320139,0.0002985520266323,0.0031288069016419,0.0954204065695693,GCF_018135715.1,帝王蝶 (Danaus plexippus)
LOC133319044,LOC116779733,0.0002985520266323,0.0020844203099013,0.143230242583117,GCF_018135715.1,帝王蝶 (Danaus plexippus)
LOC133320139,LOC116779733,0.0,0.0010416668341157,0.0,GCF_018135715.1,帝王蝶 (Danaus plexippus)
LOC133320658,LOC133320626,0.0122029726268784,0.0179265091133212,0.6807221946971488,GCF_018135715.1,帝王蝶 (Danaus plexippus)
LOC133320658,LOC116767019,0.0122029726268784,0.0167815435579586,0.7271662815004429,GCF_018135715.1,帝王蝶 (Danaus plexippus)
LOC133320658,LOC133320773,0.0125260533627208,0.0179231268565736,0.6988765667373859,GCF_018135715.1,帝王蝶 (Danaus plexippus)
LOC133320658,LOC133320775,0.0128493075132264,0.0190660238803801,0.673937449876428,GCF_018135715.1,帝王蝶 (Danaus plexippus)
LOC116774966,LOC133320198,0.0047106116196044,0.0074641764406075,0.6310959631095034,GCF_018135715.1,帝王蝶 (Danaus plexippus)
LOC116774966,LOC133320139,0.0047108666901369,0.007462748139876,0.6312509281889257,GCF_018135715.1,帝王蝶 (Danaus plexippus)
LOC116774966,LOC116779733,0.0047108666901369,0.0063097886507111,0.7465965899834011,GCF_018135715.1,帝王蝶 (Danaus plexippus)
LOC116774966,LOC133319222,0.0050368473537497,0.007462748139876,0.6749319767119175,GCF_018135715.1,帝王蝶 (Danaus plexippus)
LOC133319699,LOC133320631,0.0092440136810137,0.0078130669094572,1.1831478967400717,GCF_018135715.1,帝王蝶 (Danaus plexippus)
LOC133319699,LOC133320626,0.0092435080703822,0.0101172315538978,0.9136400626138708,GCF_018135715.1,帝王蝶 (Danaus plexippus)
LOC133319699,LOC133320598,0.0088593395879454,0.009153431694352,0.9678708361817968,GCF_018135715.1,帝王蝶 (Danaus plexippus)
LOC133319699,LOC133320597,0.0088593395879454,0.009153431694352,0.9678708361817968,GCF_018135715.1,帝王蝶 (Danaus plexippus)
LOC133320829,LOC133320198,0.0045390881753135,0.0094443907803916,0.4806120670840457,GCF_018135715.1,帝王蝶 (Danaus plexippus)
LOC133320829,LOC133320139,0.004539336422436,0.009442570770054,0.4807309929656034,GCF_018135715.1,帝王蝶 (Danaus plexippus)
LOC133320829,LOC116779733,0.004539336422436,0.0082799300515019,0.5482336679417494,GCF_018135715.1,帝王蝶 (Danaus plexippus)
LOC133320829,LOC133319222,0.0048685485134635,0.0071190888549669,0.6838724185984552,GCF_018135715.1,帝王蝶 (Danaus plexippus)
LOC133320708,LOC133320775,0.0043025105583138,0.0023108048320835,1.861909971182809,GCF_018135715.1,帝王蝶 (Danaus plexippus)
LOC133320708,LOC133320657,0.0043027479002246,0.0011542903394272,3.727613195099168,GCF_018135715.1,帝王蝶 (Danaus plexippus)
LOC133320708,LOC133320654,0.0043027479002246,0.0011542903394272,3.727613195099168,GCF_018135715.1,帝王蝶 (Danaus plexippus)
LOC133320708,LOC133320628,0.0043027479002246,0.0011542903394272,3.727613195099168,GCF_018135715.1,帝王蝶 (Danaus plexippus)
LOC133320307,LOC133320198,0.0520569584292203,0.0452967827173047,1.1492418513276224,GCF_018135715.1,帝王蝶 (Danaus plexippus)
LOC133320307,LOC133320139,0.0520599508916435,0.0452877826543042,1.1495363173117443,GCF_018135715.1,帝王蝶 (Danaus plexippus)
LOC133320307,LOC116779733,0.0520599508916435,0.0440602864719534,1.181561788636628,GCF_018135715.1,帝王蝶 (Danaus plexippus)
LOC133320307,LOC133319222,0.0524170512435868,0.0428347960032122,1.223702600093066,GCF_018135715.1,帝王蝶 (Danaus plexippus)
LOC116770359,LOC116770054,0.1265675854092836,0.5743745828302456,0.2203572184298592,GCF_018135715.1,帝王蝶 (Danaus plexippus)
LOC133319515,LOC133320637,0.0030762262564272,0.0035956920649867,0.8555310635140639,GCF_018135715.1,帝王蝶 (Danaus plexippus)
LOC133319515,LOC133320739,0.0044467378423912,0.00359784819482,1.2359437090184546,GCF_018135715.1,帝王蝶 (Danaus plexippus)
LOC133319515,LOC133320740,0.0034180302978375,0.0048019371720847,0.7118023779460804,GCF_018135715.1,帝王蝶 (Danaus plexippus)
LOC133319515,LOC133320775,0.0044449640022295,0.003602889234484,1.2337220805141222,GCF_018135715.1,帝王蝶 (Danaus plexippus)
LOC116770937,LOC116770720,0.0715805358003262,0.4266744781474737,0.1677638093356627,GCF_018135715.1,帝王蝶 (Danaus plexippus)
LOC116771513,LOC133318857,0.002336590470593,0.0326574407790766,0.0715484868027406,GCF_018135715.1,帝王蝶 (Danaus plexippus)
LOC133320822,LOC133320631,0.0105006965570224,0.0037267157423902,2.8176811119721483,GCF_018135715.1,帝王蝶 (Danaus plexippus)
LOC133320822,LOC133320598,0.0092109744813038,0.0058015345570995,1.5876789822844537,GCF_018135715.1,帝王蝶 (Danaus plexippus)
LOC133320822,LOC133320597,0.0092109744813038,0.0058015345570995,1.5876789822844537,GCF_018135715.1,帝王蝶 (Danaus plexippus)
LOC133320822,LOC133320775,0.0105000840014838,0.0049741114965237,2.110946650235309,GCF_018135715.1,帝王蝶 (Danaus plexippus)
LOC116771941,LOC133320252,0.0054459054799569,0.019934728353534,0.2731868417455256,GCF_018135715.1,帝王蝶 (Danaus plexippus)
LOC116771941,LOC133320255,0.0057895621812513,0.0416598457375199,0.1389722424256881,GCF_018135715.1,帝王蝶 (Danaus plexippus)
LOC133319549,LOC133319395,0.0084258715163744,0.0296143550507673,0.2845198385016358,GCF_018135715.1,帝王蝶 (Danaus plexippus)
LOC133318859,LOC116771637,0.0024694283833243,0.0255058136009496,0.0968182557106266,GCF_018135715.1,帝王蝶 (Danaus plexippus)
LOC133320816,LOC133320198,0.0022141599204554,0.0065034008181411,0.3404618571684876,GCF_018135715.1,帝王蝶 (Danaus plexippus)
LOC133320816,LOC133320139,0.0022142961096015,0.0065019913074584,0.3405566087210062,GCF_018135715.1,帝王蝶 (Danaus plexippus)
LOC133320816,LOC116779733,0.0022142961096015,0.0051970757977577,0.4260657715550101,GCF_018135715.1,帝王蝶 (Danaus plexippus)
LOC133320816,LOC133319222,0.0025839818841845,0.0065019913074584,0.39741392474955,GCF_018135715.1,帝王蝶 (Danaus plexippus)
LOC116771483,LOC133320667,0.0198379165181869,0.0253341335707445,0.78305091677165,GCF_018135715.1,帝王蝶 (Danaus plexippus)
LOC116771483,LOC133320638,0.0032082750999143,0.0125638594605733,0.2553574488780447,GCF_018135715.1,帝王蝶 (Danaus plexippus)
LOC133318835,LOC116773347,0.000378048020102,0.0138989384179001,0.0271997766113699,GCF_018135715.1,帝王蝶 (Danaus plexippus)
LOC116777377,LOC133320825,0.019414633102852,0.0493666850802608,0.393273987736619,GCF_018135715.1,帝王蝶 (Danaus plexippus)
LOC116770682,LOC133318788,0.1226283330148794,0.5250268811663492,0.2335658180824192,GCF_018135715.1,帝王蝶 (Danaus plexippus)
LOC116776791,LOC116777045,0.1353345941374268,0.2079587145251231,0.6507762583860237,GCF_018135715.1,帝王蝶 (Danaus plexippus)
LOC133318861,LOC133318862,0.0,0.002816904719854,0.0,GCF_018135715.1,帝王蝶 (Danaus plexippus)
LOC133318861,LOC133318860,0.0003882238844368,0.007060536964105,0.0549850367486915,GCF_018135715.1,帝王蝶 (Danaus plexippus)
LOC133320309,LOC116771711,0.0042815555785513,0.0257146437910888,0.1665026205820952,GCF_018135715.1,帝王蝶 (Danaus plexippus)
LOC133319325,LOC133319326,0.0434615335938867,0.0433739691413668,1.002018824983126,GCF_018135715.1,帝王蝶 (Danaus plexippus)
LOC133320667,LOC133320638,0.0276013542113038,0.0307774944483673,0.8968031578271656,GCF_018135715.1,帝王蝶 (Danaus plexippus)
LOC116770038,LOC133320187,0.0,0.0042432927898941,0.0,GCF_018135715.1,帝王蝶 (Danaus plexippus)
LOC133319932,LOC116779708,0.0012472286688062,0.017708643628517,0.0704305024693013,GCF_018135715.1,帝王蝶 (Danaus plexippus)
LOC133320033,LOC133320198,0.0081070438769696,0.0317091526716723,0.2556688903331116,GCF_018135715.1,帝王蝶 (Danaus plexippus)
LOC133320033,LOC133320139,0.0081076154372664,0.0285989941698904,0.2834930273807439,GCF_018135715.1,帝王蝶 (Danaus plexippus)
LOC133320033,LOC116779733,0.0081076154372664,0.0301484481082697,0.2689231435114085,GCF_018135715.1,帝王蝶 (Danaus plexippus)
LOC133320033,LOC133319222,0.008533036733918,0.0285989941698904,0.2983684210440431,GCF_018135715.1,帝王蝶 (Danaus plexippus)
LOC116773320,LOC133318712,0.0012665356232502,0.0349076660544231,0.0362824492842243,GCF_018135715.1,帝王蝶 (Danaus plexippus)
LOC133319860,LOC133320356,0.0424082198543325,0.050771787250327,0.8352713613417133,GCF_018135715.1,帝王蝶 (Danaus plexippus)
LOC133319860,LOC133319387,0.0438761154841334,0.0525446536910654,0.8350253051833133,GCF_018135715.1,帝王蝶 (Danaus plexippus)
LOC133319860,LOC116776548,0.0443718442776704,0.0542778004222625,0.8174952546432022,GCF_018135715.1,帝王蝶 (Danaus plexippus)
LOC133319860,LOC133319318,0.0318340995773909,0.0485557330423144,0.6556197915835971,GCF_018135715.1,帝王蝶 (Danaus plexippus)
LOC116772266,LOC133319082,0.0459991736207567,0.0561936741906205,0.818582772586074,GCF_018135715.1,帝王蝶 (Danaus plexippus)
LOC116769461,LOC133319170,0.0083673310825016,0.0600852603735538,0.1392576320795062,GCF_018135715.1,帝王蝶 (Danaus plexippus)
LOC116768811,LOC133320120,0.0004660918350892,0.0272561669749911,0.017100417513471,GCF_018135715.1,帝王蝶 (Danaus plexippus)
LOC116773175,LOC133320365,0.0118233363725657,0.0370080005291215,0.3194805502464781,GCF_018135715.1,帝王蝶 (Danaus plexippus)
LOC133320649,LOC133320652,0.0,0.0015806117546735,0.0,GCF_018135715.1,帝王蝶 (Danaus plexippus)
LOC133320649,LOC133320773,0.0004580502470797,0.001581028253468,0.2897166739905015,GCF_018135715.1,帝王蝶 (Danaus plexippus)
LOC133320649,LOC133320626,0.0004580502470797,0.001581028253468,0.2897166739905015,GCF_018135715.1,帝王蝶 (Danaus plexippus)
LOC133320649,LOC116767019,0.0004580502470797,0.001581028253468,0.2897166739905015,GCF_018135715.1,帝王蝶 (Danaus plexippus)
LOC133320552,LOC133320775,0.0041325580947594,0.0143506902812753,0.2879692902404532,GCF_018135715.1,帝王蝶 (Danaus plexippus)
LOC133320552,LOC133320739,0.0041328743796981,0.0143468774317464,0.2880678669877686,GCF_018135715.1,帝王蝶 (Danaus plexippus)
LOC133320552,LOC133320654,0.0041328743796981,0.0127391597743079,0.3244228389405449,GCF_018135715.1,帝王蝶 (Danaus plexippus)
LOC133320552,LOC133320628,0.0041328743796981,0.0127391597743079,0.3244228389405449,GCF_018135715.1,帝王蝶 (Danaus plexippus)
LOC133318844,LOC116775335,0.009698654060631,0.0100153233344039,0.9683815226728504,GCF_018135715.1,帝王蝶 (Danaus plexippus)
LOC133320865,LOC116777624,0.0165498346391447,0.0368811401531364,0.4487343550233864,GCF_018135715.1,帝王蝶 (Danaus plexippus)
LOC133318836,LOC116774421,0.0013696549233408,0.028728826439144,0.0476752827423065,GCF_018135715.1,帝王蝶 (Danaus plexippus)
LOC133320348,LOC116773040,0.0082315031362243,0.038779458813447,0.2122645180744501,GCF_018135715.1,帝王蝶 (Danaus plexippus)
LOC133319582,LOC133320631,0.0032874191643949,0.0082282778136404,0.3995270017433341,GCF_018135715.1,帝王蝶 (Danaus plexippus)
LOC133319582,LOC133320626,0.0032871618716274,0.0115482072584724,0.2846469411272327,GCF_018135715.1,帝王蝶 (Danaus plexippus)
LOC133319582,LOC133320598,0.0037576405517355,0.0082327939733631,0.4564234892666052,GCF_018135715.1,帝王蝶 (Danaus plexippus)
LOC133319582,LOC133320597,0.0037576405517355,0.0082327939733631,0.4564234892666052,GCF_018135715.1,帝王蝶 (Danaus plexippus)
LOC116779631,LOC133318711,0.0004706251625129,0.0306948207819131,0.0153323964931014,GCF_018135715.1,帝王蝶 (Danaus plexippus)
LOC116775527,LOC133319721,0.070808466585669,0.1181038323764291,0.5995441905727763,GCF_018135715.1,帝王蝶 (Danaus plexippus)
LOC133320721,LOC133320775,0.0029821112847295,0.0085519740733587,0.3487044346894691,GCF_018135715.1,帝王蝶 (Danaus plexippus)
LOC133320721,LOC133320739,0.0029823583329561,0.0085495368663719,0.3488327355703539,GCF_018135715.1,帝王蝶 (Danaus plexippus)
LOC133320721,LOC133320654,0.0029823583329561,0.0068318149589207,0.4365396824839178,GCF_018135715.1,帝王蝶 (Danaus plexippus)
LOC133320721,LOC133320628,0.0063929096871748,0.0054049162420208,1.1827953294581703,GCF_018135715.1,帝王蝶 (Danaus plexippus)
LOC133320788,LOC116772610,0.0221413281357136,0.04772021986791,0.4639821064739656,GCF_018135715.1,帝王蝶 (Danaus plexippus)
LOC116768902,LOC116773016,0.0479456890264837,0.2188628681996888,0.2190672607961001,GCF_018135715.1,帝王蝶 (Danaus plexippus)
LOC133319318,LOC133320356,0.0220793678012629,0.0401989843392263,0.5492518819615501,GCF_018135715.1,帝王蝶 (Danaus plexippus)
LOC133319318,LOC133319387,0.0236463469961566,0.042089751413059,0.5618077133337483,GCF_018135715.1,帝王蝶 (Danaus plexippus)
LOC133319318,LOC116776548,0.0241727492054208,0.043947526504057,0.5500366261384324,GCF_018135715.1,帝王蝶 (Danaus plexippus)
LOC116769574,LOC133319175,0.0023177973636136,0.0064795219430308,0.3577111681991543,GCF_018135715.1,帝王蝶 (Danaus plexippus)
LOC116776539,LOC133319860,0.0397528549921347,0.0469053370548678,0.8475124045187769,GCF_018135715.1,帝王蝶 (Danaus plexippus)
LOC116776539,LOC133320356,0.0410949626834939,0.0630528650413534,0.6517540901042591,GCF_018135715.1,帝王蝶 (Danaus plexippus)
LOC116776539,LOC133319387,0.0427712544802933,0.0651111953390965,0.6568955501053598,GCF_018135715.1,帝王蝶 (Danaus plexippus)
LOC116776539,LOC116776548,0.0433372968715514,0.0671126746012643,0.6457393797673954,GCF_018135715.1,帝王蝶 (Danaus plexippus)
LOC116774254,LOC116774283,0.0026595772550629,0.0095725613467801,0.2778333988904166,GCF_018135715.1,帝王蝶 (Danaus plexippus)
LOC116779540,LOC133318967,0.0262134944080838,0.0429199333819238,0.6107533805987664,GCF_018135715.1,帝王蝶 (Danaus plexippus)
LOC116769422,LOC133319150,0.0005432814435312,0.0211011360536388,0.0257465494819939,GCF_018135715.1,帝王蝶 (Danaus plexippus)
LOC133319303,LOC133319302,0.0037878868395514,0.0178108633875274,0.2126728366354217,GCF_018135715.1,帝王蝶 (Danaus plexippus)
LOC133319303,LOC133319270,0.0624827955092794,0.080382784938168,0.7773156349004623,GCF_018135715.1,帝王蝶 (Danaus plexippus)
LOC133318716,LOC116767981,0.0051663838293842,0.0139136604989838,0.3713173704189154,GCF_018135715.1,帝王蝶 (Danaus plexippus)
LOC116767527,LOC133320165,0.001196172502362,0.0180489993669352,0.0662736187222278,GCF_018135715.1,帝王蝶 (Danaus plexippus)
LOC133320601,LOC133320658,0.0205202902720235,0.0336426407004897,0.6099488579005872,GCF_018135715.1,帝王蝶 (Danaus plexippus)
LOC133320601,LOC133320631,0.0203143179793707,0.0279394429598667,0.7270838580622735,GCF_018135715.1,帝王蝶 (Danaus plexippus)
LOC133320601,LOC133320626,0.0209262090966983,0.0279394429598667,0.7489844778493825,GCF_018135715.1,帝王蝶 (Danaus plexippus)
LOC133320594,LOC133320658,0.0205202902720235,0.0336426407004897,0.6099488579005872,GCF_018135715.1,帝王蝶 (Danaus plexippus)
LOC133320594,LOC133320631,0.0203143179793707,0.0279394429598667,0.7270838580622735,GCF_018135715.1,帝王蝶 (Danaus plexippus)
LOC133320594,LOC133320626,0.0209262090966983,0.0279394429598667,0.7489844778493825,GCF_018135715.1,帝王蝶 (Danaus plexippus)
LOC116773121,LOC133320327,0.0056897857234302,0.0221535093276479,0.2568345104732145,GCF_018135715.1,帝王蝶 (Danaus plexippus)
LOC116778395,LOC116778517,0.0007815553657625,0.0188466925106289,0.0414690994359742,GCF_018135715.1,帝王蝶 (Danaus plexippus)
LOC116778395,LOC133319864,0.0125772631688625,0.0405988483572311,0.3097935945915163,GCF_018135715.1,帝王蝶 (Danaus plexippus)
LOC116773711,LOC116773704,0.0233919883844712,0.0545476190204098,0.4288361032902058,GCF_018135715.1,帝王蝶 (Danaus plexippus)
LOC133320656,LOC133320649,0.0053054227492756,0.0092243357664276,0.5751549904097124,GCF_018135715.1,帝王蝶 (Danaus plexippus)
LOC133320656,LOC133320708,0.0083816885967778,0.0113773217547351,0.7367013764280181,GCF_018135715.1,帝王蝶 (Danaus plexippus)
LOC133320656,LOC133320552,0.0102352241812726,0.026567334361272,0.3852559704368705,GCF_018135715.1,帝王蝶 (Danaus plexippus)
LOC133320656,LOC133320822,0.0132270423008699,0.0074495114052899,1.775558366348342,GCF_018135715.1,帝王蝶 (Danaus plexippus)
LOC116779420,LOC116779377,0.0,0.0064935470573359,0.0,GCF_018135715.1,帝王蝶 (Danaus plexippus)
LOC133318704,LOC116775277,0.0043631953516854,0.0324024472566743,0.1346563522539721,GCF_018135715.1,帝王蝶 (Danaus plexippus)
LOC116775641,LOC133319732,0.0,0.0039318569736374,0.0,GCF_018135715.1,帝王蝶 (Danaus plexippus)
LOC116771862,LOC133320278,0.0304262789901471,0.0537071492835922,0.5665219509135729,GCF_018135715.1,帝王蝶 (Danaus plexippus)
LOC116775773,LOC116775775,0.0411471086022403,0.3456114023934981,0.1190559927053332,GCF_018135715.1,帝王蝶 (Danaus plexippus)
LOC133320082,LOC116766398,0.0019183640428065,0.0179851255794966,0.1066639226024379,GCF_018135715.1,帝王蝶 (Danaus plexippus)
LOC133319587,LOC116768349,0.0,0.004296467174043,0.0,GCF_018135715.1,帝王蝶 (Danaus plexippus)
LOC133318726,LOC116769964,0.0006466214432225,0.0065526445209033,0.0986809892036327,GCF_018135715.1,帝王蝶 (Danaus plexippus)
LOC116765836,LOC133320881,0.0527119030280828,0.0790014518918808,0.6672270162860156,GCF_018135715.1,帝王蝶 (Danaus plexippus)
LOC116765836,LOC133319453,0.0446037370454671,0.0621893056805272,0.7172251974415184,GCF_018135715.1,帝王蝶 (Danaus plexippus)
LOC133320110,LOC133319267,0.0037387913916889,0.0083026678156851,0.450312053268676,GCF_018135715.1,帝王蝶 (Danaus plexippus)
LOC116768407,LOC133319575,0.0866377518818036,0.1169652874716546,0.7407133667995254,GCF_018135715.1,帝王蝶 (Danaus plexippus)
LOC116768341,LOC133319665,0.008328548472431,0.0086706168008069,0.9605485588586824,GCF_018135715.1,帝王蝶 (Danaus plexippus)
LOC116770295,LOC116770446,0.0950325023131607,0.1647496629975939,0.5768297220404551,GCF_018135715.1,帝王蝶 (Danaus plexippus)
LOC133319121,LOC133320015,0.0193466662221436,0.0978011247116964,0.1978163981158178,GCF_018135715.1,帝王蝶 (Danaus plexippus)
LOC133319121,LOC133319237,0.018341124916563,0.10584400443356,0.1732844955622972,GCF_018135715.1,帝王蝶 (Danaus plexippus)
LOC133319121,LOC133320098,0.1095230479213443,0.227836255730633,0.4807094795783143,GCF_018135715.1,帝王蝶 (Danaus plexippus)
LOC133319121,LOC133320381,0.0500051862718954,0.1467035487413341,0.3408587365535647,GCF_018135715.1,帝王蝶 (Danaus plexippus)
LOC133319572,LOC133320307,0.003320426010072,0.011507705624633,0.2885393594848709,GCF_018135715.1,帝王蝶 (Danaus plexippus)
LOC133319572,LOC133320816,0.0059860643679668,0.0232126845308258,0.257879021274661,GCF_018135715.1,帝王蝶 (Danaus plexippus)
LOC133319572,LOC133320033,0.01762232052675,0.032295898600061,0.5456519648199785,GCF_018135715.1,帝王蝶 (Danaus plexippus)
LOC133320015,LOC133319237,0.005870871465185,0.0719729911963077,0.0815704803649493,GCF_018135715.1,帝王蝶 (Danaus plexippus)
LOC133320015,LOC133320098,0.1122565745838832,0.2387828556857888,0.4701199098297081,GCF_018135715.1,帝王蝶 (Danaus plexippus)
LOC133320015,LOC133320381,0.0377488132135712,0.150681908207202,0.2505198776860659,GCF_018135715.1,帝王蝶 (Danaus plexippus)
LOC116774985,LOC116774744,0.0560718464414165,0.1521199275271298,0.3686029000468488,GCF_018135715.1,帝王蝶 (Danaus plexippus)
LOC116774985,LOC116774863,0.1277508982371104,0.3095170263599713,0.4127427164169473,GCF_018135715.1,帝王蝶 (Danaus plexippus)
LOC133318706,LOC116779378,0.0013755162039929,0.0264538811396218,0.0519967636027813,GCF_018135715.1,帝王蝶 (Danaus plexippus)
LOC133319501,LOC133320098,0.2494212851206459,0.7310571052164913,0.3411789357368788,GCF_018135715.1,帝王蝶 (Danaus plexippus)
LOC116779096,LOC133320867,0.0065753845826503,0.0213252926979012,0.3083373661406996,GCF_018135715.1,帝王蝶 (Danaus plexippus)
LOC116775831,LOC116775904,0.0006894174908061,0.0666841176610787,0.0103385560908239,GCF_018135715.1,帝王蝶 (Danaus plexippus)
LOC116770007,LOC133320067,0.0,0.0211878497143887,0.0,GCF_018135715.1,帝王蝶 (Danaus plexippus)
LOC133320041,LOC116768130,0.0013492245599593,0.0099835084786795,0.1351453312070335,GCF_018135715.1,帝王蝶 (Danaus plexippus)
LOC133320255,LOC133320252,0.0116188677483704,0.0404308409561547,0.2873763561082123,GCF_018135715.1,帝王蝶 (Danaus plexippus)
LOC133320255,LOC133320272,0.0173180361878597,0.0678253909334315,0.2553326409110841,GCF_018135715.1,帝王蝶 (Danaus plexippus)
LOC133320252,LOC133320272,0.0081744678435268,0.025502456926045,0.3205364827095706,GCF_018135715.1,帝王蝶 (Danaus plexippus)
LOC133320650,LOC133319582,0.0073770044019758,0.0115472303174952,0.6388548768096246,GCF_018135715.1,帝王蝶 (Danaus plexippus)
LOC116768307,LOC133320103,0.0033316935341451,0.0086420709275852,0.3855202719420519,GCF_018135715.1,帝王蝶 (Danaus plexippus)
LOC133319319,LOC116776539,0.0125891754033674,0.01459308300333,0.8626809975996658,GCF_018135715.1,帝王蝶 (Danaus plexippus)
LOC133319319,LOC133319318,0.0045238508576104,0.0060362498871212,0.7494472465863893,GCF_018135715.1,帝王蝶 (Danaus plexippus)
LOC133319319,LOC133319860,0.0100203447949002,0.0161600649865152,0.6200683476992025,GCF_018135715.1,帝王蝶 (Danaus plexippus)
LOC116770360,LOC133320224,0.0,0.0416452381603418,0.0,GCF_018135715.1,帝王蝶 (Danaus plexippus)
LOC116765775,LOC133319027,0.0645461692249978,0.0943683258985327,0.6839812893830447,GCF_018135715.1,帝王蝶 (Danaus plexippus)
LOC133320878,LOC133319738,0.0106194253224776,0.0163583365880389,0.6491751325279909,GCF_018135715.1,帝王蝶 (Danaus plexippus)
LOC133320878,LOC133319535,0.0113747440888471,0.0163583365880389,0.6953484559771342,GCF_018135715.1,帝王蝶 (Danaus plexippus)
LOC133320878,LOC133319995,0.0121323416016355,0.0163506942806326,0.7420077333355964,GCF_018135715.1,帝王蝶 (Danaus plexippus)
LOC133320878,LOC133320087,0.0113975390920025,0.0163736426558239,0.6960906214689262,GCF_018135715.1,帝王蝶 (Danaus plexippus)
LOC133319381,LOC116768077,0.0014338635028137,0.0359019300267436,0.0399383404108252,GCF_018135715.1,帝王蝶 (Danaus plexippus)
LOC116776147,LOC116776380,0.1034798356798079,0.7372115823388813,0.1403665354137644,GCF_018135715.1,帝王蝶 (Danaus plexippus)
LOC116771182,LOC116771181,0.1581275453264816,0.7463945351918397,0.2118551756087541,GCF_018135715.1,帝王蝶 (Danaus plexippus)
LOC133319276,LOC133319454,0.0095266869813611,0.0162519901892815,0.586185868340245,GCF_018135715.1,帝王蝶 (Danaus plexippus)
LOC133319276,LOC133319034,0.0061162418469796,0.0240598017076706,0.2542099856554363,GCF_018135715.1,帝王蝶 (Danaus plexippus)
LOC133319864,LOC116778517,0.0057049989832321,0.0372901988491584,0.1529892346862846,GCF_018135715.1,帝王蝶 (Danaus plexippus)
LOC133319995,LOC133319267,0.0101302190410592,0.0069316574736156,1.4614425308259142,GCF_018135715.1,帝王蝶 (Danaus plexippus)
LOC133319738,LOC133319267,0.0086197076205985,0.0069348621690499,1.2429529831274837,GCF_018135715.1,帝王蝶 (Danaus plexippus)
LOC133319535,LOC133319267,0.0093739502988729,0.0069348621690499,1.3517140024366343,GCF_018135715.1,帝王蝶 (Danaus plexippus)
LOC116767866,LOC133319401,0.0063166579463337,0.0304481558944916,0.2074561746275229,GCF_018135715.1,帝王蝶 (Danaus plexippus)
LOC133319135,LOC133319738,0.0086197076205985,0.0069348621690499,1.2429529831274837,GCF_018135715.1,帝王蝶 (Danaus plexippus)
LOC133318979,LOC133319738,0.0086197076205985,0.0069348621690499,1.2429529831274837,GCF_018135715.1,帝王蝶 (Danaus plexippus)
LOC133320879,LOC133319738,0.0086197076205985,0.0069348621690499,1.2429529831274837,GCF_018135715.1,帝王蝶 (Danaus plexippus)
LOC133320087,LOC133319267,0.0093927339083276,0.0069412804579213,1.3531702061697717,GCF_018135715.1,帝王蝶 (Danaus plexippus)
LOC133318959,LOC133320552,0.0053469354413025,0.0241848092964237,0.2210865248415772,GCF_018135715.1,帝王蝶 (Danaus plexippus)
LOC133318959,LOC133320721,0.0076521515740023,0.0053027176265848,1.4430622395653776,GCF_018135715.1,帝王蝶 (Danaus plexippus)
LOC133318959,LOC133320649,0.0091908221884109,0.0106479162026833,0.8631568856726004,GCF_018135715.1,帝王蝶 (Danaus plexippus)
LOC133318959,LOC133320656,0.013188068273947,0.0149594793716666,0.8815860462981976,GCF_018135715.1,帝王蝶 (Danaus plexippus)
LOC116775430,LOC116775283,0.0330626657293215,0.1310209284526732,0.2523464466309613,GCF_018135715.1,帝王蝶 (Danaus plexippus)
LOC116770239,LOC133320216,0.0101949027623856,0.0264928206228062,0.3848175665225096,GCF_018135715.1,帝王蝶 (Danaus plexippus)
LOC116779336,LOC116779421,0.0340656231026231,0.1376399094645477,0.2474981510460635,GCF_018135715.1,帝王蝶 (Danaus plexippus)
LOC116779336,LOC133320066,0.0344258605618988,0.1201363360379262,0.2865566047480494,GCF_018135715.1,帝王蝶 (Danaus plexippus)
LOC116779336,LOC133318721,0.0372187603273102,0.1089842152298136,0.3415059717485463,GCF_018135715.1,帝王蝶 (Danaus plexippus)
LOC133320066,LOC116779421,0.0119647462178703,0.0678673403513541,0.1762960822676713,GCF_018135715.1,帝王蝶 (Danaus plexippus)
LOC133320066,LOC133318721,0.0440898279014417,0.1501174967603257,0.2937021256878175,GCF_018135715.1,帝王蝶 (Danaus plexippus)
LOC133320066,LOC116767889,0.174721725496026,0.7478166844931844,0.2336424542525949,GCF_018135715.1,帝王蝶 (Danaus plexippus)
LOC116779421,LOC133318721,0.0380772505394786,0.137709534418181,0.2765040975583426,GCF_018135715.1,帝王蝶 (Danaus plexippus)
LOC116779421,LOC116767889,0.1692248211896778,0.7482252863557395,0.2261682734806971,GCF_018135715.1,帝王蝶 (Danaus plexippus)
LOC133320060,LOC133320059,0.0115802609399736,0.0317660569240674,0.36454826507598,GCF_018135715.1,帝王蝶 (Danaus plexippus)
LOC133320060,LOC116768491,0.0163855671929726,0.0290171587126343,0.5646854454374335,GCF_018135715.1,帝王蝶 (Danaus plexippus)
LOC133320059,LOC116768491,0.0116612870088395,0.0290734075876832,0.4010980471989738,GCF_018135715.1,帝王蝶 (Danaus plexippus)
LOC116769786,LOC133320110,0.006212823515754,0.0111010352266965,0.5596616341521946,GCF_018135715.1,帝王蝶 (Danaus plexippus)
LOC116769786,LOC133319267,0.077815573199252,0.0971595634450807,0.800904928347451,GCF_018135715.1,帝王蝶 (Danaus plexippus)
LOC116769786,LOC133319135,0.077815573199252,0.0971595634450807,0.800904928347451,GCF_018135715.1,帝王蝶 (Danaus plexippus)
LOC116769786,LOC133318979,0.077815573199252,0.0971595634450807,0.800904928347451,GCF_018135715.1,帝王蝶 (Danaus plexippus)
LOC133320098,LOC133319237,0.1285338117946271,0.2033869736232234,0.6319667848184685,GCF_018135715.1,帝王蝶 (Danaus plexippus)
LOC133320098,LOC133319306,0.0867175953655387,0.1695101086196585,0.5115777228372438,GCF_018135715.1,帝王蝶 (Danaus plexippus)
LOC116767368,LOC133320122,0.0015891940789093,0.0051436121020905,0.3089646045166281,GCF_018135715.1,帝王蝶 (Danaus plexippus)
LOC116776518,LOC133318876,0.0216194438779774,0.0664222257607865,0.3254850862095142,GCF_018135715.1,帝王蝶 (Danaus plexippus)
LOC116776518,LOC116776540,0.0434544359642858,0.1010904424239765,0.4298570163738782,GCF_018135715.1,帝王蝶 (Danaus plexippus)
LOC116776518,LOC116776529,0.0680556701486964,0.2290362371633865,0.2971393129382746,GCF_018135715.1,帝王蝶 (Danaus plexippus)
LOC116779668,LOC133319895,0.0008109204736486,0.0344723193819772,0.0235238152867825,GCF_018135715.1,帝王蝶 (Danaus plexippus)
LOC133319161,LOC116769608,0.0,0.023325495112671,0.0,GCF_018135715.1,帝王蝶 (Danaus plexippus)
LOC133320005,LOC116778000,0.0790458014262816,0.4024526869688063,0.1964101718928475,GCF_018135715.1,帝王蝶 (Danaus plexippus)
LOC133320005,LOC133320006,0.08530024039324,0.4045538524318028,0.2108501498144043,GCF_018135715.1,帝王蝶 (Danaus plexippus)
LOC116778000,LOC133320006,0.0094675813419009,0.0788205732347948,0.1201156113607344,GCF_018135715.1,帝王蝶 (Danaus plexippus)
LOC116774863,LOC116774744,0.1306025587217578,0.3055545365152481,0.4274279813065069,GCF_018135715.1,帝王蝶 (Danaus plexippus)
LOC116774083,LOC133318720,0.0392742157055652,0.2545342767188227,0.1542983373864041,GCF_018135715.1,帝王蝶 (Danaus plexippus)
LOC116774083,LOC116774140,0.120381594451586,0.5310655305075145,0.2266793597704278,GCF_018135715.1,帝王蝶 (Danaus plexippus)
LOC133318720,LOC116774140,0.1087776228306977,0.5351744809115294,0.2032563709790936,GCF_018135715.1,帝王蝶 (Danaus plexippus)
LOC116765876,LOC116766069,0.1621065771905334,0.6571900191107403,0.2466662190181826,GCF_018135715.1,帝王蝶 (Danaus plexippus)
LOC133319326,LOC133318898,0.0268170725575083,0.0048979765914976,5.475132854668977,GCF_018135715.1,帝王蝶 (Danaus plexippus)
LOC133319326,LOC133318888,0.0432843458773217,0.0222238482047783,1.947653056234211,GCF_018135715.1,帝王蝶 (Danaus plexippus)
LOC133319326,LOC133319187,0.0432843458773217,0.0222238482047783,1.947653056234211,GCF_018135715.1,帝王蝶 (Danaus plexippus)
LOC133319363,LOC116767952,0.0023898055270559,0.0514833750896657,0.0464189755021637,GCF_018135715.1,帝王蝶 (Danaus plexippus)
LOC116773410,LOC116773409,0.0542861673993511,0.2155077901679152,0.2518988634102438,GCF_018135715.1,帝王蝶 (Danaus plexippus)
LOC133319663,LOC116774282,0.0060305873027284,0.0341643222646178,0.1765171062378738,GCF_018135715.1,帝王蝶 (Danaus plexippus)
LOC133320411,LOC116773478,0.0352765884395738,0.0907497494397267,0.3887238108905572,GCF_018135715.1,帝王蝶 (Danaus plexippus)
LOC133320611,LOC133318955,0.0211207198683149,0.0657595108609499,0.3211812191391637,GCF_018135715.1,帝王蝶 (Danaus plexippus)
LOC116777217,LOC116777157,0.0654443372768033,0.161431676560533,0.4053996010644373,GCF_018135715.1,帝王蝶 (Danaus plexippus)
LOC116773877,LOC133318710,0.1002263574061596,0.3953455046555349,0.2535158645435642,GCF_018135715.1,帝王蝶 (Danaus plexippus)
LOC116773877,LOC133319422,0.1060518338836738,0.3773605651142393,0.2810358147825237,GCF_018135715.1,帝王蝶 (Danaus plexippus)
LOC116773877,LOC116773876,0.1521381192853517,0.6845968408894569,0.2222302385849275,GCF_018135715.1,帝王蝶 (Danaus plexippus)
LOC116773389,LOC116773388,0.0319110036027844,0.0516332867726301,0.6180316148244877,GCF_018135715.1,帝王蝶 (Danaus plexippus)
LOC133320201,LOC116770410,0.0760913424705088,0.2550812660907539,0.2983023553107062,GCF_018135715.1,帝王蝶 (Danaus plexippus)
LOC133318710,LOC133319422,0.0287016861469869,0.1019845306973719,0.2814317617654792,GCF_018135715.1,帝王蝶 (Danaus plexippus)
LOC133318710,LOC116773876,0.1419101222801081,0.4544190373203413,0.312289122209616,GCF_018135715.1,帝王蝶 (Danaus plexippus)
LOC133319422,LOC116773876,0.1469971721410889,0.4215379923285733,0.3487163074651406,GCF_018135715.1,帝王蝶 (Danaus plexippus)
LOC116776540,LOC133318876,0.0430225461599401,0.1209317210821684,0.3557589834573509,GCF_018135715.1,帝王蝶 (Danaus plexippus)
LOC116776540,LOC116776529,0.0733842893665049,0.2079080794383642,0.3529650678547111,GCF_018135715.1,帝王蝶 (Danaus plexippus)
LOC133318876,LOC116776529,0.0710013078552606,0.232041951092873,0.3059847907710572,GCF_018135715.1,帝王蝶 (Danaus plexippus)
LOC133319584,LOC133320552,0.0024858467723364,0.0141313648281579,0.1759098857445921,GCF_018135715.1,帝王蝶 (Danaus plexippus)
LOC133319584,LOC133320721,0.0041482406636503,0.0056180037968682,0.7383833855653094,GCF_018135715.1,帝王蝶 (Danaus plexippus)
LOC133319584,LOC133320649,0.0066491639273625,0.0112731103095455,0.5898251453933184,GCF_018135715.1,帝王蝶 (Danaus plexippus)
LOC133319584,LOC133318959,0.0055483885371532,0.011650719721638,0.4762271061116192,GCF_018135715.1,帝王蝶 (Danaus plexippus)
LOC116773392,LOC116773474,0.0762076323080868,0.4464248833107046,0.1707065066421208,GCF_018135715.1,帝王蝶 (Danaus plexippus)
LOC116773653,LOC116773391,0.0175300133889816,0.073151156119827,0.2396409615217312,GCF_018135715.1,帝王蝶 (Danaus plexippus)
LOC116773498,LOC116773500,0.1072319061620251,0.618131582224762,0.173477475096935,GCF_018135715.1,帝王蝶 (Danaus plexippus)
LOC116776900,LOC116776742,0.0033845777365925,0.069083320371161,0.0489926905424988,GCF_018135715.1,帝王蝶 (Danaus plexippus)
LOC116776900,LOC116776743,0.0401933693101799,0.1592443167860058,0.2524006515359175,GCF_018135715.1,帝王蝶 (Danaus plexippus)
LOC116766731,LOC133318937,0.0325162481111194,0.1414083459854076,0.2299457495562172,GCF_018135715.1,帝王蝶 (Danaus plexippus)
LOC116777418,LOC116777419,0.1533115005382685,0.7198542006357862,0.2129757670412445,GCF_018135715.1,帝王蝶 (Danaus plexippus)
LOC116774758,LOC133319489,0.1684855278796183,0.465657238902835,0.3618230616936137,GCF_018135715.1,帝王蝶 (Danaus plexippus)
LOC116774758,LOC116774956,0.1688033420817551,0.4456631664243069,0.3787688882527951,GCF_018135715.1,帝王蝶 (Danaus plexippus)
LOC116774758,LOC116774760,0.1850411155477783,0.4852063340543947,0.3813658284333816,GCF_018135715.1,帝王蝶 (Danaus plexippus)
LOC116765808,LOC116765733,0.0210865730725207,0.0957728650342809,0.2201727291438237,GCF_018135715.1,帝王蝶 (Danaus plexippus)
LOC133319376,LOC116767950,0.0008393957227613,0.0029382995466762,0.2856739789211905,GCF_018135715.1,帝王蝶 (Danaus plexippus)
LOC133318729,LOC133319213,0.0200485277310014,0.0646603764392584,0.3100589392614334,GCF_018135715.1,帝王蝶 (Danaus plexippus)
LOC133318729,LOC116779369,0.0259911435650196,0.0546572786350117,0.4755294118937435,GCF_018135715.1,帝王蝶 (Danaus plexippus)
LOC133318729,LOC133318733,0.0276993293568167,0.0749402048835228,0.3696190769676832,GCF_018135715.1,帝王蝶 (Danaus plexippus)
LOC133318729,LOC133318730,0.0554670394342094,0.2276221230784293,0.243680353579242,GCF_018135715.1,帝王蝶 (Danaus plexippus)
LOC133318733,LOC116779369,0.001652438013538,0.0187314626820579,0.088217243980676,GCF_018135715.1,帝王蝶 (Danaus plexippus)
LOC133318733,LOC133319213,0.0188084529233586,0.0493284851761527,0.381289894797973,GCF_018135715.1,帝王蝶 (Danaus plexippus)
LOC133318733,LOC133318730,0.0714757345261681,0.2490213015465488,0.2870265880158343,GCF_018135715.1,帝王蝶 (Danaus plexippus)
LOC116779369,LOC133319213,0.0171173586330418,0.0362846781422508,0.4717517009778834,GCF_018135715.1,帝王蝶 (Danaus plexippus)
LOC116779369,LOC133318730,0.0695048419426175,0.2453928474446974,0.2832390701945025,GCF_018135715.1,帝王蝶 (Danaus plexippus)
LOC133319213,LOC133318730,0.069070724840576,0.2472620143545037,0.2793422395303637,GCF_018135715.1,帝王蝶 (Danaus plexippus)
LOC116776742,LOC116776743,0.0401875366059503,0.1557756862362659,0.2579833706846757,GCF_018135715.1,帝王蝶 (Danaus plexippus)
LOC133318958,LOC133320416,0.0647519680584347,0.054510586456362,1.1878787638850914,GCF_018135715.1,帝王蝶 (Danaus plexippus)
LOC133319079,LOC133318717,0.0996244542578381,0.5040317696679127,0.197655108771173,GCF_018135715.1,帝王蝶 (Danaus plexippus)
LOC133319079,LOC116779371,0.1020533697378988,0.3439024319186745,0.2967509394118861,GCF_018135715.1,帝王蝶 (Danaus plexippus)
LOC133319079,LOC116779370,0.1103431063614148,0.5182830977723751,0.2129012249013694,GCF_018135715.1,帝王蝶 (Danaus plexippus)
LOC133319079,LOC116779809,0.1761631119094573,0.6244030836030627,0.2821304323049202,GCF_018135715.1,帝王蝶 (Danaus plexippus)
LOC116779371,LOC133318717,0.0878356948114081,0.3814482509044067,0.2302689672928145,GCF_018135715.1,帝王蝶 (Danaus plexippus)
LOC116779371,LOC116779370,0.1056153640474065,0.4629286630309659,0.2281460891963428,GCF_018135715.1,帝王蝶 (Danaus plexippus)
LOC116779371,LOC116779809,0.1853338134291438,0.7111365367160664,0.260616356860232,GCF_018135715.1,帝王蝶 (Danaus plexippus)
LOC133318717,LOC116779370,0.0511343804046407,0.3134478448570774,0.1631352113075031,GCF_018135715.1,帝王蝶 (Danaus plexippus)
LOC133318717,LOC116779809,0.1359156309133268,0.6222920366742724,0.218411329252586,GCF_018135715.1,帝王蝶 (Danaus plexippus)
LOC116779370,LOC116779809,0.1404096700666121,0.7237610442411099,0.1940000379736338,GCF_018135715.1,帝王蝶 (Danaus plexippus)
LOC116765332,LOC133318730,0.0904869061296874,0.3645232238645809,0.2482335835022216,GCF_018135715.1,帝王蝶 (Danaus plexippus)
LOC116765332,LOC133318729,0.0955816992830866,0.3974112098015688,0.2405108283956344,GCF_018135715.1,帝王蝶 (Danaus plexippus)
LOC116765332,LOC133319213,0.1011272503430849,0.4116036538734055,0.2456908469869609,GCF_018135715.1,帝王蝶 (Danaus plexippus)
LOC116765332,LOC116779369,0.105859231957326,0.4068053968622174,0.2602208150969538,GCF_018135715.1,帝王蝶 (Danaus plexippus)
LOC116779809,LOC116779372,0.0542327107580003,0.2692721880339656,0.2014047984456511,GCF_018135715.1,帝王蝶 (Danaus plexippus)
LOC133319211,LOC133319212,0.0267999589154084,0.0632465301236409,0.4237380116034361,GCF_018135715.1,帝王蝶 (Danaus plexippus)
LOC133320145,LOC116767367,0.0,0.0090181447251012,0.0,GCF_018135715.1,帝王蝶 (Danaus plexippus)
LOC116779372,LOC133318717,0.143962193407687,0.7270986215031522,0.1979954151337404,GCF_018135715.1,帝王蝶 (Danaus plexippus)
LOC116779372,LOC133319079,0.1762396899676085,0.5932522279227783,0.2970737936959742,GCF_018135715.1,帝王蝶 (Danaus plexippus)
LOC133319728,LOC116775768,0.008729910873365,0.055716865912902,0.1566834517758382,GCF_018135715.1,帝王蝶 (Danaus plexippus)
LOC116774856,LOC116774836,0.0264984826596045,0.1164062410390454,0.227637989364473,GCF_018135715.1,帝王蝶 (Danaus plexippus)
LOC133320328,LOC116772839,0.0,0.0383061974523115,0.0,GCF_018135715.1,帝王蝶 (Danaus plexippus)
LOC116769540,LOC133319145,0.1545129512725334,0.5874020249481027,0.2630446350371107,GCF_018135715.1,帝王蝶 (Danaus plexippus)
LOC133319384,LOC116767957,0.0133203157532861,0.0405066037027892,0.3288430659608448,GCF_018135715.1,帝王蝶 (Danaus plexippus)
LOC133320493,LOC116776806,0.0294596517167572,0.0946267255979728,0.3113248559600199,GCF_018135715.1,帝王蝶 (Danaus plexippus)
LOC133320493,LOC133320435,0.0544535842436496,0.1865287978439366,0.2919312453255039,GCF_018135715.1,帝王蝶 (Danaus plexippus)
LOC133320493,LOC133320455,0.0557470955025543,0.1643778153658247,0.3391400194636275,GCF_018135715.1,帝王蝶 (Danaus plexippus)
LOC133320493,LOC133320452,0.0557894869892154,0.1638860532280286,0.3404163190847655,GCF_018135715.1,帝王蝶 (Danaus plexippus)
LOC116776806,LOC133320455,0.0647400673789894,0.2212534461128624,0.2926059165015909,GCF_018135715.1,帝王蝶 (Danaus plexippus)
LOC116776806,LOC133320452,0.0647895613375228,0.2205630785015664,0.293746178089651,GCF_018135715.1,帝王蝶 (Danaus plexippus)
LOC116776806,LOC133320456,0.065717608484091,0.2385043520846838,0.2755405002452836,GCF_018135715.1,帝王蝶 (Danaus plexippus)
LOC116776752,LOC133320433,0.0549547537117615,0.1290765382203531,0.4257532350142943,GCF_018135715.1,帝王蝶 (Danaus plexippus)
LOC116775145,LOC133319567,0.046481036985563,0.0981689642401652,0.4734799571873811,GCF_018135715.1,帝王蝶 (Danaus plexippus)
LOC116775145,LOC133318724,0.055552921908514,0.1058679063240767,0.5247380800982178,GCF_018135715.1,帝王蝶 (Danaus plexippus)
LOC116775145,LOC116775146,0.0545942843997985,0.1026216674858826,0.5319956860699904,GCF_018135715.1,帝王蝶 (Danaus plexippus)
LOC116775145,LOC116775147,0.1149860318677273,0.2451425834413286,0.4690577632557569,GCF_018135715.1,帝王蝶 (Danaus plexippus)
LOC133319567,LOC133318724,0.0493539518815612,0.0845315418636857,0.5838524980550885,GCF_018135715.1,帝王蝶 (Danaus plexippus)
LOC133319567,LOC116775146,0.0484038908531783,0.0781318089023411,0.6195158096708036,GCF_018135715.1,帝王蝶 (Danaus plexippus)
LOC133319567,LOC116775147,0.1152799555002504,0.2059362728540693,0.5597846066775238,GCF_018135715.1,帝王蝶 (Danaus plexippus)
LOC116775146,LOC133318724,0.018634498939898,0.0480163940736983,0.3880861797180515,GCF_018135715.1,帝王蝶 (Danaus plexippus)
LOC116775146,LOC116775147,0.1246618435343258,0.1991764253797555,0.6258865390150563,GCF_018135715.1,帝王蝶 (Danaus plexippus)
LOC133318724,LOC116775147,0.1241588990376679,0.2090902821621849,0.5938052106188353,GCF_018135715.1,帝王蝶 (Danaus plexippus)
LOC116779180,LOC116779138,0.0956175587010525,0.4104714776605366,0.23294568296443,GCF_018135715.1,帝王蝶 (Danaus plexippus)
LOC133319454,LOC133319034,0.0122928381947129,0.0288728516267112,0.4257576755369875,GCF_018135715.1,帝王蝶 (Danaus plexippus)
LOC133319227,LOC116766224,0.0118371593472331,0.0429370014969789,0.27568667896071,GCF_018135715.1,帝王蝶 (Danaus plexippus)
LOC133320454,LOC133320452,0.0008802817911966,0.0161818574864679,0.0543993044020334,GCF_018135715.1,帝王蝶 (Danaus plexippus)
LOC133320454,LOC133320456,0.0017608225256041,0.0361317813082119,0.0487333439385113,GCF_018135715.1,帝王蝶 (Danaus plexippus)
LOC133320454,LOC133320455,0.0044085358381432,0.0429396285661242,0.102668234108135,GCF_018135715.1,帝王蝶 (Danaus plexippus)
LOC133320454,LOC116777028,0.0159934980957623,0.0395478760360162,0.4044085219948881,GCF_018135715.1,帝王蝶 (Danaus plexippus)
LOC133320455,LOC133320452,0.0035247531463939,0.0261322025164361,0.1348815946216932,GCF_018135715.1,帝王蝶 (Danaus plexippus)
LOC133320455,LOC133320456,0.006176505495979,0.0396131668795607,0.1559205179115812,GCF_018135715.1,帝王蝶 (Danaus plexippus)
LOC133320455,LOC116777028,0.0168795990459269,0.0499075430824587,0.3382173916683899,GCF_018135715.1,帝王蝶 (Danaus plexippus)
LOC133320456,LOC133320452,0.0026427864667229,0.0261037767613958,0.1012415364596325,GCF_018135715.1,帝王蝶 (Danaus plexippus)
LOC133320456,LOC116777028,0.0141932089014553,0.0498522337558062,0.2847055755009627,GCF_018135715.1,帝王蝶 (Danaus plexippus)
LOC133320452,LOC116777028,0.0168921053621654,0.0429396285661242,0.393391976741314,GCF_018135715.1,帝王蝶 (Danaus plexippus)
LOC133320435,LOC133320456,0.0219817714482071,0.0650388598092387,0.3379790407255057,GCF_018135715.1,帝王蝶 (Danaus plexippus)
LOC133320435,LOC133320455,0.022879856852496,0.0651119195074675,0.3513927561277313,GCF_018135715.1,帝王蝶 (Danaus plexippus)
LOC133320435,LOC116777028,0.0219752432138286,0.0408790422998555,0.5375674667874092,GCF_018135715.1,帝王蝶 (Danaus plexippus)
LOC133320435,LOC133320452,0.0228968671675369,0.0510268815248278,0.44872166362736,GCF_018135715.1,帝王蝶 (Danaus plexippus)
LOC116778282,LOC133319873,0.0871199881161585,0.2617059195757101,0.3328926921385711,GCF_018135715.1,帝王蝶 (Danaus plexippus)
LOC116778282,LOC116778283,0.1641726644012152,0.5325117592228266,0.3082986648798457,GCF_018135715.1,帝王蝶 (Danaus plexippus)
LOC116773117,LOC133320375,0.0053723554591282,0.0320048558445567,0.1678606360616363,GCF_018135715.1,帝王蝶 (Danaus plexippus)
LOC116776034,LOC116776035,0.024323927896686,0.1228619899467828,0.1979776488010802,GCF_018135715.1,帝王蝶 (Danaus plexippus)
LOC116769529,LOC116769758,0.1474101658678636,0.4190542345964164,0.3517687060478741,GCF_018135715.1,帝王蝶 (Danaus plexippus)
LOC116778283,LOC133319873,0.1108639652005527,0.3769390769104012,0.294116402335503,GCF_018135715.1,帝王蝶 (Danaus plexippus)
LOC133319237,LOC133320381,0.0365054864385574,0.1323027138854216,0.2759239426499777,GCF_018135715.1,帝王蝶 (Danaus plexippus)
LOC116778466,LOC116778464,0.0649827155422651,0.2126814678743456,0.305540093322365,GCF_018135715.1,帝王蝶 (Danaus plexippus)
LOC116778466,LOC133319863,0.0624523106293596,0.2023668144516128,0.3086094466555553,GCF_018135715.1,帝王蝶 (Danaus plexippus)
LOC116778256,LOC116778255,0.0147691515857632,0.0621570605496432,0.2376101999541541,GCF_018135715.1,帝王蝶 (Danaus plexippus)
LOC133320329,LOC116772971,0.0,0.0030181127247941,0.0,GCF_018135715.1,帝王蝶 (Danaus plexippus)
LOC133320180,LOC116770320,0.0109908851357023,0.0413660260316878,0.2656983566002436,GCF_018135715.1,帝王蝶 (Danaus plexippus)
LOC133320180,LOC133320181,0.0,0.0041379415310659,0.0,GCF_018135715.1,帝王蝶 (Danaus plexippus)
LOC116770320,LOC133320181,0.0088758432352521,0.038089990324387,0.2330229847700814,GCF_018135715.1,帝王蝶 (Danaus plexippus)
LOC133320790,LOC116769110,0.052265597833512,0.0759593331550021,0.688073415900837,GCF_018135715.1,帝王蝶 (Danaus plexippus)
LOC116778464,LOC133319863,0.0104467072025813,0.0630806384020202,0.1656087742169511,GCF_018135715.1,帝王蝶 (Danaus plexippus)
LOC116773989,LOC116774188,0.1729680262675952,0.384347001073432,0.4500308986007896,GCF_018135715.1,帝王蝶 (Danaus plexippus)
LOC133320031,LOC116770077,0.0472117269275109,0.0785640008374619,0.6009333336420265,GCF_018135715.1,帝王蝶 (Danaus plexippus)
LOC133318702,LOC116770349,0.0,0.0221535093276479,0.0,GCF_018135715.1,帝王蝶 (Danaus plexippus)
LOC116775334,LOC116775393,0.0643893705172391,0.5241000801470511,0.1228570133001561,GCF_018135715.1,帝王蝶 (Danaus plexippus)
LOC116775334,LOC116775057,0.0656174130425544,0.6011533824388633,0.1091525307174458,GCF_018135715.1,帝王蝶 (Danaus plexippus)
LOC133319489,LOC116774956,0.0134060383860289,0.0532374199351598,0.2518160797866752,GCF_018135715.1,帝王蝶 (Danaus plexippus)
LOC133319489,LOC116774760,0.0756990397143265,0.1288741880629051,0.5873871319940105,GCF_018135715.1,帝王蝶 (Danaus plexippus)
LOC116774956,LOC116774760,0.060346275813099,0.0696282797700695,0.8666920396766656,GCF_018135715.1,帝王蝶 (Danaus plexippus)
LOC116765812,LOC116778049,0.0400216190461933,0.0752982947367729,0.5315076415223016,GCF_018135715.1,帝王蝶 (Danaus plexippus)
LOC116777333,LOC116777300,0.1740282995229788,0.6732641580323381,0.2584844261301371,GCF_018135715.1,帝王蝶 (Danaus plexippus)
LOC116772840,LOC133320350,0.0037278734718358,0.0365480346784415,0.1019992868189662,GCF_018135715.1,帝王蝶 (Danaus plexippus)
LOC116774440,LOC116774480,0.0086152829903481,0.069253316318584,0.1244024611141444,GCF_018135715.1,帝王蝶 (Danaus plexippus)
LOC116775042,LOC133318878,0.0028377773095709,0.0247226621634636,0.1147844552826812,GCF_018135715.1,帝王蝶 (Danaus plexippus)
LOC133320357,LOC116773039,0.0,0.0067720550395456,0.0,GCF_018135715.1,帝王蝶 (Danaus plexippus)
LOC116775393,LOC116775057,0.0115627792042538,0.3257958904900976,0.0354908687978226,GCF_018135715.1,帝王蝶 (Danaus plexippus)
LOC116772992,LOC133320362,0.0009677420697526,0.0200011853116209,0.0483842359677736,GCF_018135715.1,帝王蝶 (Danaus plexippus)
LOC116768776,LOC133318728,0.0199169735123798,0.0676463093531657,0.2944280878413919,GCF_018135715.1,帝王蝶 (Danaus plexippus)
LOC116766363,LOC116766366,0.026136767126069,0.1234396628150553,0.2117371882749606,GCF_018135715.1,帝王蝶 (Danaus plexippus)
LOC133319218,LOC116766397,0.000958466584119,0.0109490995658644,0.0875383933037946,GCF_018135715.1,帝王蝶 (Danaus plexippus)
LOC133319218,LOC133319219,0.0028790822303742,0.0072816105952206,0.3953908538124804,GCF_018135715.1,帝王蝶 (Danaus plexippus)
LOC133319219,LOC116766397,0.0038412375900411,0.0183383218981232,0.2094650541843865,GCF_018135715.1,帝王蝶 (Danaus plexippus)
LOC133320342,LOC133320345,0.0244919722305394,0.0818994689737439,0.299049218968578,GCF_018135715.1,帝王蝶 (Danaus plexippus)
LOC133320351,LOC116772954,0.0,0.0451263910998395,0.0,GCF_018135715.1,帝王蝶 (Danaus plexippus)
LOC133319235,LOC133319062,0.0745827059616834,0.0915648549795255,0.8145342006860666,GCF_018135715.1,帝王蝶 (Danaus plexippus)
LOC133319235,LOC133319779,0.0767375712421522,0.0916866770674619,0.8369544376189975,GCF_018135715.1,帝王蝶 (Danaus plexippus)
LOC133319235,LOC133318766,0.075685711618966,0.0915040654021736,0.8271294973214185,GCF_018135715.1,帝王蝶 (Danaus plexippus)
LOC133319235,LOC133319738,0.0745827059616834,0.0915648549795255,0.8145342006860666,GCF_018135715.1,帝王蝶 (Danaus plexippus)
LOC116773271,LOC133320363,0.0,0.0153950241724294,0.0,GCF_018135715.1,帝王蝶 (Danaus plexippus)
LOC133320376,LOC116773131,0.0,0.008270242311686,0.0,GCF_018135715.1,帝王蝶 (Danaus plexippus)
LOC116778647,LOC133320870,0.0019880727346831,0.0459507642604084,0.0432652811478055,GCF_018135715.1,帝王蝶 (Danaus plexippus)
LOC133319697,LOC133320450,0.0182663345678381,0.021353755560984,0.8554155504717411,GCF_018135715.1,帝王蝶 (Danaus plexippus)
LOC133319275,LOC133320450,0.0182663345678381,0.021353755560984,0.8554155504717411,GCF_018135715.1,帝王蝶 (Danaus plexippus)
LOC133319270,LOC133319302,0.0600769961318258,0.0849181890885304,0.7074691155883376,GCF_018135715.1,帝王蝶 (Danaus plexippus)
LOC116775570,LOC116771535,0.1054496736017756,0.748808061697632,0.1408233684913986,GCF_018135715.1,帝王蝶 (Danaus plexippus)
LOC116774253,LOC133319659,0.0031120376601086,0.021353755560984,0.1457372522234305,GCF_018135715.1,帝王蝶 (Danaus plexippus)
LOC116775148,LOC116775147,0.1351169114110932,0.2701563873900329,0.5001433159380416,GCF_018135715.1,帝王蝶 (Danaus plexippus)
LOC116775148,LOC116775145,0.1376313754151126,0.3489377375625784,0.3944296090658004,GCF_018135715.1,帝王蝶 (Danaus plexippus)
LOC116775148,LOC133318724,0.142298360998852,0.3038849425868749,0.4682639415678574,GCF_018135715.1,帝王蝶 (Danaus plexippus)
LOC116775148,LOC116775146,0.1498892426990134,0.3137986357742531,0.4776605938046329,GCF_018135715.1,帝王蝶 (Danaus plexippus)
LOC133319435,LOC116774060,0.0009973405725011,0.0307341337227593,0.0324505834944887,GCF_018135715.1,帝王蝶 (Danaus plexippus)
LOC116772995,LOC133318723,0.0,0.0169594563675878,0.0,GCF_018135715.1,帝王蝶 (Danaus plexippus)
LOC116776876,LOC116774006,0.0019543985000863,0.0169738503451479,0.1151417303879438,GCF_018135715.1,帝王蝶 (Danaus plexippus)
LOC133319986,LOC116768610,0.0,0.0161731334368803,0.0,GCF_018135715.1,帝王蝶 (Danaus plexippus)
LOC116773924,LOC116773950,0.075103677801909,0.2694987980934585,0.2786790825533258,GCF_018135715.1,帝王蝶 (Danaus plexippus)
LOC116773924,LOC116771753,0.1685502326105187,0.5215158491200831,0.32319292480737,GCF_018135715.1,帝王蝶 (Danaus plexippus)
LOC116777120,LOC133319962,0.0865258247821576,0.0965921224383481,0.8957855216131574,GCF_018135715.1,帝王蝶 (Danaus plexippus)
LOC116777120,LOC133319897,0.0865258247821576,0.0965921224383481,0.8957855216131574,GCF_018135715.1,帝王蝶 (Danaus plexippus)
LOC116773950,LOC116771753,0.1278835684312526,0.4168407742820675,0.3067923685045178,GCF_018135715.1,帝王蝶 (Danaus plexippus)
LOC133319476,LOC116774888,0.0045351612111697,0.003708289384098,1.22297931510347,GCF_018135715.1,帝王蝶 (Danaus plexippus)
LOC116767000,LOC116778643,0.0020435979946388,0.0156052443794711,0.1309558469540677,GCF_018135715.1,帝王蝶 (Danaus plexippus)
LOC133319019,LOC133319022,0.0564069531161207,0.0714294075014594,0.7896881003103423,GCF_018135715.1,帝王蝶 (Danaus plexippus)
LOC133319019,LOC133319020,0.023074268645841,0.0286782547861292,0.8045911028380062,GCF_018135715.1,帝王蝶 (Danaus plexippus)
LOC133319019,LOC133319023,0.0167008000989644,0.0123237689337962,1.3551698501231075,GCF_018135715.1,帝王蝶 (Danaus plexippus)
LOC133319019,LOC133319021,0.0735765923946451,0.0862052169010084,0.8535051014271561,GCF_018135715.1,帝王蝶 (Danaus plexippus)
LOC133319867,LOC116778492,0.0247087353928988,0.1006291596722787,0.245542499543555,GCF_018135715.1,帝王蝶 (Danaus plexippus)
LOC116769811,LOC116769675,0.0586338839933408,0.2073547409377956,0.2827708868780117,GCF_018135715.1,帝王蝶 (Danaus plexippus)
LOC116770322,LOC116770318,0.0405974629683733,0.1444780584478254,0.2809939682504387,GCF_018135715.1,帝王蝶 (Danaus plexippus)
LOC133319021,LOC133319023,0.0046260748054858,0.0092025694438607,0.5026938219490409,GCF_018135715.1,帝王蝶 (Danaus plexippus)
LOC133319021,LOC133319022,0.0352744133781536,0.0361690139658549,0.9752661051654372,GCF_018135715.1,帝王蝶 (Danaus plexippus)
LOC133319021,LOC133319020,0.0168253043310985,0.0253675219020847,0.663261645975592,GCF_018135715.1,帝王蝶 (Danaus plexippus)
LOC116765496,LOC116765494,0.0965944882393255,0.3060803381782515,0.3155854074595017,GCF_018135715.1,帝王蝶 (Danaus plexippus)
LOC116766385,LOC116766386,0.1685963095145123,0.5090688323308832,0.3311856841491497,GCF_018135715.1,帝王蝶 (Danaus plexippus)
LOC133320876,LOC116779055,0.1067324724508689,0.2854912496438321,0.3738554949898613,GCF_018135715.1,帝王蝶 (Danaus plexippus)
LOC116765514,LOC116765430,0.1445019806539663,0.7107309463186715,0.2033146036519644,GCF_018135715.1,帝王蝶 (Danaus plexippus)
LOC133318946,LOC133319398,0.0293952346930849,0.0370298134629744,0.7938261617892525,GCF_018135715.1,帝王蝶 (Danaus plexippus)
LOC116777816,LOC133319928,0.1233747472623916,0.1540128415104818,0.8010679242873063,GCF_018135715.1,帝王蝶 (Danaus plexippus)
LOC116777816,LOC133319963,0.1233747472623916,0.1540128415104818,0.8010679242873063,GCF_018135715.1,帝王蝶 (Danaus plexippus)
LOC116777816,LOC133319898,0.1915995653039844,0.1964008975239114,0.9755534099871288,GCF_018135715.1,帝王蝶 (Danaus plexippus)
LOC116771936,LOC116771725,0.0248733186095715,0.038943173512379,0.6387080549987765,GCF_018135715.1,帝王蝶 (Danaus plexippus)
LOC116772031,LOC116772115,0.0777908617498552,0.2027295727611991,0.3837173861234704,GCF_018135715.1,帝王蝶 (Danaus plexippus)
LOC116772031,LOC133320251,0.171585964551464,0.6140191661638619,0.2794472453090712,GCF_018135715.1,帝王蝶 (Danaus plexippus)
LOC116772031,LOC133320250,0.1715511009308427,0.5961728437721534,0.2877539671974836,GCF_018135715.1,帝王蝶 (Danaus plexippus)
LOC133320250,LOC133320251,0.0032567447591258,0.0083508169624988,0.3899911558055892,GCF_018135715.1,帝王蝶 (Danaus plexippus)
LOC133320250,LOC116772150,0.0485479969156834,0.2032958934118051,0.2388046118439908,GCF_018135715.1,帝王蝶 (Danaus plexippus)
LOC133320250,LOC116772115,0.1587063711502865,0.5754679635812324,0.275786631392355,GCF_018135715.1,帝王蝶 (Danaus plexippus)
LOC133320251,LOC116772150,0.04740473683571,0.2141930630038371,0.2213177969954183,GCF_018135715.1,帝王蝶 (Danaus plexippus)
LOC133320251,LOC116772115,0.1587385019996302,0.5929342024953493,0.2677168922480489,GCF_018135715.1,帝王蝶 (Danaus plexippus)
LOC116771896,LOC116771940,0.1506836139403708,0.5698064770221613,0.264447000897307,GCF_018135715.1,帝王蝶 (Danaus plexippus)
LOC133319022,LOC133319023,0.0161369714121354,0.0239156287392663,0.674745857115629,GCF_018135715.1,帝王蝶 (Danaus plexippus)
LOC133319022,LOC133319020,0.0226849398429472,0.0208025662286997,1.0904875674257235,GCF_018135715.1,帝王蝶 (Danaus plexippus)
LOC133320195,LOC116770321,0.0024948047952136,0.0125525942666428,0.1987481425925894,GCF_018135715.1,帝王蝶 (Danaus plexippus)
LOC133320195,LOC133320182,0.0165790248099331,0.0555519739910491,0.298441686565529,GCF_018135715.1,帝王蝶 (Danaus plexippus)
LOC133319297,LOC133318855,0.0546058709754645,0.0488374282677043,1.1181152020565102,GCF_018135715.1,帝王蝶 (Danaus plexippus)
LOC133320615,LOC133320070,0.0483872742210366,0.3316147563650552,0.1459141165834308,GCF_018135715.1,帝王蝶 (Danaus plexippus)
LOC116770092,LOC116770091,0.2220909749087045,0.7227744656018588,0.3072756239718125,GCF_018135715.1,帝王蝶 (Danaus plexippus)
LOC116773461,LOC116771349,0.0261048363130366,0.6292426067506014,0.0414861232106351,GCF_018135715.1,帝王蝶 (Danaus plexippus)
LOC116773461,LOC116771978,0.0284819660633534,0.62988116978306,0.0452179989332957,GCF_018135715.1,帝王蝶 (Danaus plexippus)
LOC116771349,LOC116771978,0.0023028227648323,0.0689208432992557,0.0334125738252127,GCF_018135715.1,帝王蝶 (Danaus plexippus)
LOC133319260,LOC116779751,0.0,0.0213385659182945,0.0,GCF_018135715.1,帝王蝶 (Danaus plexippus)
LOC133320855,LOC133319274,0.0062083592032007,0.1000627664617792,0.0620446488012314,GCF_018135715.1,帝王蝶 (Danaus plexippus)
LOC133320855,LOC133320722,0.0055210739317372,0.0861706168701505,0.0640714217011682,GCF_018135715.1,帝王蝶 (Danaus plexippus)
LOC133320855,LOC116767881,0.0055210739317372,0.0861706168701505,0.0640714217011682,GCF_018135715.1,帝王蝶 (Danaus plexippus)
LOC133320855,LOC133320089,0.1778076428416273,0.1844044006028902,0.9642266792999764,GCF_018135715.1,帝王蝶 (Danaus plexippus)
LOC133320881,LOC133319453,0.0261660120071912,0.0281260987272365,0.930310750202014,GCF_018135715.1,帝王蝶 (Danaus plexippus)
LOC133320881,LOC133319497,0.1105432776765842,0.1783852767788065,0.6196883491323965,GCF_018135715.1,帝王蝶 (Danaus plexippus)
LOC133320381,LOC133319306,0.0897519266429969,0.1589681227475853,0.5645907185147298,GCF_018135715.1,帝王蝶 (Danaus plexippus)
LOC133319453,LOC133319497,0.1448394432814735,0.2124240234369081,0.6818411634336271,GCF_018135715.1,帝王蝶 (Danaus plexippus)
LOC133319306,LOC133319237,0.0927919484377834,0.1107811824175562,0.8376147140949636,GCF_018135715.1,帝王蝶 (Danaus plexippus)
LOC133319306,LOC133320015,0.0930728883715099,0.1742099367957156,0.5342570583711901,GCF_018135715.1,帝王蝶 (Danaus plexippus)
LOC133319306,LOC133319121,0.1063745169292562,0.1997766531376753,0.5324672090484398,GCF_018135715.1,帝王蝶 (Danaus plexippus)
LOC133319579,LOC133319995,0.0393103070130302,0.0518938924974092,0.7575131700708855,GCF_018135715.1,帝王蝶 (Danaus plexippus)
LOC133319579,LOC133319738,0.0393103070130302,0.0518938924974092,0.7575131700708855,GCF_018135715.1,帝王蝶 (Danaus plexippus)
LOC133319579,LOC133319535,0.0405342974927713,0.0518938924974092,0.7810995772728946,GCF_018135715.1,帝王蝶 (Danaus plexippus)
LOC133319579,LOC133320087,0.0394356065575445,0.0519688353535438,0.7588318323715405,GCF_018135715.1,帝王蝶 (Danaus plexippus)
LOC116769043,LOC133320636,0.0024009624346164,0.0038022895126879,0.6314517678373972,GCF_018135715.1,帝王蝶 (Danaus plexippus)
LOC116768187,LOC133319393,0.0409220158215781,0.1685215571583268,0.2428295614615745,GCF_018135715.1,帝王蝶 (Danaus plexippus)
LOC133319811,LOC133320034,0.0299661389043567,0.0480432272251653,0.6237328471693567,GCF_018135715.1,帝王蝶 (Danaus plexippus)
LOC133319811,LOC133319808,0.0222552535138504,0.0170655826863843,1.304101589898044,GCF_018135715.1,帝王蝶 (Danaus plexippus)
LOC133319020,LOC133319023,0.0145494378377274,0.0256037275819205,0.568254672729809,GCF_018135715.1,帝王蝶 (Danaus plexippus)
LOC133320027,LOC133320502,0.0264811267451355,0.0116168827818452,2.2795380862859425,GCF_018135715.1,帝王蝶 (Danaus plexippus)
LOC116776682,LOC116776488,0.0330892575688669,0.0823406714101394,0.4018580004533735,GCF_018135715.1,帝王蝶 (Danaus plexippus)
LOC116776682,LOC133319810,0.0405020989934374,0.0613549490772383,0.6601276604834316,GCF_018135715.1,帝王蝶 (Danaus plexippus)
LOC116776488,LOC133319810,0.0379677742964055,0.0669233502959568,0.5673322409667122,GCF_018135715.1,帝王蝶 (Danaus plexippus)
LOC133320866,LOC116778981,0.0,0.0219957113208899,0.0,GCF_018135715.1,帝王蝶 (Danaus plexippus)
LOC116778719,LOC133319460,0.0146061091357255,0.0290171587126342,0.5033611071426488,GCF_018135715.1,帝王蝶 (Danaus plexippus)
LOC133320034,LOC133320817,0.0080193225927854,0.022162277326401,0.361845602537981,GCF_018135715.1,帝王蝶 (Danaus plexippus)
LOC116776911,LOC116776910,0.007418152377383,0.0399798567772249,0.1855472474230787,GCF_018135715.1,帝王蝶 (Danaus plexippus)
LOC116767278,LOC116767263,0.1392579484806955,0.6645111347433196,0.2095645071989451,GCF_018135715.1,帝王蝶 (Danaus plexippus)
LOC133320722,LOC133319274,0.0048019371720847,0.0392531438311726,0.1223325497885675,GCF_018135715.1,帝王蝶 (Danaus plexippus)
LOC133320722,LOC133320089,0.1992325218642535,0.3465596336172717,0.5748866934810964,GCF_018135715.1,帝王蝶 (Danaus plexippus)
LOC116767881,LOC133319274,0.0048019371720847,0.0392531438311726,0.1223325497885675,GCF_018135715.1,帝王蝶 (Danaus plexippus)
LOC116767881,LOC133320089,0.1992325218642535,0.3465596336172717,0.5748866934810964,GCF_018135715.1,帝王蝶 (Danaus plexippus)
LOC116778469,LOC116778498,0.0040440448464259,0.0530803618934595,0.0761872131645036,GCF_018135715.1,帝王蝶 (Danaus plexippus)
LOC116778469,LOC133319884,0.0054042116283944,0.0574231786714439,0.0941120250293974,GCF_018135715.1,帝王蝶 (Danaus plexippus)
LOC116778469,LOC133319882,0.0218445475596375,0.1049545416898894,0.2081334186011871,GCF_018135715.1,帝王蝶 (Danaus plexippus)
LOC133319274,LOC133320089,0.229321298012564,0.3403103126232232,0.6738593851149572,GCF_018135715.1,帝王蝶 (Danaus plexippus)
LOC133320669,LOC133320612,0.0288992077804896,0.0229275495635084,1.2604577606708438,GCF_018135715.1,帝王蝶 (Danaus plexippus)
LOC133320620,LOC133320612,0.0288992077804896,0.0229275495635084,1.2604577606708438,GCF_018135715.1,帝王蝶 (Danaus plexippus)
LOC116773401,LOC116773570,0.1793314297773976,0.5182017043163285,0.3460649169689481,GCF_018135715.1,帝王蝶 (Danaus plexippus)
LOC116775845,LOC133318879,0.0011734796057203,0.014481544036073,0.0810327685222838,GCF_018135715.1,帝王蝶 (Danaus plexippus)
LOC116775150,LOC133318858,0.0032840774968857,0.0602733823260202,0.0544863647956916,GCF_018135715.1,帝王蝶 (Danaus plexippus)
LOC133319132,LOC116772573,0.006564593332196,0.0675812351251223,0.0971363325935392,GCF_018135715.1,帝王蝶 (Danaus plexippus)
LOC133319132,LOC116772677,0.0755677578344552,0.5220271630268505,0.1447582868988914,GCF_018135715.1,帝王蝶 (Danaus plexippus)
LOC116772573,LOC116772677,0.0785302514035068,0.5578739120348689,0.140767025862644,GCF_018135715.1,帝王蝶 (Danaus plexippus)
LOC133318705,LOC116775370,0.0011954575155065,0.0322382706019387,0.0370819368776777,GCF_018135715.1,帝王蝶 (Danaus plexippus)
LOC116770743,LOC133318750,0.0130114787509597,0.0212278321221387,0.6129443023713144,GCF_018135715.1,帝王蝶 (Danaus plexippus)
LOC116770321,LOC133320182,0.0165790248099331,0.0410743126476147,0.4036348691253356,GCF_018135715.1,帝王蝶 (Danaus plexippus)
LOC133319887,LOC116768474,0.0012279986370092,0.0043795744886694,0.2803922253603124,GCF_018135715.1,帝王蝶 (Danaus plexippus)
LOC133319195,LOC116769803,0.0236654164509813,0.0695045177283507,0.3404874564193734,GCF_018135715.1,帝王蝶 (Danaus plexippus)
LOC133319085,LOC116779537,0.0039671584703179,0.0038560496253139,1.0288141636649568,GCF_018135715.1,帝王蝶 (Danaus plexippus)
LOC133320736,LOC133320737,0.0129473005678355,0.0411868181970859,0.314355445130053,GCF_018135715.1,帝王蝶 (Danaus plexippus)
LOC116767982,LOC133319382,0.0,0.0272344597054782,0.0,GCF_018135715.1,帝王蝶 (Danaus plexippus)
LOC116774824,LOC133318883,0.0024984407864363,0.0342357724037774,0.0729774914078085,GCF_018135715.1,帝王蝶 (Danaus plexippus)
LOC116778960,LOC133318708,0.0,0.0237361582130863,0.0,GCF_018135715.1,帝王蝶 (Danaus plexippus)
LOC116765352,LOC133319209,0.0330421922029022,0.0257315117122393,1.284113913415569,GCF_018135715.1,帝王蝶 (Danaus plexippus)
LOC116765352,LOC133318764,0.1077092276626276,0.1400036790141152,0.769331409153672,GCF_018135715.1,帝王蝶 (Danaus plexippus)
LOC116765352,LOC116779351,0.1055776034599083,0.1994677745038702,0.5292965428751991,GCF_018135715.1,帝王蝶 (Danaus plexippus)
LOC116765352,LOC133318898,0.1057191229567537,0.1665800584393268,0.6346445303671185,GCF_018135715.1,帝王蝶 (Danaus plexippus)
LOC133320270,LOC133320252,0.0081744678435268,0.025502456926045,0.3205364827095706,GCF_018135715.1,帝王蝶 (Danaus plexippus)
LOC133320270,LOC133320255,0.0173180361878597,0.0678253909334315,0.2553326409110841,GCF_018135715.1,帝王蝶 (Danaus plexippus)
LOC133318888,LOC133318898,0.0412120833974751,0.0249192357212402,1.653826138911129,GCF_018135715.1,帝王蝶 (Danaus plexippus)
LOC133318888,LOC133318764,0.0435776037657624,0.036192154877771,1.2040621486323109,GCF_018135715.1,帝王蝶 (Danaus plexippus)
LOC133319187,LOC133318898,0.0412120833974751,0.0249192357212402,1.653826138911129,GCF_018135715.1,帝王蝶 (Danaus plexippus)
LOC133319187,LOC133318764,0.0435776037657624,0.036192154877771,1.2040621486323109,GCF_018135715.1,帝王蝶 (Danaus plexippus)
LOC133318898,LOC133318764,0.055336576990169,0.0423961403849201,1.3052267609211825,GCF_018135715.1,帝王蝶 (Danaus plexippus)
LOC133318764,LOC133319326,0.0601799228581932,0.0394828001140664,1.524206051352298,GCF_018135715.1,帝王蝶 (Danaus plexippus)
LOC133319209,LOC116779351,0.1071579760906039,0.1926215305634568,0.5563135947323505,GCF_018135715.1,帝王蝶 (Danaus plexippus)
LOC133319209,LOC133318764,0.12408394190254,0.1445708396469988,0.8582916320159582,GCF_018135715.1,帝王蝶 (Danaus plexippus)
LOC133319209,LOC133318898,0.1235447087190383,0.1713754836485424,0.7209007151361528,GCF_018135715.1,帝王蝶 (Danaus plexippus)
LOC116779351,LOC133318764,0.0861357763240211,0.1000006125560403,0.861352486973524,GCF_018135715.1,帝王蝶 (Danaus plexippus)
LOC116779351,LOC133318898,0.082071836231672,0.11075508110399,0.7410209573555656,GCF_018135715.1,帝王蝶 (Danaus plexippus)
LOC116779351,LOC133319326,0.0810707030214554,0.1089312245790647,0.7442375070576068,GCF_018135715.1,帝王蝶 (Danaus plexippus)
LOC116779351,LOC133318888,0.0922193338763147,0.0814417332256327,1.1323351090874123,GCF_018135715.1,帝王蝶 (Danaus plexippus)
LOC116767978,LOC133319386,0.017284168425603,0.0938023814737106,0.1842615097192089,GCF_018135715.1,帝王蝶 (Danaus plexippus)
LOC116766546,LOC116766327,0.1842448355735743,0.4964854412411439,0.37109816375076,GCF_018135715.1,帝王蝶 (Danaus plexippus)
LOC116766546,LOC116766337,0.2013472733859926,0.5055742391919384,0.3982546138185499,GCF_018135715.1,帝王蝶 (Danaus plexippus)
LOC116779199,LOC116778930,0.0618697164639783,0.4321881363299652,0.1431545923249088,GCF_018135715.1,帝王蝶 (Danaus plexippus)
LOC116779199,LOC116779203,0.0812347587689474,0.554387640186214,0.1465306094155731,GCF_018135715.1,帝王蝶 (Danaus plexippus)
LOC116779199,LOC116778990,0.0940320027063641,0.7283012959900268,0.1291114037886482,GCF_018135715.1,帝王蝶 (Danaus plexippus)
LOC116779203,LOC116778930,0.0824132200475468,0.4116113952295352,0.2002209389795661,GCF_018135715.1,帝王蝶 (Danaus plexippus)
LOC116779203,LOC116778990,0.0817400685424832,0.713908654871924,0.1144965367553185,GCF_018135715.1,帝王蝶 (Danaus plexippus)
LOC116778930,LOC116778990,0.0747353687816561,0.4747615046364901,0.1574166566829774,GCF_018135715.1,帝王蝶 (Danaus plexippus)
LOC116778708,LOC133320853,0.063231084512235,0.2072644163249241,0.3050744823130131,GCF_018135715.1,帝王蝶 (Danaus plexippus)
LOC133318703,LOC116768083,0.0013049155097007,0.0179112990025405,0.072854320030929,GCF_018135715.1,帝王蝶 (Danaus plexippus)
LOC133319733,LOC116775709,0.0699464236358295,0.1118346643479756,0.6254449284006431,GCF_018135715.1,帝王蝶 (Danaus plexippus)
LOC133320545,LOC133320571,0.0189129797721582,0.0226821410274058,0.8338269191301879,GCF_018135715.1,帝王蝶 (Danaus plexippus)
LOC116768233,LOC133319701,0.0403303073642241,0.0468902677360005,0.860099745885223,GCF_018135715.1,帝王蝶 (Danaus plexippus)
LOC133319884,LOC116778498,0.0067628952376415,0.0215532073255175,0.3137767449410988,GCF_018135715.1,帝王蝶 (Danaus plexippus)
LOC133319884,LOC133319882,0.0211859189018385,0.1019667271770215,0.2077728636426494,GCF_018135715.1,帝王蝶 (Danaus plexippus)
LOC116778498,LOC133319882,0.0232364826592372,0.1048746501570427,0.2215643401378898,GCF_018135715.1,帝王蝶 (Danaus plexippus)
LOC116776087,LOC133319772,0.02057651180072,0.061610978706749,0.333974759574239,GCF_018135715.1,帝王蝶 (Danaus plexippus)
LOC116779388,LOC133318944,0.0108746807765475,0.0160433924859881,0.6778292550060837,GCF_018135715.1,帝王蝶 (Danaus plexippus)
LOC133320776,LOC133318959,0.0148181111913001,0.0243476878166587,0.6086044515964935,GCF_018135715.1,帝王蝶 (Danaus plexippus)
LOC133320776,LOC133319584,0.0160042239044041,0.0344781203395218,0.464184930814188,GCF_018135715.1,帝王蝶 (Danaus plexippus)
LOC116766046,LOC133319002,0.0145096986262932,0.1550211075491487,0.0935982128865449,GCF_018135715.1,帝王蝶 (Danaus plexippus)
LOC116766046,LOC116766045,0.0078420697042639,0.083046388782735,0.0944299905054303,GCF_018135715.1,帝王蝶 (Danaus plexippus)
LOC116766046,LOC133319001,0.0127916688004498,0.1609408388466785,0.079480564983484,GCF_018135715.1,帝王蝶 (Danaus plexippus)
LOC116766046,LOC133319003,0.0394304577952804,0.3040988310811229,0.1296632994447841,GCF_018135715.1,帝王蝶 (Danaus plexippus)
LOC133318960,LOC133318994,0.0040513265290651,0.0626996766264697,0.0646147914478206,GCF_018135715.1,帝王蝶 (Danaus plexippus)
LOC133318960,LOC133318966,0.0054066465274372,0.0518789298665792,0.104216616289925,GCF_018135715.1,帝王蝶 (Danaus plexippus)
LOC133318960,LOC133318993,0.0054115229138357,0.0517000492558677,0.1046715233684531,GCF_018135715.1,帝王蝶 (Danaus plexippus)
LOC133318960,LOC116766986,0.1334837240974788,0.3950688614241411,0.3378745761341397,GCF_018135715.1,帝王蝶 (Danaus plexippus)
LOC133318994,LOC133318966,0.0013477092575262,0.0412475068105865,0.032673714406911,GCF_018135715.1,帝王蝶 (Danaus plexippus)
LOC133318994,LOC133318993,0.0013489212269361,0.0517446536152134,0.0260688038800505,GCF_018135715.1,帝王蝶 (Danaus plexippus)
LOC133318994,LOC116766986,0.1326473808665206,0.4716135461849854,0.2812628728320943,GCF_018135715.1,帝王蝶 (Danaus plexippus)
LOC133318966,LOC133318993,0.0027002729438833,0.0202715042909394,0.1332053559088964,GCF_018135715.1,帝王蝶 (Danaus plexippus)
LOC133318966,LOC116766986,0.1334509523719642,0.4040679282463498,0.3302686084271519,GCF_018135715.1,帝王蝶 (Danaus plexippus)
LOC133318993,LOC116766986,0.1343874333166322,0.4240020514641694,0.316949960153645,GCF_018135715.1,帝王蝶 (Danaus plexippus)
LOC133320352,LOC116772842,0.0197976195162102,0.0274043449779097,0.7224262989014649,GCF_018135715.1,帝王蝶 (Danaus plexippus)
LOC133319185,LOC133319153,0.1760145169619515,0.5705763498808756,0.3084854761307574,GCF_018135715.1,帝王蝶 (Danaus plexippus)
LOC133319185,LOC116769868,0.1776649849312476,0.4960488616840228,0.3581602512464147,GCF_018135715.1,帝王蝶 (Danaus plexippus)
LOC133319153,LOC116769868,0.1428590316336366,0.5244124511158037,0.272417314519654,GCF_018135715.1,帝王蝶 (Danaus plexippus)
LOC133320371,LOC133320056,0.01150077300008,0.0127934871784324,0.8989552918353848,GCF_018135715.1,帝王蝶 (Danaus plexippus)
LOC133320837,LOC116778982,0.0034827088353617,0.0181199494988515,0.1922030100350186,GCF_018135715.1,帝王蝶 (Danaus plexippus)
LOC133320353,LOC116772841,0.0196800919426461,0.0578339969440916,0.3402858696014205,GCF_018135715.1,帝王蝶 (Danaus plexippus)
LOC116772038,LOC116772101,0.2009164206632515,0.7045670995720398,0.2851629330766224,GCF_018135715.1,帝王蝶 (Danaus plexippus)
LOC116775348,LOC133319557,0.0,0.032972342565837,0.0,GCF_018135715.1,帝王蝶 (Danaus plexippus)
LOC133320301,LOC133320302,0.1210715409896963,0.2022414683752031,0.5986484471378617,GCF_018135715.1,帝王蝶 (Danaus plexippus)
LOC133320119,LOC116768448,0.0,0.0231678652645037,0.0,GCF_018135715.1,帝王蝶 (Danaus plexippus)
LOC116770202,LOC133320211,0.0102141656511028,0.0309322189005367,0.330211217111413,GCF_018135715.1,帝王蝶 (Danaus plexippus)
LOC116770243,LOC133320235,0.1516502831017249,0.1750023119891232,0.8665615978327778,GCF_018135715.1,帝王蝶 (Danaus plexippus)
LOC116778673,LOC116766659,0.2832946415677399,0.5548289435147387,0.510598167019047,GCF_018135715.1,帝王蝶 (Danaus plexippus)
LOC116768142,LOC116767961,0.0210483322765939,0.1878080082409116,0.1120736675381492,GCF_018135715.1,帝王蝶 (Danaus plexippus)
LOC116768408,LOC133319685,0.0029419012959738,0.0054895030067023,0.5359139602222599,GCF_018135715.1,帝王蝶 (Danaus plexippus)
LOC116773514,LOC116773438,0.1394139084957006,0.7102967929056799,0.1962755708432621,GCF_018135715.1,帝王蝶 (Danaus plexippus)
LOC133319322,LOC133320707,0.013490246286812,0.0453395819283843,0.2975379505730876,GCF_018135715.1,帝王蝶 (Danaus plexippus)
LOC133319322,LOC133319717,0.0091674174230818,0.0179112990025405,0.5118231470415154,GCF_018135715.1,帝王蝶 (Danaus plexippus)
LOC133320417,LOC116773662,0.0,0.009836206558371,0.0,GCF_018135715.1,帝王蝶 (Danaus plexippus)
LOC116771515,LOC133319342,0.0178242253308604,0.0788126017302662,0.2261595853904595,GCF_018135715.1,帝王蝶 (Danaus plexippus)
LOC116771515,LOC116771514,0.0504322174755312,0.0545222686411239,0.9249838411436214,GCF_018135715.1,帝王蝶 (Danaus plexippus)
LOC116771515,LOC133319341,0.0642237117654464,0.1341141946820643,0.4788733356502446,GCF_018135715.1,帝王蝶 (Danaus plexippus)
LOC116771515,LOC116771269,0.1141402172933935,0.2323872410250024,0.491163872809666,GCF_018135715.1,帝王蝶 (Danaus plexippus)
LOC133320707,LOC133319717,0.0114856762297818,0.0361515763634083,0.3177088632131506,GCF_018135715.1,帝王蝶 (Danaus plexippus)
LOC116777950,LOC133319910,0.1000137178550531,0.1613853947597495,0.6197197584325465,GCF_018135715.1,帝王蝶 (Danaus plexippus)
LOC116775756,LOC116775514,0.0169542282449935,0.0970010864250531,0.1747839005709797,GCF_018135715.1,帝王蝶 (Danaus plexippus)
LOC116775756,LOC116775512,0.018567219496286,0.126737509283795,0.1465013759636831,GCF_018135715.1,帝王蝶 (Danaus plexippus)
LOC116775756,LOC116775513,0.0343810195111809,0.1269819301935746,0.2707552126414334,GCF_018135715.1,帝王蝶 (Danaus plexippus)
LOC116775756,LOC116775753,0.0343541709177189,0.1210675793672534,0.2837602857616156,GCF_018135715.1,帝王蝶 (Danaus plexippus)
LOC133319294,LOC133319295,0.0105375811423345,0.0232276628497096,0.4536651496328348,GCF_018135715.1,帝王蝶 (Danaus plexippus)
LOC133320171,LOC133320152,0.080310666953089,0.0961313950679982,0.8354260010091556,GCF_018135715.1,帝王蝶 (Danaus plexippus)
LOC133320171,LOC133320149,0.1074626273728731,0.2065867436528661,0.5201816218829887,GCF_018135715.1,帝王蝶 (Danaus plexippus)
LOC133320171,LOC116767576,0.2821203097277104,0.7281770728771473,0.3874336617232492,GCF_018135715.1,帝王蝶 (Danaus plexippus)
LOC133320128,LOC116767596,0.0030487846861271,0.010850098813315,0.2809914212380957,GCF_018135715.1,帝王蝶 (Danaus plexippus)
LOC116775512,LOC116775514,0.0248020533517546,0.1215357106932845,0.2040721464520562,GCF_018135715.1,帝王蝶 (Danaus plexippus)
LOC116775512,LOC116775513,0.0408264049162628,0.1330400673810796,0.3068730023964868,GCF_018135715.1,帝王蝶 (Danaus plexippus)
LOC116775512,LOC133319746,0.0267043915906608,0.1018511558692961,0.2621903636020596,GCF_018135715.1,帝王蝶 (Danaus plexippus)
LOC133319745,LOC116775510,0.029583492601389,0.0903346148069002,0.3274878922617525,GCF_018135715.1,帝王蝶 (Danaus plexippus)
LOC133319745,LOC116775756,0.0201042965206592,0.1211842730465811,0.1658985610528146,GCF_018135715.1,帝王蝶 (Danaus plexippus)
LOC133319745,LOC116775514,0.0231917473110778,0.0792442339320183,0.2926616380817493,GCF_018135715.1,帝王蝶 (Danaus plexippus)
LOC133319745,LOC116775512,0.0232576775569202,0.1335564494343774,0.1741411789203623,GCF_018135715.1,帝王蝶 (Danaus plexippus)
LOC116775510,LOC116775756,0.0217069415070315,0.1204874731144367,0.1801593223422876,GCF_018135715.1,帝王蝶 (Danaus plexippus)
LOC116775510,LOC116775514,0.0263797557479085,0.0787978017884787,0.3347778129486548,GCF_018135715.1,帝王蝶 (Danaus plexippus)
LOC116775510,LOC116775512,0.0280406490537152,0.1327833747698329,0.2111759028742942,GCF_018135715.1,帝王蝶 (Danaus plexippus)
LOC116775510,LOC116775753,0.0375567378335599,0.0785029669229163,0.4784116996550927,GCF_018135715.1,帝王蝶 (Danaus plexippus)
LOC116775514,LOC116775753,0.0358509808044411,0.1098111362480328,0.3264785524435679,GCF_018135715.1,帝王蝶 (Danaus plexippus)
LOC116775514,LOC116775513,0.0391018960936902,0.1155015105764004,0.3385401272983838,GCF_018135715.1,帝王蝶 (Danaus plexippus)
LOC116775753,LOC116775513,0.0248148766020174,0.0496048518784086,0.5002509968751379,GCF_018135715.1,帝王蝶 (Danaus plexippus)
LOC116775753,LOC116775512,0.044003191703346,0.1273503386207893,0.3455286588155387,GCF_018135715.1,帝王蝶 (Danaus plexippus)
LOC133320042,LOC116770015,0.0015357056811743,0.0107049096555879,0.1434580702297417,GCF_018135715.1,帝王蝶 (Danaus plexippus)
LOC133319746,LOC116775756,0.0203243286324178,0.0781375143636084,0.2601097411141049,GCF_018135715.1,帝王蝶 (Danaus plexippus)
LOC133319746,LOC116775514,0.0250349187931801,0.096816686478721,0.2585806197641607,GCF_018135715.1,帝王蝶 (Danaus plexippus)
LOC133319746,LOC116775513,0.0412148061146015,0.1142890907270166,0.3606188994279823,GCF_018135715.1,帝王蝶 (Danaus plexippus)
LOC116771018,LOC133318762,0.0,0.0222650858850317,0.0,GCF_018135715.1,帝王蝶 (Danaus plexippus)
LOC133319788,LOC133320670,0.0082024057468834,0.0722483317038241,0.1135307287164565,GCF_018135715.1,帝王蝶 (Danaus plexippus)
LOC116771195,LOC116771199,0.122650232196241,0.7012828720080351,0.1748940935132888,GCF_018135715.1,帝王蝶 (Danaus plexippus)
LOC116771514,LOC133319341,0.0160734788338104,0.1078085689996061,0.1490927760470428,GCF_018135715.1,帝王蝶 (Danaus plexippus)
LOC116771514,LOC133319342,0.0660041590690782,0.127910952005282,0.5160164789200584,GCF_018135715.1,帝王蝶 (Danaus plexippus)
LOC116771514,LOC116771269,0.1086404033391302,0.2369796778769566,0.4584376361399984,GCF_018135715.1,帝王蝶 (Danaus plexippus)
LOC133319341,LOC133319342,0.0694863600520983,0.1583345303834745,0.4388579034769452,GCF_018135715.1,帝王蝶 (Danaus plexippus)
LOC133319341,LOC116771269,0.111367943769552,0.261825495127044,0.425351792863081,GCF_018135715.1,帝王蝶 (Danaus plexippus)
LOC116771269,LOC133319342,0.1269858352203484,0.2757003768666882,0.4605936221906252,GCF_018135715.1,帝王蝶 (Danaus plexippus)
LOC116772993,LOC133320359,0.0,0.023325495112671,0.0,GCF_018135715.1,帝王蝶 (Danaus plexippus)
LOC116771201,LOC116771198,0.1082230211281975,0.6739037890990286,0.1605912043807998,GCF_018135715.1,帝王蝶 (Danaus plexippus)
LOC116771201,LOC133319278,0.1082230211281975,0.6739037890990286,0.1605912043807998,GCF_018135715.1,帝王蝶 (Danaus plexippus)
LOC116771201,LOC133319279,0.1100195788992977,0.6757005296382781,0.1628229875122259,GCF_018135715.1,帝王蝶 (Danaus plexippus)
LOC116771201,LOC116771269,0.1775938666789391,0.70194502979326,0.2530025274646433,GCF_018135715.1,帝王蝶 (Danaus plexippus)
LOC133319928,LOC133319898,0.2109875089385285,0.2277618103486665,0.9263515626941178,GCF_018135715.1,帝王蝶 (Danaus plexippus)
LOC133319963,LOC133319898,0.2109875089385285,0.2277618103486665,0.9263515626941178,GCF_018135715.1,帝王蝶 (Danaus plexippus)
LOC116778049,LOC133318852,0.5049675789903916,0.7197881625537825,0.7015502688996507,GCF_018135715.1,帝王蝶 (Danaus plexippus)
LOC133319669,LOC116774436,0.0,0.0159016557379522,0.0,GCF_018135715.1,帝王蝶 (Danaus plexippus)
LOC116775965,LOC133319542,0.0101318663430572,0.04984039770873,0.2032862258096025,GCF_018135715.1,帝王蝶 (Danaus plexippus)
LOC133319001,LOC116766045,0.0157762170895477,0.1825419860665444,0.0864251421248187,GCF_018135715.1,帝王蝶 (Danaus plexippus)
LOC133319001,LOC133319002,0.024057045243993,0.1639896235328057,0.1466985820549829,GCF_018135715.1,帝王蝶 (Danaus plexippus)
LOC133319001,LOC116766020,0.0404715850002017,0.3208447512585296,0.1261407108623403,GCF_018135715.1,帝王蝶 (Danaus plexippus)
LOC133319001,LOC133319003,0.0459225256662477,0.3373733332973612,0.1361178289268393,GCF_018135715.1,帝王蝶 (Danaus plexippus)
LOC133319002,LOC116766045,0.0087184939933046,0.157438341821211,0.0553771965103993,GCF_018135715.1,帝王蝶 (Danaus plexippus)
LOC133319002,LOC116766020,0.0168830989473463,0.1614316765605329,0.1045835570010674,GCF_018135715.1,帝王蝶 (Danaus plexippus)
LOC133319002,LOC133319003,0.0384105120351883,0.2587968648859808,0.1484195415277191,GCF_018135715.1,帝王蝶 (Danaus plexippus)
LOC116772413,LOC116772425,0.0288960297908222,0.1629914167004935,0.1772855919396076,GCF_018135715.1,帝王蝶 (Danaus plexippus)
LOC116768760,LOC116768678,0.1164495966833429,0.4684704255923914,0.248574062142962,GCF_018135715.1,帝王蝶 (Danaus plexippus)
LOC116768760,LOC133319740,0.1333138958279169,0.538079904846742,0.247758547805066,GCF_018135715.1,帝王蝶 (Danaus plexippus)
LOC116768678,LOC133319740,0.0768686417031004,0.1600633485922567,0.4802388702920031,GCF_018135715.1,帝王蝶 (Danaus plexippus)
LOC116775783,LOC116775574,0.0385060206837217,0.1631220733658508,0.2360564691779041,GCF_018135715.1,帝王蝶 (Danaus plexippus)
LOC116777455,LOC133320875,0.0384587599445427,0.2142531498654364,0.1795014914305675,GCF_018135715.1,帝王蝶 (Danaus plexippus)
LOC116768639,LOC133320094,0.0,0.0454684663623262,0.0,GCF_018135715.1,帝王蝶 (Danaus plexippus)
LOC116766045,LOC133319003,0.0333086000999021,0.3587789091871887,0.0928387908178954,GCF_018135715.1,帝王蝶 (Danaus plexippus)
LOC116766045,LOC116766020,0.0259068930573486,0.3018110814679059,0.0858381108186828,GCF_018135715.1,帝王蝶 (Danaus plexippus)
LOC116770217,LOC116770218,0.1161406215700079,0.6128053281485506,0.1895228651501773,GCF_018135715.1,帝王蝶 (Danaus plexippus)
LOC116775576,LOC133319725,0.0277809537602618,0.1601075434303123,0.1735143339598713,GCF_018135715.1,帝王蝶 (Danaus plexippus)
LOC116775576,LOC133319726,0.0277809537602618,0.1601075434303123,0.1735143339598713,GCF_018135715.1,帝王蝶 (Danaus plexippus)
LOC116778080,LOC116778081,0.1886694646983746,0.732648774671632,0.2575169320155281,GCF_018135715.1,帝王蝶 (Danaus plexippus)
LOC116770111,LOC116778844,0.0140601657220119,0.0571705240409131,0.2459338261785051,GCF_018135715.1,帝王蝶 (Danaus plexippus)
LOC133319293,LOC116771147,0.1702072942702422,0.6865068112989714,0.2479324188323567,GCF_018135715.1,帝王蝶 (Danaus plexippus)
LOC133319293,LOC116771146,0.1791457254072146,0.7236341391379116,0.2475639494021614,GCF_018135715.1,帝王蝶 (Danaus plexippus)
LOC116776177,LOC116774138,0.0313634547624911,0.0975398461861482,0.3215450504467278,GCF_018135715.1,帝王蝶 (Danaus plexippus)
LOC116771148,LOC116771147,0.0509441010009819,0.2905661946856717,0.1753270061443046,GCF_018135715.1,帝王蝶 (Danaus plexippus)
LOC116771148,LOC116771146,0.0510680351925772,0.3385917547768386,0.1508248044204016,GCF_018135715.1,帝王蝶 (Danaus plexippus)
LOC116771146,LOC116771147,0.0278308412363065,0.1043346018470381,0.2667460338527814,GCF_018135715.1,帝王蝶 (Danaus plexippus)
LOC133320668,LOC116777368,0.0087900215050964,0.0058422885490001,1.5045510729867668,GCF_018135715.1,帝王蝶 (Danaus plexippus)
LOC116776415,LOC133319789,0.0378520692668639,0.0890001137275433,0.4253036055969633,GCF_018135715.1,帝王蝶 (Danaus plexippus)
LOC133319828,LOC116774889,0.0018461547783349,0.0102917566913259,0.1793818911295195,GCF_018135715.1,帝王蝶 (Danaus plexippus)
LOC133319475,LOC133319301,0.0538149642584105,0.0515076493471645,1.0447955777537932,GCF_018135715.1,帝王蝶 (Danaus plexippus)
LOC116768733,LOC133319687,0.0,0.0178934928404204,0.0,GCF_018135715.1,帝王蝶 (Danaus plexippus)
LOC133318699,LOC116773699,0.0063406174749965,0.0512247229184812,0.123780415271099,GCF_018135715.1,帝王蝶 (Danaus plexippus)
LOC133318699,LOC116773695,0.0072464331838026,0.0930945505603628,0.0778394990918832,GCF_018135715.1,帝王蝶 (Danaus plexippus)
LOC116773699,LOC116773695,0.0099819985265852,0.0832475819790182,0.1199073689503816,GCF_018135715.1,帝王蝶 (Danaus plexippus)
LOC133319982,LOC116768655,0.0,0.0476350542917444,0.0,GCF_018135715.1,帝王蝶 (Danaus plexippus)
LOC133320247,LOC116771798,0.0,0.0129453051997499,0.0,GCF_018135715.1,帝王蝶 (Danaus plexippus)
LOC116772308,LOC133319104,0.1125324261931627,0.5317743179468292,0.2116168878325083,GCF_018135715.1,帝王蝶 (Danaus plexippus)
LOC116772308,LOC133319105,0.1156401547699199,0.5406073487276258,0.2139078483525812,GCF_018135715.1,帝王蝶 (Danaus plexippus)
LOC133319104,LOC133319105,0.0408874915801728,0.1123862412998804,0.3638122523474439,GCF_018135715.1,帝王蝶 (Danaus plexippus)
LOC116769166,LOC133320049,0.2084808057922677,0.6626256817883726,0.3146283211202968,GCF_018135715.1,帝王蝶 (Danaus plexippus)
LOC116769166,LOC133320045,0.2109083197119161,0.6470944969371125,0.3259312522517297,GCF_018135715.1,帝王蝶 (Danaus plexippus)
LOC116769166,LOC133320046,0.2112067556953155,0.6737498231748336,0.3134794970335878,GCF_018135715.1,帝王蝶 (Danaus plexippus)
LOC116769166,LOC133320050,0.2134192345586797,0.6459858921946852,0.330377547152934,GCF_018135715.1,帝王蝶 (Danaus plexippus)
LOC133320882,LOC116779065,0.0161828274063429,0.0144408793426022,1.1206261767316144,GCF_018135715.1,帝王蝶 (Danaus plexippus)
LOC133320882,LOC133320862,0.1104747405472418,0.2663936385710463,0.4147048748605103,GCF_018135715.1,帝王蝶 (Danaus plexippus)
LOC116779065,LOC133320862,0.1063360065972938,0.2565676716940775,0.414455983075238,GCF_018135715.1,帝王蝶 (Danaus plexippus)
LOC116767026,LOC133318732,0.0,0.0229609768647051,0.0,GCF_018135715.1,帝王蝶 (Danaus plexippus)
LOC133320045,LOC133320049,0.0036923151497767,0.0064378077685435,0.5735360983933309,GCF_018135715.1,帝王蝶 (Danaus plexippus)
LOC133320045,LOC133320046,0.0036968651560519,0.0193976329424395,0.1905833132847729,GCF_018135715.1,帝王蝶 (Danaus plexippus)
LOC133320050,LOC133320046,0.0018467230013708,0.0193767504966861,0.0953061248162669,GCF_018135715.1,帝王蝶 (Danaus plexippus)
LOC133320050,LOC133320049,0.0092679585279053,0.0064309075684377,1.4411587212653345,GCF_018135715.1,帝王蝶 (Danaus plexippus)
LOC133320049,LOC133320046,0.0074120430315475,0.012875852716774,0.5756545367975082,GCF_018135715.1,帝王蝶 (Danaus plexippus)
LOC116765581,LOC133319058,0.0,0.0132162010123646,0.0,GCF_018135715.1,帝王蝶 (Danaus plexippus)
LOC133320048,LOC116769986,0.0055624482412872,0.0130438070339019,0.4264436162563601,GCF_018135715.1,帝王蝶 (Danaus plexippus)
LOC133320048,LOC133320061,0.0055641677155561,0.0262896575662817,0.2116485428358156,GCF_018135715.1,帝王蝶 (Danaus plexippus)
LOC133320048,LOC133320047,0.0074281015733446,0.0130296436641525,0.5700924572312736,GCF_018135715.1,帝王蝶 (Danaus plexippus)
LOC133320048,LOC133320062,0.0111733910104777,0.0196089600782416,0.5698104828555302,GCF_018135715.1,帝王蝶 (Danaus plexippus)
LOC116769986,LOC133320061,0.0037048547087607,0.0397883346582442,0.0931140933789533,GCF_018135715.1,帝王蝶 (Danaus plexippus)
LOC116769986,LOC133320047,0.0055641677155561,0.0262896575662817,0.2116485428358156,GCF_018135715.1,帝王蝶 (Danaus plexippus)
LOC116769986,LOC133320062,0.0083643989628562,0.0363507266566655,0.2301026618218233,GCF_018135715.1,帝王蝶 (Danaus plexippus)
LOC133320047,LOC133320062,0.0037071437849363,0.0195876203714478,0.1892595279383764,GCF_018135715.1,帝王蝶 (Danaus plexippus)
LOC133320047,LOC133320061,0.0055658882532126,0.0397443976053827,0.1400420836283803,GCF_018135715.1,帝王蝶 (Danaus plexippus)
LOC133320062,LOC133320061,0.0093024448375649,0.0465265431895894,0.1999384480308091,GCF_018135715.1,帝王蝶 (Danaus plexippus)
LOC133319003,LOC116766020,0.0299835521776572,0.2433883742281506,0.1231922119236102,GCF_018135715.1,帝王蝶 (Danaus plexippus)
LOC116767063,LOC116767041,0.0037037112304369,0.0274003074993419,0.135170425752553,GCF_018135715.1,帝王蝶 (Danaus plexippus)
LOC116772755,LOC133319129,0.1780776956411055,0.3137102398507739,0.567650248604616,GCF_018135715.1,帝王蝶 (Danaus plexippus)
LOC116769847,LOC133319188,0.0133209971839816,0.0499590117881861,0.2666385244059551,GCF_018135715.1,帝王蝶 (Danaus plexippus)
LOC133319193,LOC133319192,0.0198818799337899,0.0655438665862573,0.3033370011460176,GCF_018135715.1,帝王蝶 (Danaus plexippus)
LOC116776113,LOC116776383,0.2006444286768764,0.4815690073197459,0.4166473041809669,GCF_018135715.1,帝王蝶 (Danaus plexippus)
LOC133319091,LOC133319092,0.0064865269188987,0.0748283653087125,0.0866854018811973,GCF_018135715.1,帝王蝶 (Danaus plexippus)
LOC133319091,LOC116772680,0.0631952577133048,0.1060712611442037,0.5957811478020518,GCF_018135715.1,帝王蝶 (Danaus plexippus)
LOC133318973,LOC116766912,0.0217765215183812,0.0378390457202914,0.5755039828264874,GCF_018135715.1,帝王蝶 (Danaus plexippus)
LOC133318973,LOC133318980,0.0401567970934008,0.0223064768990531,1.8002303669525417,GCF_018135715.1,帝王蝶 (Danaus plexippus)
LOC133318973,LOC116766927,0.0903623502966197,0.1158581479670861,0.7799395371164624,GCF_018135715.1,帝王蝶 (Danaus plexippus)
LOC133318980,LOC116766912,0.0443081844063685,0.0298546878003147,1.4841282113793,GCF_018135715.1,帝王蝶 (Danaus plexippus)
LOC133318980,LOC116766927,0.117191245835365,0.1046392631693958,1.1199548074574008,GCF_018135715.1,帝王蝶 (Danaus plexippus)
LOC116766912,LOC116766927,0.0698178172995089,0.0953912706503168,0.7319099203054484,GCF_018135715.1,帝王蝶 (Danaus plexippus)
LOC133319503,LOC133319505,0.0585819307867772,0.1006125098404415,0.5822529512451348,GCF_018135715.1,帝王蝶 (Danaus plexippus)
LOC133319503,LOC116776014,0.0709952804011694,0.1943895040869699,0.3652217784835037,GCF_018135715.1,帝王蝶 (Danaus plexippus)
LOC133319505,LOC116776014,0.0497712567743146,0.1744273027460662,0.285340975814849,GCF_018135715.1,帝王蝶 (Danaus plexippus)
LOC116776379,LOC133319776,0.0131582322381821,0.0580560513091769,0.2266470409451049,GCF_018135715.1,帝王蝶 (Danaus plexippus)
LOC133320138,LOC116767597,0.0,0.0195238790384601,0.0,GCF_018135715.1,帝王蝶 (Danaus plexippus)
LOC116772680,LOC133319092,0.0385689088555778,0.1125099851709726,0.3428043190741486,GCF_018135715.1,帝王蝶 (Danaus plexippus)
LOC133318715,LOC116765801,0.0092665271465388,0.0801733462325345,0.1155811448815197,GCF_018135715.1,帝王蝶 (Danaus plexippus)
LOC133318715,LOC133319047,0.0149889692851926,0.1626953144785727,0.0921290777993898,GCF_018135715.1,帝王蝶 (Danaus plexippus)
LOC133318715,LOC116765508,0.0076951939271755,0.145674678740477,0.0528245127685143,GCF_018135715.1,帝王蝶 (Danaus plexippus)
LOC133318715,LOC116765511,0.0121237026400165,0.2200843328763983,0.0550866228484575,GCF_018135715.1,帝王蝶 (Danaus plexippus)
LOC133318846,LOC116773632,0.0019907111886546,0.0245923671172432,0.0809483356833434,GCF_018135715.1,帝王蝶 (Danaus plexippus)
LOC133320311,LOC133320312,0.0,0.0963891381007338,0.0,GCF_018135715.1,帝王蝶 (Danaus plexippus)
LOC133320311,LOC116772013,0.023391309122322,0.1532128633439461,0.1526719663858192,GCF_018135715.1,帝王蝶 (Danaus plexippus)
LOC116766027,LOC116766028,0.0331625379926563,0.2104288757019572,0.1575949967989486,GCF_018135715.1,帝王蝶 (Danaus plexippus)
LOC116766027,LOC116766029,0.0253980838600916,0.1816050390036487,0.1398534093516061,GCF_018135715.1,帝王蝶 (Danaus plexippus)
LOC116766028,LOC116766029,0.0228322529536877,0.163733574781214,0.1394475933491158,GCF_018135715.1,帝王蝶 (Danaus plexippus)
LOC116771020,LOC133318763,0.0,0.0081301609146486,0.0,GCF_018135715.1,帝王蝶 (Danaus plexippus)
LOC133318727,LOC116765279,0.002038737239083,0.0081191591286918,0.2511020176804354,GCF_018135715.1,帝王蝶 (Danaus plexippus)
LOC133319450,LOC116774166,0.0814170542917056,0.1811328211382139,0.4494881368273952,GCF_018135715.1,帝王蝶 (Danaus plexippus)
LOC116765508,LOC116765511,0.0088074406632679,0.110928422497729,0.0793975111603906,GCF_018135715.1,帝王蝶 (Danaus plexippus)
LOC116765508,LOC133319047,0.0068886821828044,0.0710590256920246,0.0969430992856628,GCF_018135715.1,帝王蝶 (Danaus plexippus)
LOC116765508,LOC116765801,0.0151343901395654,0.1314213878270433,0.1151592628095131,GCF_018135715.1,帝王蝶 (Danaus plexippus)
LOC116765511,LOC133319047,0.0068860468427182,0.1173117648435829,0.058698689359074,GCF_018135715.1,帝王蝶 (Danaus plexippus)
LOC116765511,LOC116765801,0.0198455158285074,0.2279286809690012,0.0870689715051985,GCF_018135715.1,帝王蝶 (Danaus plexippus)
LOC133320199,LOC116770402,0.0106083805396234,0.049468475843848,0.2144472890798138,GCF_018135715.1,帝王蝶 (Danaus plexippus)
LOC133319047,LOC116765801,0.0222151860462838,0.1566584806165405,0.1418064694541555,GCF_018135715.1,帝王蝶 (Danaus plexippus)
LOC116773061,LOC133320325,0.0383739339123704,0.1153257085836515,0.3327439682240141,GCF_018135715.1,帝王蝶 (Danaus plexippus)
LOC116773061,LOC133320346,0.0579805660988918,0.1588142302281458,0.3650841994171389,GCF_018135715.1,帝王蝶 (Danaus plexippus)
LOC133319424,LOC133319425,0.0183233869249957,0.127555937387986,0.1436498159177149,GCF_018135715.1,帝王蝶 (Danaus plexippus)
LOC133319424,LOC133319426,0.1151229739170417,0.5547799380800202,0.2075110616210433,GCF_018135715.1,帝王蝶 (Danaus plexippus)
LOC116773059,LOC116773063,0.069027199226558,0.1120393353973893,0.616097899739652,GCF_018135715.1,帝王蝶 (Danaus plexippus)
LOC116768704,LOC116768475,0.1433366062537315,0.2086212587378207,0.6870661557740196,GCF_018135715.1,帝王蝶 (Danaus plexippus)
LOC133319425,LOC133319426,0.1242081727726943,0.6717535835035652,0.1849013921516879,GCF_018135715.1,帝王蝶 (Danaus plexippus)
LOC116768191,LOC116767963,0.041677388366108,0.1673576634856572,0.2490318489041278,GCF_018135715.1,帝王蝶 (Danaus plexippus)
LOC116768191,LOC116768189,0.041677388366108,0.1767917501408023,0.2357428349055593,GCF_018135715.1,帝王蝶 (Danaus plexippus)
LOC116768191,LOC116767967,0.0443414642389706,0.2467431787266931,0.1797069506350397,GCF_018135715.1,帝王蝶 (Danaus plexippus)
LOC116768191,LOC133319390,0.0443414642389706,0.1963040084698175,0.2258816036646969,GCF_018135715.1,帝王蝶 (Danaus plexippus)
LOC133319735,LOC116775766,0.0071799511252433,0.0549264970841336,0.1307192613110839,GCF_018135715.1,帝王蝶 (Danaus plexippus)
LOC133320312,LOC116772013,0.023391309122322,0.1000147950253269,0.2338784888415622,GCF_018135715.1,帝王蝶 (Danaus plexippus)
LOC116767576,LOC133320152,0.244089739964138,0.7271200299200867,0.335693874353818,GCF_018135715.1,帝王蝶 (Danaus plexippus)
LOC116775996,LOC116775997,0.0364851809665864,0.2866387808449323,0.1272862690074183,GCF_018135715.1,帝王蝶 (Danaus plexippus)
LOC116775996,LOC133319530,0.040379810187771,0.3286911981983668,0.1228502935554777,GCF_018135715.1,帝王蝶 (Danaus plexippus)
LOC116775996,LOC133319506,0.0414852284880391,0.3563072955714285,0.1164310386109471,GCF_018135715.1,帝王蝶 (Danaus plexippus)
LOC116775996,LOC133319529,0.0414504805936588,0.2722417063228898,0.1522561739474879,GCF_018135715.1,帝王蝶 (Danaus plexippus)
LOC133319518,LOC116775997,0.0313197907714444,0.0633287393599309,0.4945588857128098,GCF_018135715.1,帝王蝶 (Danaus plexippus)
LOC133319518,LOC133319527,0.0388395753748118,0.0985724621231742,0.394020546288868,GCF_018135715.1,帝王蝶 (Danaus plexippus)
LOC133319518,LOC116775954,0.0388395753748118,0.0985724621231742,0.394020546288868,GCF_018135715.1,帝王蝶 (Danaus plexippus)
LOC133319518,LOC133319528,0.038807154084896,0.089722783895905,0.4325228487105295,GCF_018135715.1,帝王蝶 (Danaus plexippus)
LOC133319527,LOC133319528,0.0,0.0407709069141656,0.0,GCF_018135715.1,帝王蝶 (Danaus plexippus)
LOC133319527,LOC133319531,0.0024559989200635,0.057641524802144,0.0426081532106211,GCF_018135715.1,帝王蝶 (Danaus plexippus)
LOC133319527,LOC133319506,0.0049241046800999,0.0747506138799605,0.0658737691172326,GCF_018135715.1,帝王蝶 (Danaus plexippus)
LOC133319536,LOC133319527,0.0024559989200635,0.0749583113814177,0.0327648645600682,GCF_018135715.1,帝王蝶 (Danaus plexippus)
LOC133319536,LOC116775954,0.0024559989200635,0.0749583113814177,0.0327648645600682,GCF_018135715.1,帝王蝶 (Danaus plexippus)
LOC133319536,LOC133319528,0.0024539899194057,0.0664334441110161,0.0369390741703069,GCF_018135715.1,帝王蝶 (Danaus plexippus)
LOC133319536,LOC133319531,0.0049180504096192,0.0838862251024267,0.0586276281190892,GCF_018135715.1,帝王蝶 (Danaus plexippus)
LOC116775954,LOC133319528,0.0,0.0407709069141656,0.0,GCF_018135715.1,帝王蝶 (Danaus plexippus)
LOC116775954,LOC133319531,0.0024559989200635,0.057641524802144,0.0426081532106211,GCF_018135715.1,帝王蝶 (Danaus plexippus)
LOC116775954,LOC133319506,0.0049241046800999,0.0747506138799605,0.0658737691172326,GCF_018135715.1,帝王蝶 (Danaus plexippus)
LOC133319528,LOC133319531,0.0024539899194057,0.0664334441110161,0.0369390741703069,GCF_018135715.1,帝王蝶 (Danaus plexippus)
LOC133319528,LOC133319506,0.0049200668449112,0.0837689853938804,0.0587337523759794,GCF_018135715.1,帝王蝶 (Danaus plexippus)
LOC133319531,LOC133319506,0.0073952941005601,0.0490638117052579,0.150728079281447,GCF_018135715.1,帝王蝶 (Danaus plexippus)
LOC133319506,LOC133319529,0.0,0.0836520732764821,0.0,GCF_018135715.1,帝王蝶 (Danaus plexippus)
LOC133319529,LOC133319527,0.0049200668449112,0.057641524802144,0.0853562923916302,GCF_018135715.1,帝王蝶 (Danaus plexippus)
LOC133319529,LOC116775954,0.0049200668449112,0.057641524802144,0.0853562923916302,GCF_018135715.1,帝王蝶 (Danaus plexippus)
LOC133319529,LOC133319528,0.0049160356264838,0.0492653125143389,0.0997869571019778,GCF_018135715.1,帝王蝶 (Danaus plexippus)
LOC133319525,LOC133319527,0.0049281491483543,0.0404956654325526,0.1216957196705992,GCF_018135715.1,帝王蝶 (Danaus plexippus)
LOC133319525,LOC116775954,0.0049281491483543,0.0404956654325526,0.1216957196705992,GCF_018135715.1,帝王蝶 (Danaus plexippus)
LOC133319525,LOC133319528,0.0049241046800999,0.0489970106942918,0.1004980632557974,GCF_018135715.1,帝王蝶 (Danaus plexippus)
LOC133319525,LOC133319531,0.0074013758555654,0.0489303914013008,0.1512633691168195,GCF_018135715.1,帝王蝶 (Danaus plexippus)
LOC133319509,LOC133319507,0.0240234061002565,0.0974821383417003,0.2464390554918708,GCF_018135715.1,帝王蝶 (Danaus plexippus)
LOC133319509,LOC133319510,0.0275007893939109,0.0821489008257189,0.3347675880929264,GCF_018135715.1,帝王蝶 (Danaus plexippus)
LOC133319509,LOC133319512,0.0275007893939109,0.0821489008257189,0.3347675880929264,GCF_018135715.1,帝王蝶 (Danaus plexippus)
LOC133319509,LOC133319541,0.0302793414677906,0.0921402548290077,0.3286222891827518,GCF_018135715.1,帝王蝶 (Danaus plexippus)
LOC116775997,LOC133319530,0.0099052203246362,0.0328369818291073,0.3016483176251026,GCF_018135715.1,帝王蝶 (Danaus plexippus)
LOC116775997,LOC133319527,0.0225110687473366,0.0668035196563391,0.3369742921202589,GCF_018135715.1,帝王蝶 (Danaus plexippus)
LOC116775997,LOC116775954,0.0225110687473366,0.0668035196563391,0.3369742921202589,GCF_018135715.1,帝王蝶 (Danaus plexippus)
LOC116775997,LOC133319528,0.0224923145243796,0.0582817382454872,0.3859238794429947,GCF_018135715.1,帝王蝶 (Danaus plexippus)
LOC133319530,LOC133319527,0.0327507952407946,0.0843584875700178,0.3882335516460199,GCF_018135715.1,帝王蝶 (Danaus plexippus)
LOC133319530,LOC116775954,0.0327507952407946,0.0843584875700178,0.3882335516460199,GCF_018135715.1,帝王蝶 (Danaus plexippus)
LOC133319530,LOC133319528,0.0327233110195534,0.093605737945011,0.3495865930652335,GCF_018135715.1,帝王蝶 (Danaus plexippus)
LOC133320149,LOC133320152,0.0698178172995089,0.1942998038139179,0.359330354066512,GCF_018135715.1,帝王蝶 (Danaus plexippus)
LOC116767967,LOC133319390,0.0,0.0876327205608357,0.0,GCF_018135715.1,帝王蝶 (Danaus plexippus)
LOC116767967,LOC116768190,0.0,0.0961313950679982,0.0,GCF_018135715.1,帝王蝶 (Danaus plexippus)
LOC116767967,LOC133319411,0.0,0.1047274777072532,0.0,GCF_018135715.1,帝王蝶 (Danaus plexippus)
LOC116767967,LOC133319410,0.0,0.0792292713011884,0.0,GCF_018135715.1,帝王蝶 (Danaus plexippus)
LOC133319390,LOC116768190,0.0,0.0545695157118212,0.0,GCF_018135715.1,帝王蝶 (Danaus plexippus)
LOC133319390,LOC133319411,0.0,0.0465265431895894,0.0,GCF_018135715.1,帝王蝶 (Danaus plexippus)
LOC133319390,LOC133319410,0.0,0.0229025428950612,0.0,GCF_018135715.1,帝王蝶 (Danaus plexippus)
LOC116768190,LOC133319411,0.0,0.0709189369687595,0.0,GCF_018135715.1,帝王蝶 (Danaus plexippus)
LOC116768190,LOC133319410,0.0,0.0465265431895894,0.0,GCF_018135715.1,帝王蝶 (Danaus plexippus)
LOC116767966,LOC116767967,0.0025359280289019,0.1047274777072532,0.0242145431592524,GCF_018135715.1,帝王蝶 (Danaus plexippus)
LOC116767966,LOC133319390,0.0025359280289019,0.0545695157118212,0.0464715142845326,GCF_018135715.1,帝王蝶 (Danaus plexippus)
LOC116767966,LOC116768190,0.0025359280289019,0.0792292713011884,0.0320074637473522,GCF_018135715.1,帝王蝶 (Danaus plexippus)
LOC116767966,LOC133319411,0.0025359280289019,0.0709189369687595,0.0357581224041616,GCF_018135715.1,帝王蝶 (Danaus plexippus)
LOC116767963,LOC116768189,0.0,0.0228444056135314,0.0,GCF_018135715.1,帝王蝶 (Danaus plexippus)
LOC116767963,LOC116767967,0.0025370003049544,0.079124691033921,0.032063320207681,GCF_018135715.1,帝王蝶 (Danaus plexippus)
LOC116767963,LOC133319390,0.0025370003049544,0.0228734373096957,0.1109146942195275,GCF_018135715.1,帝王蝶 (Danaus plexippus)
LOC116767963,LOC116768190,0.0025370003049544,0.0464664705016049,0.0545985153933052,GCF_018135715.1,帝王蝶 (Danaus plexippus)
LOC133319411,LOC133319410,0.0,0.0385689088555778,0.0,GCF_018135715.1,帝王蝶 (Danaus plexippus)
LOC116768189,LOC116767967,0.0025370003049544,0.1045868251511118,0.0242573603442772,GCF_018135715.1,帝王蝶 (Danaus plexippus)
LOC116768189,LOC133319390,0.0025370003049544,0.0464664705016049,0.0545985153933052,GCF_018135715.1,帝王蝶 (Danaus plexippus)
LOC116768189,LOC116768190,0.0025370003049544,0.0708258511745664,0.0358202586044666,GCF_018135715.1,帝王蝶 (Danaus plexippus)
LOC116767968,LOC116767967,0.0025359280289019,0.0792292713011884,0.0320074637473522,GCF_018135715.1,帝王蝶 (Danaus plexippus)
LOC116767968,LOC133319390,0.0025359280289019,0.0385689088555778,0.0657505774508106,GCF_018135715.1,帝王蝶 (Danaus plexippus)
LOC116767968,LOC116768190,0.0025359280289019,0.0626996766264698,0.0404456317057197,GCF_018135715.1,帝王蝶 (Danaus plexippus)
LOC116767968,LOC133319411,0.0025359280289019,0.0545695157118212,0.0464715142845326,GCF_018135715.1,帝王蝶 (Danaus plexippus)
LOC116767969,LOC116767964,0.0050675868471598,0.0714826348532436,0.0708925581375638,GCF_018135715.1,帝王蝶 (Danaus plexippus)
LOC116767969,LOC116768191,0.03362632145248,0.0878663191129974,0.3826986471259375,GCF_018135715.1,帝王蝶 (Danaus plexippus)
LOC116767969,LOC116767963,0.0362765008884633,0.0963891381007337,0.3763546557554206,GCF_018135715.1,帝王蝶 (Danaus plexippus)
LOC116767969,LOC116768189,0.0362765008884633,0.1225545823510641,0.2960028110947933,GCF_018135715.1,帝王蝶 (Danaus plexippus)
LOC116767964,LOC116768191,0.03362632145248,0.131483259230803,0.2557460291842408,GCF_018135715.1,帝王蝶 (Danaus plexippus)
LOC116767964,LOC116767967,0.0336118287419413,0.2073186884453598,0.1621263813406769,GCF_018135715.1,帝王蝶 (Danaus plexippus)
LOC116767964,LOC133319390,0.0336118287419413,0.1780466805160583,0.1887809907183856,GCF_018135715.1,帝王蝶 (Danaus plexippus)
LOC133319821,LOC116768441,0.0048038594979451,0.0183495391158047,0.2617972837152919,GCF_018135715.1,帝王蝶 (Danaus plexippus)
LOC116768617,LOC133319922,0.0,0.0149630898145115,0.0,GCF_018135715.1,帝王蝶 (Danaus plexippus)
LOC133319162,LOC116769472,0.0073022889231527,0.009478799153792,0.770381227059903,GCF_018135715.1,帝王蝶 (Danaus plexippus)
LOC133319905,LOC116779669,0.0,0.0194185604495561,0.0,GCF_018135715.1,帝王蝶 (Danaus plexippus)
LOC116773690,LOC133320407,0.0076792479758207,0.0621657448543258,0.1235286087831114,GCF_018135715.1,帝王蝶 (Danaus plexippus)
LOC116773690,LOC116773396,0.0076858059453568,0.0437441752146397,0.1756989566643989,GCF_018135715.1,帝王蝶 (Danaus plexippus)
LOC116773690,LOC133320400,0.0102609552600817,0.0620738145811339,0.16530247624254,GCF_018135715.1,帝王蝶 (Danaus plexippus)
LOC116773690,LOC116773395,0.0102609552600817,0.0903346148069004,0.1135882992584358,GCF_018135715.1,帝王蝶 (Danaus plexippus)
LOC116773395,LOC133320407,0.0076759731860258,0.1003009680031103,0.0765294028447243,GCF_018135715.1,帝王蝶 (Danaus plexippus)
LOC116773395,LOC133320400,0.0102565700997566,0.1001485444683919,0.1024135713025136,GCF_018135715.1,帝王蝶 (Danaus plexippus)
LOC116773395,LOC116773396,0.0128482799476377,0.0999965841801606,0.1284871883672487,GCF_018135715.1,帝王蝶 (Danaus plexippus)
LOC116773396,LOC133320407,0.0102565700997566,0.0348900117261696,0.293968663016056,GCF_018135715.1,帝王蝶 (Danaus plexippus)
LOC116773396,LOC133320400,0.0128482799476377,0.0348393548756556,0.3687863909505283,GCF_018135715.1,帝王蝶 (Danaus plexippus)
LOC133320400,LOC133320407,0.0076759731860258,0.0530412421315597,0.1447170706709108,GCF_018135715.1,帝王蝶 (Danaus plexippus)
LOC133320408,LOC116773690,0.0128317928982144,0.0623504251824069,0.2058012092247145,GCF_018135715.1,帝王蝶 (Danaus plexippus)
LOC133320408,LOC116773395,0.0128263066141075,0.1104595717528115,0.1161176565378191,GCF_018135715.1,帝王蝶 (Danaus plexippus)
LOC133320408,LOC116773396,0.0154247081861077,0.0716963405107659,0.2151394070634824,GCF_018135715.1,帝王蝶 (Danaus plexippus)
LOC133320408,LOC133320407,0.0154115011705407,0.0910206427532006,0.1693187468729321,GCF_018135715.1,帝王蝶 (Danaus plexippus)
LOC116779550,LOC116765265,0.0080143238103459,0.1041671288281065,0.0769371672283581,GCF_018135715.1,帝王蝶 (Danaus plexippus)
LOC116779550,LOC116779358,0.0161152126483566,0.1041671288281065,0.1547053550352673,GCF_018135715.1,帝王蝶 (Danaus plexippus)
LOC116779550,LOC116779555,0.0490030759933009,0.2973676847605995,0.1647895131333843,GCF_018135715.1,帝王蝶 (Danaus plexippus)
LOC116779550,LOC116779547,0.0367540465233279,0.2510999965716382,0.1463721506377725,GCF_018135715.1,帝王蝶 (Danaus plexippus)
LOC116779358,LOC116765265,0.0080143238103459,0.0788126017302662,0.1016883548366382,GCF_018135715.1,帝王蝶 (Danaus plexippus)
LOC116779358,LOC116779555,0.0474701168494949,0.3289512987731946,0.1443074309982423,GCF_018135715.1,帝王蝶 (Danaus plexippus)
LOC116779358,LOC116779547,0.0352487775785023,0.2569708680368233,0.1371703253671977,GCF_018135715.1,帝王蝶 (Danaus plexippus)
LOC116765265,LOC116779555,0.0444135665161062,0.2912074858575578,0.1525151950861278,GCF_018135715.1,帝王蝶 (Danaus plexippus)
LOC116765265,LOC116779547,0.0322472728221115,0.2931952122466029,0.1099856732823751,GCF_018135715.1,帝王蝶 (Danaus plexippus)
LOC116770707,LOC116770708,0.0738533751428931,0.1390104582828688,0.5312792724746705,GCF_018135715.1,帝王蝶 (Danaus plexippus)
LOC133319507,LOC133319510,0.0027027056274739,0.0087210284963393,0.3099067533844634,GCF_018135715.1,帝王蝶 (Danaus plexippus)
LOC133319507,LOC133319512,0.0027027056274739,0.0087210284963393,0.3099067533844634,GCF_018135715.1,帝王蝶 (Danaus plexippus)
LOC133319507,LOC133319541,0.0054103029927687,0.0175961150092485,0.3074714498015658,GCF_018135715.1,帝王蝶 (Danaus plexippus)
LOC116770604,LOC116770609,0.2608476212639276,0.6571355509019924,0.3969464456851938,GCF_018135715.1,帝王蝶 (Danaus plexippus)
LOC116770604,LOC133318753,0.2711190899131289,0.7123676639866777,0.3805887094816241,GCF_018135715.1,帝王蝶 (Danaus plexippus)
LOC116770604,LOC116770943,0.2660650336089476,0.6319230928027538,0.4210402130247773,GCF_018135715.1,帝王蝶 (Danaus plexippus)
LOC133319763,LOC133319764,0.3139846500672269,0.6990953348527926,0.4491299461086264,GCF_018135715.1,帝王蝶 (Danaus plexippus)
LOC133319510,LOC133319541,0.0026978446356371,0.0087720298223934,0.3075507824597198,GCF_018135715.1,帝王蝶 (Danaus plexippus)
LOC133319512,LOC133319541,0.0026978446356371,0.0087720298223934,0.3075507824597198,GCF_018135715.1,帝王蝶 (Danaus plexippus)
LOC116769434,LOC133318873,0.005137006384181,0.0431773888661083,0.1189744567488963,GCF_018135715.1,帝王蝶 (Danaus plexippus)
LOC133319516,LOC133319519,0.0026525226587581,0.0290358841355177,0.0913532595177126,GCF_018135715.1,帝王蝶 (Danaus plexippus)
LOC133319516,LOC133319504,0.0026525226587581,0.0095542693330723,0.277626950454119,GCF_018135715.1,帝王蝶 (Danaus plexippus)
LOC133319516,LOC116775955,0.0026525226587581,0.0095542693330723,0.277626950454119,GCF_018135715.1,帝王蝶 (Danaus plexippus)
LOC133319516,LOC133319524,0.0053191712321188,0.0095239375028455,0.5585054742882951,GCF_018135715.1,帝王蝶 (Danaus plexippus)
LOC133319519,LOC133319504,0.0,0.0192318229600032,0.0,GCF_018135715.1,帝王蝶 (Danaus plexippus)
LOC133319519,LOC116775955,0.0,0.0192318229600032,0.0,GCF_018135715.1,帝王蝶 (Danaus plexippus)
LOC133319519,LOC133319524,0.0079929708554909,0.0191703727346514,0.4169439460633589,GCF_018135715.1,帝王蝶 (Danaus plexippus)
LOC133319524,LOC133319533,0.0,0.0094937976539425,0.0,GCF_018135715.1,帝王蝶 (Danaus plexippus)
LOC133319533,LOC133319514,0.0,0.0094937976539425,0.0,GCF_018135715.1,帝王蝶 (Danaus plexippus)
LOC133319533,LOC133319517,0.0,0.0094937976539425,0.0,GCF_018135715.1,帝王蝶 (Danaus plexippus)
LOC133319533,LOC133319513,0.0,0.0094937976539425,0.0,GCF_018135715.1,帝王蝶 (Danaus plexippus)
LOC133319538,LOC133319516,0.0053121072005975,0.0290828036112861,0.1826545773095986,GCF_018135715.1,帝王蝶 (Danaus plexippus)
LOC133319538,LOC133319524,0.005316814468364,0.0192010486790913,0.276902296183109,GCF_018135715.1,帝王蝶 (Danaus plexippus)
LOC133319537,LOC133319516,0.0053121072005975,0.0290828036112861,0.1826545773095986,GCF_018135715.1,帝王蝶 (Danaus plexippus)
LOC133319537,LOC133319524,0.005316814468364,0.0192010486790913,0.276902296183109,GCF_018135715.1,帝王蝶 (Danaus plexippus)
LOC133319539,LOC133319516,0.0053121072005975,0.0290828036112861,0.1826545773095986,GCF_018135715.1,帝王蝶 (Danaus plexippus)
LOC133319539,LOC133319524,0.005316814468364,0.0192010486790913,0.276902296183109,GCF_018135715.1,帝王蝶 (Danaus plexippus)
LOC116767479,LOC116767687,0.034096780557568,0.0787011698839008,0.433243630404316,GCF_018135715.1,帝王蝶 (Danaus plexippus)
LOC116773504,LOC116773682,0.0057692592173667,0.0680352852661242,0.084798045525934,GCF_018135715.1,帝王蝶 (Danaus plexippus)
LOC116778230,LOC133319854,0.016682800898488,0.0194185604495561,0.859116253330166,GCF_018135715.1,帝王蝶 (Danaus plexippus)
LOC133320368,LOC116773272,0.0339360433087744,0.0643251163180688,0.5275706481581879,GCF_018135715.1,帝王蝶 (Danaus plexippus)
LOC116766043,LOC116766042,0.1823619233758928,0.365484588513592,0.4989592697124381,GCF_018135715.1,帝王蝶 (Danaus plexippus)
LOC116779547,LOC116779555,0.0336970736664871,0.1742166631023011,0.1934204975944237,GCF_018135715.1,帝王蝶 (Danaus plexippus)
LOC116769128,LOC133320806,0.0,0.0315836140125951,0.0,GCF_018135715.1,帝王蝶 (Danaus plexippus)
LOC133320325,LOC133320346,0.1384217851839614,0.2992942022218144,0.4624940415029275,GCF_018135715.1,帝王蝶 (Danaus plexippus)
LOC116765921,LOC116765772,0.0713378611822989,0.2127555382906817,0.3353043674230095,GCF_018135715.1,帝王蝶 (Danaus plexippus)
LOC116765921,LOC133319071,0.0918175614096642,0.2443302817971509,0.3757928028171861,GCF_018135715.1,帝王蝶 (Danaus plexippus)
LOC116765921,LOC133319026,0.0627428372501816,0.177291583548173,0.3538963102167415,GCF_018135715.1,帝王蝶 (Danaus plexippus)
LOC116765921,LOC116765933,0.1409808623225571,0.2838273267901839,0.4967134909697246,GCF_018135715.1,帝王蝶 (Danaus plexippus)
LOC116765772,LOC133319071,0.0399824803372184,0.0655718377666211,0.6097507969735638,GCF_018135715.1,帝王蝶 (Danaus plexippus)
LOC116765772,LOC133319026,0.0095492006181942,0.0303582758841976,0.314550162684466,GCF_018135715.1,帝王蝶 (Danaus plexippus)
LOC116765772,LOC116765933,0.107130421901709,0.2907566749084996,0.3684538693236283,GCF_018135715.1,帝王蝶 (Danaus plexippus)
LOC116776111,LOC116776289,0.0444104347665334,0.1338855753505298,0.3317044024366416,GCF_018135715.1,帝王蝶 (Danaus plexippus)
LOC116776111,LOC116776110,0.0393791230334479,0.1269397212593393,0.3102190759738314,GCF_018135715.1,帝王蝶 (Danaus plexippus)
LOC116776110,LOC116776289,0.0584955743094314,0.1206072298136398,0.4850088539453048,GCF_018135715.1,帝王蝶 (Danaus plexippus)
LOC116766062,LOC116765686,0.0358277072015149,0.0830888298515541,0.4311976383049851,GCF_018135715.1,帝王蝶 (Danaus plexippus)
LOC116769277,LOC133320072,0.0146847569276297,0.1006533117336594,0.1458944238862936,GCF_018135715.1,帝王蝶 (Danaus plexippus)
LOC116766038,LOC116766035,0.0072816105952207,0.0994485910811431,0.0732198467173799,GCF_018135715.1,帝王蝶 (Danaus plexippus)
LOC116766038,LOC133319070,0.0072816105952207,0.0665966240873484,0.1093390347485198,GCF_018135715.1,帝王蝶 (Danaus plexippus)
LOC116766038,LOC116766037,0.0102141656511028,0.0773881771764231,0.1319861253201182,GCF_018135715.1,帝王蝶 (Danaus plexippus)
LOC116766035,LOC133319070,0.0,0.050524148870682,0.0,GCF_018135715.1,帝王蝶 (Danaus plexippus)
LOC116766035,LOC116766037,0.0029069803835197,0.0610506374579696,0.0476158891137055,GCF_018135715.1,帝王蝶 (Danaus plexippus)
LOC116766037,LOC133319070,0.0029069803835197,0.050524148870682,0.0575364543193041,GCF_018135715.1,帝王蝶 (Danaus plexippus)
LOC133319071,LOC133319026,0.0388256739038041,0.055516664918965,0.6993516984580408,GCF_018135715.1,帝王蝶 (Danaus plexippus)
LOC133319071,LOC116765933,0.0969087986100046,0.3632263818912347,0.26679999978367,GCF_018135715.1,帝王蝶 (Danaus plexippus)
LOC116776226,LOC133319773,0.0,0.0737435643832391,0.0,GCF_018135715.1,帝王蝶 (Danaus plexippus)
LOC133320847,LOC116778809,0.0,0.0107915530890747,0.0,GCF_018135715.1,帝王蝶 (Danaus plexippus)
LOC116776330,LOC133319777,0.2155734665635552,0.4593024694031062,0.4693496789679948,GCF_018135715.1,帝王蝶 (Danaus plexippus)
LOC133320660,LOC133320602,0.0519045853782676,0.112359208671495,0.4619522155057287,GCF_018135715.1,帝王蝶 (Danaus plexippus)
LOC133320660,LOC133320593,0.0519045853782676,0.112359208671495,0.4619522155057287,GCF_018135715.1,帝王蝶 (Danaus plexippus)
LOC133319765,LOC133319766,0.0900261949403149,0.1075826580928559,0.836809542878297,GCF_018135715.1,帝王蝶 (Danaus plexippus)
LOC133320249,LOC116772119,0.0757399783568475,0.3362289500884926,0.2252631081794516,GCF_018135715.1,帝王蝶 (Danaus plexippus)
LOC133319026,LOC116765933,0.0939349772372492,0.3309003308706841,0.283876951679323,GCF_018135715.1,帝王蝶 (Danaus plexippus)
LOC116769482,LOC133319158,0.0062893450322055,0.0221418294497412,0.2840481201646613,GCF_018135715.1,帝王蝶 (Danaus plexippus)
LOC133320457,LOC133320543,0.0,0.010033594459632,0.0,GCF_018135715.1,帝王蝶 (Danaus plexippus)
LOC133320457,LOC133320514,0.0,0.010033594459632,0.0,GCF_018135715.1,帝王蝶 (Danaus plexippus)
LOC133320457,LOC133320497,0.0,0.010033594459632,0.0,GCF_018135715.1,帝王蝶 (Danaus plexippus)
LOC133320457,LOC133320496,0.0,0.010033594459632,0.0,GCF_018135715.1,帝王蝶 (Danaus plexippus)
LOC133320457,LOC133320473,0.0,0.010033594459632,0.0,GCF_018135715.1,帝王蝶 (Danaus plexippus)
LOC116778062,LOC116778061,0.1556991438368438,0.4629818281263306,0.3362964470267703,GCF_018135715.1,帝王蝶 (Danaus plexippus)
LOC116776230,LOC116776225,0.0034802846673766,0.1121488004782228,0.0310327408990207,GCF_018135715.1,帝王蝶 (Danaus plexippus)
LOC116776230,LOC133319757,0.0104835719742549,0.0211654257316884,0.4953159037363069,GCF_018135715.1,帝王蝶 (Danaus plexippus)
LOC116772002,LOC116772001,0.0,0.0135750312327134,0.0,GCF_018135715.1,帝王蝶 (Danaus plexippus)
LOC116777904,LOC133320568,0.0138892858254281,0.0123969764634079,1.1203768811229935,GCF_018135715.1,帝王蝶 (Danaus plexippus)
LOC116777904,LOC133320560,0.0138892858254281,0.0123969764634079,1.1203768811229935,GCF_018135715.1,帝王蝶 (Danaus plexippus)
LOC116777904,LOC133320519,0.0138892858254281,0.0123969764634079,1.1203768811229935,GCF_018135715.1,帝王蝶 (Danaus plexippus)
LOC116777904,LOC133320518,0.0138892858254281,0.0123969764634079,1.1203768811229935,GCF_018135715.1,帝王蝶 (Danaus plexippus)
LOC133319526,LOC133319527,0.0033594681030345,0.0586235796370021,0.0573057483667221,GCF_018135715.1,帝王蝶 (Danaus plexippus)
LOC133319526,LOC116775954,0.0033594681030345,0.0586235796370021,0.0573057483667221,GCF_018135715.1,帝王蝶 (Danaus plexippus)
LOC133319526,LOC133319528,0.0033594681030345,0.0586235796370021,0.0573057483667221,GCF_018135715.1,帝王蝶 (Danaus plexippus)
LOC133319526,LOC133319506,0.0033594681030345,0.0834192263326683,0.0402721081305319,GCF_018135715.1,帝王蝶 (Danaus plexippus)
LOC116776225,LOC133319757,0.0140109153367981,0.0885003379452345,0.1583148229950075,GCF_018135715.1,帝王蝶 (Danaus plexippus)
LOC133319129,LOC133319130,0.0047543740828017,0.0517446536152135,0.0918814553897003,GCF_018135715.1,帝王蝶 (Danaus plexippus)
LOC133319005,LOC116766041,0.0099890488802109,0.1392878593463196,0.0717151439263241,GCF_018135715.1,帝王蝶 (Danaus plexippus)
LOC133319005,LOC116766021,0.0201129371333824,0.2372529961591178,0.0847742176452574,GCF_018135715.1,帝王蝶 (Danaus plexippus)
LOC133319005,LOC116766048,0.0167044767068423,0.1554840645731468,0.1074352973258158,GCF_018135715.1,帝王蝶 (Danaus plexippus)
LOC133319005,LOC133319004,0.020135437527141,0.2899918321130012,0.0694344988285561,GCF_018135715.1,帝王蝶 (Danaus plexippus)
LOC116766041,LOC116766021,0.0099890488802109,0.2031562156015498,0.0491692998446201,GCF_018135715.1,帝王蝶 (Danaus plexippus)
LOC116766041,LOC116766048,0.0066372114577368,0.2930109839429456,0.0226517496662488,GCF_018135715.1,帝王蝶 (Danaus plexippus)
LOC116766041,LOC133319004,0.0100001481520988,0.3282166648070219,0.0304681304283514,GCF_018135715.1,帝王蝶 (Danaus plexippus)
LOC116766048,LOC116766021,0.0167044767068423,0.2384414682311244,0.0700569277263907,GCF_018135715.1,帝王蝶 (Danaus plexippus)
LOC116766048,LOC133319004,0.0167231008541678,0.2372529961591177,0.0704863631857032,GCF_018135715.1,帝王蝶 (Danaus plexippus)
LOC116766021,LOC133319004,0.020135437527141,0.202172332401979,0.0995954158905668,GCF_018135715.1,帝王蝶 (Danaus plexippus)
LOC116766026,LOC133319006,0.0658241009765492,0.4769915750399975,0.1379984562013063,GCF_018135715.1,帝王蝶 (Danaus plexippus)
LOC116766026,LOC116766050,0.0646180705659165,0.5106578159760982,0.1265388848350478,GCF_018135715.1,帝王蝶 (Danaus plexippus)
LOC133319006,LOC116766021,0.0380907925299175,0.5969675058196249,0.0638071455457523,GCF_018135715.1,帝王蝶 (Danaus plexippus)
LOC133320485,LOC133320569,0.038564185978275,0.0618327519083059,0.6236854221766366,GCF_018135715.1,帝王蝶 (Danaus plexippus)
LOC133320485,LOC133320520,0.038564185978275,0.0618327519083059,0.6236854221766366,GCF_018135715.1,帝王蝶 (Danaus plexippus)
LOC133320485,LOC133320523,0.038564185978275,0.0618327519083059,0.6236854221766366,GCF_018135715.1,帝王蝶 (Danaus plexippus)
LOC133320485,LOC133320521,0.038564185978275,0.0618327519083059,0.6236854221766366,GCF_018135715.1,帝王蝶 (Danaus plexippus)
LOC133320478,LOC133320568,0.0,0.0123969764634079,0.0,GCF_018135715.1,帝王蝶 (Danaus plexippus)
LOC133320478,LOC133320560,0.0,0.0123969764634079,0.0,GCF_018135715.1,帝王蝶 (Danaus plexippus)
LOC133320478,LOC133320519,0.0,0.0123969764634079,0.0,GCF_018135715.1,帝王蝶 (Danaus plexippus)
LOC133320478,LOC133320518,0.0,0.0123969764634079,0.0,GCF_018135715.1,帝王蝶 (Danaus plexippus)
LOC133320478,LOC133320517,0.0,0.0123969764634079,0.0,GCF_018135715.1,帝王蝶 (Danaus plexippus)
LOC133320477,LOC133320568,0.0,0.0123969764634079,0.0,GCF_018135715.1,帝王蝶 (Danaus plexippus)
LOC133320477,LOC133320560,0.0,0.0123969764634079,0.0,GCF_018135715.1,帝王蝶 (Danaus plexippus)
LOC133320477,LOC133320519,0.0,0.0123969764634079,0.0,GCF_018135715.1,帝王蝶 (Danaus plexippus)
LOC133320477,LOC133320518,0.0,0.0123969764634079,0.0,GCF_018135715.1,帝王蝶 (Danaus plexippus)
LOC133320477,LOC133320517,0.0,0.0123969764634079,0.0,GCF_018135715.1,帝王蝶 (Danaus plexippus)
LOC133320488,LOC133320568,0.0,0.0250023152006938,0.0,GCF_018135715.1,帝王蝶 (Danaus plexippus)
LOC133320488,LOC133320560,0.0,0.0250023152006938,0.0,GCF_018135715.1,帝王蝶 (Danaus plexippus)
LOC133320488,LOC133320519,0.0,0.0250023152006938,0.0,GCF_018135715.1,帝王蝶 (Danaus plexippus)
LOC133320488,LOC133320518,0.0,0.0250023152006938,0.0,GCF_018135715.1,帝王蝶 (Danaus plexippus)
LOC133320488,LOC133320517,0.0,0.0250023152006938,0.0,GCF_018135715.1,帝王蝶 (Danaus plexippus)
LOC133320467,LOC133320568,0.0,0.0123969764634079,0.0,GCF_018135715.1,帝王蝶 (Danaus plexippus)
LOC133320467,LOC133320560,0.0,0.0123969764634079,0.0,GCF_018135715.1,帝王蝶 (Danaus plexippus)
LOC133320467,LOC133320519,0.0,0.0123969764634079,0.0,GCF_018135715.1,帝王蝶 (Danaus plexippus)
LOC133320467,LOC133320518,0.0,0.0123969764634079,0.0,GCF_018135715.1,帝王蝶 (Danaus plexippus)
LOC133320467,LOC133320517,0.0,0.0123969764634079,0.0,GCF_018135715.1,帝王蝶 (Danaus plexippus)
LOC133320468,LOC133320568,0.0,0.0250023152006938,0.0,GCF_018135715.1,帝王蝶 (Danaus plexippus)
LOC133320468,LOC133320560,0.0,0.0250023152006938,0.0,GCF_018135715.1,帝王蝶 (Danaus plexippus)
LOC133320468,LOC133320519,0.0,0.0250023152006938,0.0,GCF_018135715.1,帝王蝶 (Danaus plexippus)
LOC133320468,LOC133320518,0.0,0.0250023152006938,0.0,GCF_018135715.1,帝王蝶 (Danaus plexippus)
LOC133320468,LOC133320517,0.0,0.0250023152006938,0.0,GCF_018135715.1,帝王蝶 (Danaus plexippus)
LOC116777903,LOC133320485,0.0036231954522491,0.010909283251784,0.3321203940374966,GCF_018135715.1,帝王蝶 (Danaus plexippus)
LOC116777903,LOC133320569,0.0872669344267013,0.1457790713771686,0.5986245734884601,GCF_018135715.1,帝王蝶 (Danaus plexippus)
LOC116777903,LOC133320520,0.0872669344267013,0.1457790713771686,0.5986245734884601,GCF_018135715.1,帝王蝶 (Danaus plexippus)
LOC116777903,LOC133320523,0.0872669344267013,0.1457790713771686,0.5986245734884601,GCF_018135715.1,帝王蝶 (Danaus plexippus)
LOC116772062,LOC133320274,0.1993326141018981,0.7257177220784135,0.2746696243423973,GCF_018135715.1,帝王蝶 (Danaus plexippus)
LOC133320269,LOC133320275,0.0034129751729973,0.0550706014161129,0.0619745396860467,GCF_018135715.1,帝王蝶 (Danaus plexippus)
LOC133320269,LOC133320274,0.0034129751729973,0.0694941228620285,0.0491117094861872,GCF_018135715.1,帝王蝶 (Danaus plexippus)
LOC133320269,LOC133320282,0.0034129751729973,0.0694941228620285,0.0491117094861872,GCF_018135715.1,帝王蝶 (Danaus plexippus)
LOC133320269,LOC133320277,0.0034129751729973,0.0694941228620285,0.0491117094861872,GCF_018135715.1,帝王蝶 (Danaus plexippus)
LOC133320275,LOC133320274,0.0,0.0407339920153048,0.0,GCF_018135715.1,帝王蝶 (Danaus plexippus)
LOC133320275,LOC133320282,0.0,0.0407339920153048,0.0,GCF_018135715.1,帝王蝶 (Danaus plexippus)
LOC133320275,LOC133320277,0.0,0.0407339920153048,0.0,GCF_018135715.1,帝王蝶 (Danaus plexippus)
LOC133320275,LOC133320273,0.0,0.0989668835968826,0.0,GCF_018135715.1,帝王蝶 (Danaus plexippus)
LOC133320274,LOC133320282,0.0,0.0269087157486763,0.0,GCF_018135715.1,帝王蝶 (Danaus plexippus)
LOC133320274,LOC133320277,0.0,0.0269087157486763,0.0,GCF_018135715.1,帝王蝶 (Danaus plexippus)
LOC133320274,LOC133320273,0.0,0.0840037937823711,0.0,GCF_018135715.1,帝王蝶 (Danaus plexippus)
LOC116772063,LOC133320275,0.0068454553947589,0.0133633824875953,0.5122546930848759,GCF_018135715.1,帝王蝶 (Danaus plexippus)
LOC116772063,LOC133320274,0.0068454553947589,0.0269691977905828,0.25382495422794,GCF_018135715.1,帝王蝶 (Danaus plexippus)
LOC116772063,LOC133320282,0.0068454553947589,0.0269691977905828,0.25382495422794,GCF_018135715.1,帝王蝶 (Danaus plexippus)
LOC116772063,LOC133320277,0.0068454553947589,0.0269691977905828,0.25382495422794,GCF_018135715.1,帝王蝶 (Danaus plexippus)
LOC133320282,LOC133320273,0.0,0.0840037937823711,0.0,GCF_018135715.1,帝王蝶 (Danaus plexippus)
LOC133320277,LOC133320273,0.0,0.0840037937823711,0.0,GCF_018135715.1,帝王蝶 (Danaus plexippus)
LOC133320284,LOC133320276,0.0526223953970291,0.0860130038580102,0.6117958103625574,GCF_018135715.1,帝王蝶 (Danaus plexippus)
LOC133320284,LOC133320269,0.050896716837499,0.0779001475507822,0.6533584137863159,GCF_018135715.1,帝王蝶 (Danaus plexippus)
LOC133320284,LOC133320275,0.0546015683636488,0.0775337658403763,0.7042295414369605,GCF_018135715.1,帝王蝶 (Danaus plexippus)
LOC133320284,LOC133320274,0.0546015683636488,0.062827412299094,0.8690723740731914,GCF_018135715.1,帝王蝶 (Danaus plexippus)
LOC133320276,LOC133320269,0.0137068349540525,0.0703090568782304,0.1949511992145153,GCF_018135715.1,帝王蝶 (Danaus plexippus)
LOC133320276,LOC133320275,0.0171927299264527,0.0699807987745893,0.2456778177372783,GCF_018135715.1,帝王蝶 (Danaus plexippus)
LOC133320276,LOC133320274,0.0171927299264527,0.0847960953267638,0.2027537926150976,GCF_018135715.1,帝王蝶 (Danaus plexippus)
LOC133320276,LOC133320282,0.0171927299264527,0.0847960953267638,0.2027537926150976,GCF_018135715.1,帝王蝶 (Danaus plexippus)
LOC133318753,LOC116770607,0.0036832486549704,0.0438882051733136,0.0839234286393203,GCF_018135715.1,帝王蝶 (Danaus plexippus)
LOC133318753,LOC116770609,0.0148611673402947,0.0901647225461821,0.1648224152487456,GCF_018135715.1,帝王蝶 (Danaus plexippus)
LOC133318753,LOC116770606,0.0073801333511334,0.0669589383288945,0.1102187928202067,GCF_018135715.1,帝王蝶 (Danaus plexippus)
LOC133318753,LOC116770943,0.0186229307124202,0.1022374178278132,0.1821537662833457,GCF_018135715.1,帝王蝶 (Danaus plexippus)
LOC116770609,LOC116770607,0.0111113143388555,0.1147270085860703,0.0968500310066012,GCF_018135715.1,帝王蝶 (Danaus plexippus)
LOC116770609,LOC116770943,0.0036900443440873,0.0106763368664039,0.3456283171149322,GCF_018135715.1,帝王蝶 (Danaus plexippus)
LOC116770609,LOC116770606,0.0148427849803128,0.1402127778530948,0.1058590037768458,GCF_018135715.1,帝王蝶 (Danaus plexippus)
LOC116770606,LOC116770607,0.0036787320842369,0.0440493552482977,0.0835138690112634,GCF_018135715.1,帝王蝶 (Danaus plexippus)
LOC116770606,LOC116770943,0.0185998372953124,0.153172063559359,0.1214310029067697,GCF_018135715.1,帝王蝶 (Danaus plexippus)
LOC116770607,LOC116770943,0.0148519704721348,0.1272272979499791,0.1167357219043827,GCF_018135715.1,帝王蝶 (Danaus plexippus)
LOC116770605,LOC116770607,0.0148152965521744,0.1410391736272048,0.1050438411624152,GCF_018135715.1,帝王蝶 (Danaus plexippus)
LOC116770605,LOC116770609,0.0261545805105965,0.1666907003469942,0.156904857056521,GCF_018135715.1,帝王蝶 (Danaus plexippus)
LOC116770605,LOC116770606,0.0185538218670919,0.1158366568081379,0.160172283785977,GCF_018135715.1,帝王蝶 (Danaus plexippus)
LOC116770605,LOC133318753,0.0185768010843066,0.1279691377730726,0.1451662596746478,GCF_018135715.1,帝王蝶 (Danaus plexippus)
LOC116770944,LOC116770607,0.0110771244344444,0.103414012554382,0.1071143470873388,GCF_018135715.1,帝王蝶 (Danaus plexippus)
LOC116770944,LOC116770609,0.0223480221037085,0.1030188120358682,0.2169314677782109,GCF_018135715.1,帝王蝶 (Danaus plexippus)
LOC116770944,LOC116770606,0.0147970274297308,0.1036127538606129,0.1428108691101563,GCF_018135715.1,帝王蝶 (Danaus plexippus)
LOC116770944,LOC133318753,0.0148152965521744,0.1032160334070357,0.143536774889903,GCF_018135715.1,帝王蝶 (Danaus plexippus)
LOC133320544,LOC133320568,0.0106826731855517,0.0125789112103711,0.8492526107302555,GCF_018135715.1,帝王蝶 (Danaus plexippus)
LOC133320544,LOC133320560,0.0106826731855517,0.0125789112103711,0.8492526107302555,GCF_018135715.1,帝王蝶 (Danaus plexippus)
LOC133320544,LOC133320519,0.0106826731855517,0.0125789112103711,0.8492526107302555,GCF_018135715.1,帝王蝶 (Danaus plexippus)
LOC133320544,LOC133320518,0.0106826731855517,0.0125789112103711,0.8492526107302555,GCF_018135715.1,帝王蝶 (Danaus plexippus)
LOC133320369,LOC116772994,0.0,0.0125525942666428,0.0,GCF_018135715.1,帝王蝶 (Danaus plexippus)
LOC116770667,LOC133318760,0.0035294182780594,0.0138252762666285,0.2552873599046104,GCF_018135715.1,帝王蝶 (Danaus plexippus)
LOC116775080,LOC116775081,0.1860998170774117,0.5178306142216517,0.3593835744090513,GCF_018135715.1,帝王蝶 (Danaus plexippus)
LOC133319243,LOC116766470,0.1820904336215099,0.7179548789812877,0.2536237846588348,GCF_018135715.1,帝王蝶 (Danaus plexippus)
LOC133320873,LOC116778985,0.0,0.0398323689854613,0.0,GCF_018135715.1,帝王蝶 (Danaus plexippus)
LOC116775052,LOC133318880,0.0,0.0270299523623976,0.0,GCF_018135715.1,帝王蝶 (Danaus plexippus)
LOC133318713,LOC116765487,0.01156092255089,0.0125263872134486,0.9229255294358129,GCF_018135715.1,帝王蝶 (Danaus plexippus)
LOC133318713,LOC133319045,0.0272226902341137,0.0125789112103711,2.1641531432123418,GCF_018135715.1,帝王蝶 (Danaus plexippus)
LOC116765487,LOC116765484,0.0193060852876102,0.0126585283405138,1.5251445324667687,GCF_018135715.1,帝王蝶 (Danaus plexippus)
LOC116765487,LOC116765485,0.0232276628497096,0.0126585283405138,1.834941805625952,GCF_018135715.1,帝王蝶 (Danaus plexippus)
LOC116765487,LOC133319045,0.0311733183159378,0.025426163756761,1.2260330978025995,GCF_018135715.1,帝王蝶 (Danaus plexippus)
LOC116765484,LOC133319045,0.0390713339125514,0.0127121687353299,3.0735380190449835,GCF_018135715.1,帝王蝶 (Danaus plexippus)
LOC116765485,LOC133319045,0.0153851548748272,0.0127121687353299,1.210269875671847,GCF_018135715.1,帝王蝶 (Danaus plexippus)
LOC133319045,LOC133319043,0.0,0.0126585283405138,0.0,GCF_018135715.1,帝王蝶 (Danaus plexippus)
LOC133319043,LOC116765487,0.0311733183159378,0.0126053387372858,2.47302503848857,GCF_018135715.1,帝王蝶 (Danaus plexippus)
LOC116765488,LOC133319045,0.2305503163494271,0.6383156535475446,0.3611854339903865,GCF_018135715.1,帝王蝶 (Danaus plexippus)
LOC116765488,LOC133319043,0.2305503163494271,0.6688283360248772,0.3447077582263975,GCF_018135715.1,帝王蝶 (Danaus plexippus)
LOC116765488,LOC133318713,0.2224942378265245,0.6222018033565847,0.357591759821713,GCF_018135715.1,帝王蝶 (Danaus plexippus)
LOC116765488,LOC116765485,0.2405784219441729,0.6426299381403047,0.3743654126049254,GCF_018135715.1,帝王蝶 (Danaus plexippus)
LOC133318886,LOC116776305,0.1902089695849831,0.2139119849674404,0.8891926724626247,GCF_018135715.1,帝王蝶 (Danaus plexippus)
LOC116779083,LOC133320863,0.0038022895126879,0.0528853382457435,0.0718968553253791,GCF_018135715.1,帝王蝶 (Danaus plexippus)
LOC133320663,LOC116778225,0.0038986442563974,0.0144582790694273,0.269647877017491,GCF_018135715.1,帝王蝶 (Danaus plexippus)
LOC116767143,LOC116766909,0.0699659508176678,0.1913871787941197,0.365572820804951,GCF_018135715.1,帝王蝶 (Danaus plexippus)
LOC116767143,LOC116766858,0.0872705541194588,0.3350401663613632,0.2604778855838188,GCF_018135715.1,帝王蝶 (Danaus plexippus)
LOC116766909,LOC116766858,0.1014474960102519,0.3283503665633254,0.3089611169679839,GCF_018135715.1,帝王蝶 (Danaus plexippus)
LOC133320664,LOC116778468,0.0080700173354902,0.1271921872341821,0.063447429523576,GCF_018135715.1,帝王蝶 (Danaus plexippus)
LOC133320489,LOC133320501,0.0,0.0125525942666428,0.0,GCF_018135715.1,帝王蝶 (Danaus plexippus)
LOC133320489,LOC133320538,0.0,0.0125525942666428,0.0,GCF_018135715.1,帝王蝶 (Danaus plexippus)
LOC133320489,LOC116777905,0.0,0.0125525942666428,0.0,GCF_018135715.1,帝王蝶 (Danaus plexippus)
LOC133320489,LOC133320480,0.0,0.0125525942666428,0.0,GCF_018135715.1,帝王蝶 (Danaus plexippus)
LOC133320489,LOC133320479,0.0,0.0125525942666428,0.0,GCF_018135715.1,帝王蝶 (Danaus plexippus)
LOC133320490,LOC133320501,0.0,0.0125525942666428,0.0,GCF_018135715.1,帝王蝶 (Danaus plexippus)
LOC133320490,LOC133320538,0.0,0.0125525942666428,0.0,GCF_018135715.1,帝王蝶 (Danaus plexippus)
LOC133320490,LOC116777905,0.0,0.0125525942666428,0.0,GCF_018135715.1,帝王蝶 (Danaus plexippus)
LOC133320490,LOC133320480,0.0,0.0125525942666428,0.0,GCF_018135715.1,帝王蝶 (Danaus plexippus)
LOC133320490,LOC133320479,0.0,0.0125525942666428,0.0,GCF_018135715.1,帝王蝶 (Danaus plexippus)
LOC133320470,LOC133320501,0.0,0.0125525942666428,0.0,GCF_018135715.1,帝王蝶 (Danaus plexippus)
LOC133320470,LOC133320538,0.0,0.0125525942666428,0.0,GCF_018135715.1,帝王蝶 (Danaus plexippus)
LOC133320470,LOC116777905,0.0,0.0125525942666428,0.0,GCF_018135715.1,帝王蝶 (Danaus plexippus)
LOC133320470,LOC133320480,0.0,0.0125525942666428,0.0,GCF_018135715.1,帝王蝶 (Danaus plexippus)
LOC133320470,LOC133320479,0.0,0.0125525942666428,0.0,GCF_018135715.1,帝王蝶 (Danaus plexippus)
LOC133319758,LOC116776231,0.0,0.142269048679191,0.0,GCF_018135715.1,帝王蝶 (Danaus plexippus)
LOC133319749,LOC116775648,0.0264344542962561,0.0603340239140543,0.4381351115236726,GCF_018135715.1,帝王蝶 (Danaus plexippus)
LOC116773776,LOC116773084,0.1133373633585634,0.5739003736500017,0.1974861292348335,GCF_018135715.1,帝王蝶 (Danaus plexippus)
LOC133319447,LOC116774069,0.0,0.0324374878453624,0.0,GCF_018135715.1,帝王蝶 (Danaus plexippus)
